ISO-10303-21;
HEADER;
/* Generated by software containing ST-Developer
 * from STEP Tools, Inc. (www.steptools.com) 
 */

FILE_DESCRIPTION(
/* description */ (''),
/* implementation_level */ '2;1');

FILE_NAME(
/* name */ 'PICOTTY-ENCLOSURE.step',
/* time_stamp */ '2026-08-01T14:40:25+05:30',
/* author */ (''),
/* organization */ (''),
/* preprocessor_version */ 'ST-DEVELOPER v20.1',
/* originating_system */ 'Autodesk Translation Framework v15.8.0.0',
/* authorisation */ '');

FILE_SCHEMA (('AUTOMOTIVE_DESIGN { 1 0 10303 214 3 1 1 }'));
ENDSEC;

DATA;
#10=MECHANICAL_DESIGN_GEOMETRIC_PRESENTATION_REPRESENTATION('',(#31,#32),
#9339);
#11=SHAPE_REPRESENTATION_RELATIONSHIP('SRR','None',#9346,#12);
#12=ADVANCED_BREP_SHAPE_REPRESENTATION('',(#33,#34),#9338);
#13=B_SPLINE_CURVE_WITH_KNOTS('',3,(#7979,#7980,#7981,#7982,#7983),
 .UNSPECIFIED.,.F.,.F.,(4,1,4),(-0.199999988079071,-0.050000011920929,0.),
 .UNSPECIFIED.);
#14=B_SPLINE_CURVE_WITH_KNOTS('',3,(#7987,#7988,#7989,#7990,#7991),
 .UNSPECIFIED.,.F.,.F.,(4,1,4),(-0.199999988079071,-0.050000011920929,0.),
 .UNSPECIFIED.);
#15=B_SPLINE_CURVE_WITH_KNOTS('',3,(#8008,#8009,#8010,#8011,#8012),
 .UNSPECIFIED.,.F.,.F.,(4,1,4),(-0.599999964237213,-0.149999976158142,0.),
 .UNSPECIFIED.);
#16=B_SPLINE_CURVE_WITH_KNOTS('',3,(#8038,#8039,#8040,#8041,#8042),
 .UNSPECIFIED.,.F.,.F.,(4,1,4),(-0.199999988079071,-0.050000011920929,0.),
 .UNSPECIFIED.);
#17=B_SPLINE_CURVE_WITH_KNOTS('',3,(#8046,#8047,#8048,#8049,#8050),
 .UNSPECIFIED.,.F.,.F.,(4,1,4),(-0.199999988079071,-0.050000011920929,0.),
 .UNSPECIFIED.);
#18=B_SPLINE_CURVE_WITH_KNOTS('',3,(#8055,#8056,#8057,#8058,#8059),
 .UNSPECIFIED.,.F.,.F.,(4,1,4),(-0.199999988079071,-0.050000011920929,0.),
 .UNSPECIFIED.);
#19=B_SPLINE_CURVE_WITH_KNOTS('',3,(#8062,#8063,#8064,#8065,#8066),
 .UNSPECIFIED.,.F.,.F.,(4,1,4),(-0.199999988079071,-0.050000011920929,0.),
 .UNSPECIFIED.);
#20=B_SPLINE_CURVE_WITH_KNOTS('',3,(#8096,#8097,#8098,#8099,#8100),
 .UNSPECIFIED.,.F.,.F.,(4,1,4),(-0.199999988079071,-0.050000011920929,0.),
 .UNSPECIFIED.);
#21=B_SPLINE_CURVE_WITH_KNOTS('',3,(#8103,#8104,#8105,#8106,#8107),
 .UNSPECIFIED.,.F.,.F.,(4,1,4),(-0.199999988079071,-0.050000011920929,0.),
 .UNSPECIFIED.);
#22=B_SPLINE_CURVE_WITH_KNOTS('',3,(#8112,#8113,#8114,#8115,#8116),
 .UNSPECIFIED.,.F.,.F.,(4,1,4),(-0.199999988079071,-0.050000011920929,0.),
 .UNSPECIFIED.);
#23=B_SPLINE_CURVE_WITH_KNOTS('',3,(#8119,#8120,#8121,#8122,#8123),
 .UNSPECIFIED.,.F.,.F.,(4,1,4),(-0.199999988079071,-0.050000011920929,0.),
 .UNSPECIFIED.);
#24=B_SPLINE_CURVE_WITH_KNOTS('',3,(#8152,#8153,#8154,#8155,#8156),
 .UNSPECIFIED.,.F.,.F.,(4,1,4),(-0.599999964237213,-0.149999976158142,0.),
 .UNSPECIFIED.);
#25=B_SPLINE_CURVE_WITH_KNOTS('',3,(#8160,#8161,#8162,#8163,#8164),
 .UNSPECIFIED.,.F.,.F.,(4,1,4),(-0.599999964237213,-0.149999976158142,0.),
 .UNSPECIFIED.);
#26=B_SPLINE_CURVE_WITH_KNOTS('',3,(#8178,#8179,#8180,#8181,#8182),
 .UNSPECIFIED.,.F.,.F.,(4,1,4),(-0.599999964237213,-0.149999976158142,0.),
 .UNSPECIFIED.);
#27=B_SPLINE_CURVE_WITH_KNOTS('',3,(#8184,#8185,#8186,#8187,#8188),
 .UNSPECIFIED.,.F.,.F.,(4,1,4),(-0.599999964237213,-0.149999976158142,0.),
 .UNSPECIFIED.);
#28=B_SPLINE_CURVE_WITH_KNOTS('',3,(#8194,#8195,#8196,#8197,#8198),
 .UNSPECIFIED.,.F.,.F.,(4,1,4),(-0.599999964237213,-0.149999976158142,0.),
 .UNSPECIFIED.);
#29=B_SPLINE_CURVE_WITH_KNOTS('',3,(#8201,#8202,#8203,#8204,#8205),
 .UNSPECIFIED.,.F.,.F.,(4,1,4),(-0.599999964237213,-0.149999976158142,0.),
 .UNSPECIFIED.);
#30=B_SPLINE_CURVE_WITH_KNOTS('',3,(#8251,#8252,#8253,#8254,#8255),
 .UNSPECIFIED.,.F.,.F.,(4,1,4),(-1.,-0.25,0.),.UNSPECIFIED.);
#31=STYLED_ITEM('',(#9356),#33);
#32=STYLED_ITEM('',(#9356),#34);
#33=MANIFOLD_SOLID_BREP('Front Side',#5884);
#34=MANIFOLD_SOLID_BREP('Enclosure Body',#5885);
#35=FACE_BOUND('',#393,.T.);
#36=FACE_BOUND('',#394,.T.);
#37=FACE_BOUND('',#395,.T.);
#38=FACE_BOUND('',#396,.T.);
#39=FACE_BOUND('',#414,.T.);
#40=FACE_BOUND('',#415,.T.);
#41=FACE_BOUND('',#416,.T.);
#42=FACE_BOUND('',#417,.T.);
#43=FACE_BOUND('',#479,.T.);
#44=FACE_BOUND('',#480,.T.);
#45=FACE_BOUND('',#481,.T.);
#46=FACE_BOUND('',#482,.T.);
#47=FACE_BOUND('',#671,.T.);
#48=FACE_BOUND('',#672,.T.);
#49=FACE_BOUND('',#673,.T.);
#50=FACE_BOUND('',#674,.T.);
#51=FACE_BOUND('',#675,.T.);
#52=FACE_BOUND('',#676,.T.);
#53=FACE_BOUND('',#677,.T.);
#54=FACE_BOUND('',#678,.T.);
#55=FACE_BOUND('',#689,.T.);
#56=FACE_BOUND('',#690,.T.);
#57=FACE_BOUND('',#691,.T.);
#58=FACE_BOUND('',#692,.T.);
#59=FACE_OUTER_BOUND('',#368,.T.);
#60=FACE_OUTER_BOUND('',#369,.T.);
#61=FACE_OUTER_BOUND('',#370,.T.);
#62=FACE_OUTER_BOUND('',#371,.T.);
#63=FACE_OUTER_BOUND('',#372,.T.);
#64=FACE_OUTER_BOUND('',#373,.T.);
#65=FACE_OUTER_BOUND('',#374,.T.);
#66=FACE_OUTER_BOUND('',#375,.T.);
#67=FACE_OUTER_BOUND('',#376,.T.);
#68=FACE_OUTER_BOUND('',#377,.T.);
#69=FACE_OUTER_BOUND('',#378,.T.);
#70=FACE_OUTER_BOUND('',#379,.T.);
#71=FACE_OUTER_BOUND('',#380,.T.);
#72=FACE_OUTER_BOUND('',#381,.T.);
#73=FACE_OUTER_BOUND('',#382,.T.);
#74=FACE_OUTER_BOUND('',#383,.T.);
#75=FACE_OUTER_BOUND('',#384,.T.);
#76=FACE_OUTER_BOUND('',#385,.T.);
#77=FACE_OUTER_BOUND('',#386,.T.);
#78=FACE_OUTER_BOUND('',#387,.T.);
#79=FACE_OUTER_BOUND('',#388,.T.);
#80=FACE_OUTER_BOUND('',#389,.T.);
#81=FACE_OUTER_BOUND('',#390,.T.);
#82=FACE_OUTER_BOUND('',#391,.T.);
#83=FACE_OUTER_BOUND('',#392,.T.);
#84=FACE_OUTER_BOUND('',#397,.T.);
#85=FACE_OUTER_BOUND('',#398,.T.);
#86=FACE_OUTER_BOUND('',#399,.T.);
#87=FACE_OUTER_BOUND('',#400,.T.);
#88=FACE_OUTER_BOUND('',#401,.T.);
#89=FACE_OUTER_BOUND('',#402,.T.);
#90=FACE_OUTER_BOUND('',#403,.T.);
#91=FACE_OUTER_BOUND('',#404,.T.);
#92=FACE_OUTER_BOUND('',#405,.T.);
#93=FACE_OUTER_BOUND('',#406,.T.);
#94=FACE_OUTER_BOUND('',#407,.T.);
#95=FACE_OUTER_BOUND('',#408,.T.);
#96=FACE_OUTER_BOUND('',#409,.T.);
#97=FACE_OUTER_BOUND('',#410,.T.);
#98=FACE_OUTER_BOUND('',#411,.T.);
#99=FACE_OUTER_BOUND('',#412,.T.);
#100=FACE_OUTER_BOUND('',#413,.T.);
#101=FACE_OUTER_BOUND('',#418,.T.);
#102=FACE_OUTER_BOUND('',#419,.T.);
#103=FACE_OUTER_BOUND('',#420,.T.);
#104=FACE_OUTER_BOUND('',#421,.T.);
#105=FACE_OUTER_BOUND('',#422,.T.);
#106=FACE_OUTER_BOUND('',#423,.T.);
#107=FACE_OUTER_BOUND('',#424,.T.);
#108=FACE_OUTER_BOUND('',#425,.T.);
#109=FACE_OUTER_BOUND('',#426,.T.);
#110=FACE_OUTER_BOUND('',#427,.T.);
#111=FACE_OUTER_BOUND('',#428,.T.);
#112=FACE_OUTER_BOUND('',#429,.T.);
#113=FACE_OUTER_BOUND('',#430,.T.);
#114=FACE_OUTER_BOUND('',#431,.T.);
#115=FACE_OUTER_BOUND('',#432,.T.);
#116=FACE_OUTER_BOUND('',#433,.T.);
#117=FACE_OUTER_BOUND('',#434,.T.);
#118=FACE_OUTER_BOUND('',#435,.T.);
#119=FACE_OUTER_BOUND('',#436,.T.);
#120=FACE_OUTER_BOUND('',#437,.T.);
#121=FACE_OUTER_BOUND('',#438,.T.);
#122=FACE_OUTER_BOUND('',#439,.T.);
#123=FACE_OUTER_BOUND('',#440,.T.);
#124=FACE_OUTER_BOUND('',#441,.T.);
#125=FACE_OUTER_BOUND('',#442,.T.);
#126=FACE_OUTER_BOUND('',#443,.T.);
#127=FACE_OUTER_BOUND('',#444,.T.);
#128=FACE_OUTER_BOUND('',#445,.T.);
#129=FACE_OUTER_BOUND('',#446,.T.);
#130=FACE_OUTER_BOUND('',#447,.T.);
#131=FACE_OUTER_BOUND('',#448,.T.);
#132=FACE_OUTER_BOUND('',#449,.T.);
#133=FACE_OUTER_BOUND('',#450,.T.);
#134=FACE_OUTER_BOUND('',#451,.T.);
#135=FACE_OUTER_BOUND('',#452,.T.);
#136=FACE_OUTER_BOUND('',#453,.T.);
#137=FACE_OUTER_BOUND('',#454,.T.);
#138=FACE_OUTER_BOUND('',#455,.T.);
#139=FACE_OUTER_BOUND('',#456,.T.);
#140=FACE_OUTER_BOUND('',#457,.T.);
#141=FACE_OUTER_BOUND('',#458,.T.);
#142=FACE_OUTER_BOUND('',#459,.T.);
#143=FACE_OUTER_BOUND('',#460,.T.);
#144=FACE_OUTER_BOUND('',#461,.T.);
#145=FACE_OUTER_BOUND('',#462,.T.);
#146=FACE_OUTER_BOUND('',#463,.T.);
#147=FACE_OUTER_BOUND('',#464,.T.);
#148=FACE_OUTER_BOUND('',#465,.T.);
#149=FACE_OUTER_BOUND('',#466,.T.);
#150=FACE_OUTER_BOUND('',#467,.T.);
#151=FACE_OUTER_BOUND('',#468,.T.);
#152=FACE_OUTER_BOUND('',#469,.T.);
#153=FACE_OUTER_BOUND('',#470,.T.);
#154=FACE_OUTER_BOUND('',#471,.T.);
#155=FACE_OUTER_BOUND('',#472,.T.);
#156=FACE_OUTER_BOUND('',#473,.T.);
#157=FACE_OUTER_BOUND('',#474,.T.);
#158=FACE_OUTER_BOUND('',#475,.T.);
#159=FACE_OUTER_BOUND('',#476,.T.);
#160=FACE_OUTER_BOUND('',#477,.T.);
#161=FACE_OUTER_BOUND('',#478,.T.);
#162=FACE_OUTER_BOUND('',#483,.T.);
#163=FACE_OUTER_BOUND('',#484,.T.);
#164=FACE_OUTER_BOUND('',#485,.T.);
#165=FACE_OUTER_BOUND('',#486,.T.);
#166=FACE_OUTER_BOUND('',#487,.T.);
#167=FACE_OUTER_BOUND('',#488,.T.);
#168=FACE_OUTER_BOUND('',#489,.T.);
#169=FACE_OUTER_BOUND('',#490,.T.);
#170=FACE_OUTER_BOUND('',#491,.T.);
#171=FACE_OUTER_BOUND('',#492,.T.);
#172=FACE_OUTER_BOUND('',#493,.T.);
#173=FACE_OUTER_BOUND('',#494,.T.);
#174=FACE_OUTER_BOUND('',#495,.T.);
#175=FACE_OUTER_BOUND('',#496,.T.);
#176=FACE_OUTER_BOUND('',#497,.T.);
#177=FACE_OUTER_BOUND('',#498,.T.);
#178=FACE_OUTER_BOUND('',#499,.T.);
#179=FACE_OUTER_BOUND('',#500,.T.);
#180=FACE_OUTER_BOUND('',#501,.T.);
#181=FACE_OUTER_BOUND('',#502,.T.);
#182=FACE_OUTER_BOUND('',#503,.T.);
#183=FACE_OUTER_BOUND('',#504,.T.);
#184=FACE_OUTER_BOUND('',#505,.T.);
#185=FACE_OUTER_BOUND('',#506,.T.);
#186=FACE_OUTER_BOUND('',#507,.T.);
#187=FACE_OUTER_BOUND('',#508,.T.);
#188=FACE_OUTER_BOUND('',#509,.T.);
#189=FACE_OUTER_BOUND('',#510,.T.);
#190=FACE_OUTER_BOUND('',#511,.T.);
#191=FACE_OUTER_BOUND('',#512,.T.);
#192=FACE_OUTER_BOUND('',#513,.T.);
#193=FACE_OUTER_BOUND('',#514,.T.);
#194=FACE_OUTER_BOUND('',#515,.T.);
#195=FACE_OUTER_BOUND('',#516,.T.);
#196=FACE_OUTER_BOUND('',#517,.T.);
#197=FACE_OUTER_BOUND('',#518,.T.);
#198=FACE_OUTER_BOUND('',#519,.T.);
#199=FACE_OUTER_BOUND('',#520,.T.);
#200=FACE_OUTER_BOUND('',#521,.T.);
#201=FACE_OUTER_BOUND('',#522,.T.);
#202=FACE_OUTER_BOUND('',#523,.T.);
#203=FACE_OUTER_BOUND('',#524,.T.);
#204=FACE_OUTER_BOUND('',#525,.T.);
#205=FACE_OUTER_BOUND('',#526,.T.);
#206=FACE_OUTER_BOUND('',#527,.T.);
#207=FACE_OUTER_BOUND('',#528,.T.);
#208=FACE_OUTER_BOUND('',#529,.T.);
#209=FACE_OUTER_BOUND('',#530,.T.);
#210=FACE_OUTER_BOUND('',#531,.T.);
#211=FACE_OUTER_BOUND('',#532,.T.);
#212=FACE_OUTER_BOUND('',#533,.T.);
#213=FACE_OUTER_BOUND('',#534,.T.);
#214=FACE_OUTER_BOUND('',#535,.T.);
#215=FACE_OUTER_BOUND('',#536,.T.);
#216=FACE_OUTER_BOUND('',#537,.T.);
#217=FACE_OUTER_BOUND('',#538,.T.);
#218=FACE_OUTER_BOUND('',#539,.T.);
#219=FACE_OUTER_BOUND('',#540,.T.);
#220=FACE_OUTER_BOUND('',#541,.T.);
#221=FACE_OUTER_BOUND('',#542,.T.);
#222=FACE_OUTER_BOUND('',#543,.T.);
#223=FACE_OUTER_BOUND('',#544,.T.);
#224=FACE_OUTER_BOUND('',#545,.T.);
#225=FACE_OUTER_BOUND('',#546,.T.);
#226=FACE_OUTER_BOUND('',#547,.T.);
#227=FACE_OUTER_BOUND('',#548,.T.);
#228=FACE_OUTER_BOUND('',#549,.T.);
#229=FACE_OUTER_BOUND('',#550,.T.);
#230=FACE_OUTER_BOUND('',#551,.T.);
#231=FACE_OUTER_BOUND('',#552,.T.);
#232=FACE_OUTER_BOUND('',#553,.T.);
#233=FACE_OUTER_BOUND('',#554,.T.);
#234=FACE_OUTER_BOUND('',#555,.T.);
#235=FACE_OUTER_BOUND('',#556,.T.);
#236=FACE_OUTER_BOUND('',#557,.T.);
#237=FACE_OUTER_BOUND('',#558,.T.);
#238=FACE_OUTER_BOUND('',#559,.T.);
#239=FACE_OUTER_BOUND('',#560,.T.);
#240=FACE_OUTER_BOUND('',#561,.T.);
#241=FACE_OUTER_BOUND('',#562,.T.);
#242=FACE_OUTER_BOUND('',#563,.T.);
#243=FACE_OUTER_BOUND('',#564,.T.);
#244=FACE_OUTER_BOUND('',#565,.T.);
#245=FACE_OUTER_BOUND('',#566,.T.);
#246=FACE_OUTER_BOUND('',#567,.T.);
#247=FACE_OUTER_BOUND('',#568,.T.);
#248=FACE_OUTER_BOUND('',#569,.T.);
#249=FACE_OUTER_BOUND('',#570,.T.);
#250=FACE_OUTER_BOUND('',#571,.T.);
#251=FACE_OUTER_BOUND('',#572,.T.);
#252=FACE_OUTER_BOUND('',#573,.T.);
#253=FACE_OUTER_BOUND('',#574,.T.);
#254=FACE_OUTER_BOUND('',#575,.T.);
#255=FACE_OUTER_BOUND('',#576,.T.);
#256=FACE_OUTER_BOUND('',#577,.T.);
#257=FACE_OUTER_BOUND('',#578,.T.);
#258=FACE_OUTER_BOUND('',#579,.T.);
#259=FACE_OUTER_BOUND('',#580,.T.);
#260=FACE_OUTER_BOUND('',#581,.T.);
#261=FACE_OUTER_BOUND('',#582,.T.);
#262=FACE_OUTER_BOUND('',#583,.T.);
#263=FACE_OUTER_BOUND('',#584,.T.);
#264=FACE_OUTER_BOUND('',#585,.T.);
#265=FACE_OUTER_BOUND('',#586,.T.);
#266=FACE_OUTER_BOUND('',#587,.T.);
#267=FACE_OUTER_BOUND('',#588,.T.);
#268=FACE_OUTER_BOUND('',#589,.T.);
#269=FACE_OUTER_BOUND('',#590,.T.);
#270=FACE_OUTER_BOUND('',#591,.T.);
#271=FACE_OUTER_BOUND('',#592,.T.);
#272=FACE_OUTER_BOUND('',#593,.T.);
#273=FACE_OUTER_BOUND('',#594,.T.);
#274=FACE_OUTER_BOUND('',#595,.T.);
#275=FACE_OUTER_BOUND('',#596,.T.);
#276=FACE_OUTER_BOUND('',#597,.T.);
#277=FACE_OUTER_BOUND('',#598,.T.);
#278=FACE_OUTER_BOUND('',#599,.T.);
#279=FACE_OUTER_BOUND('',#600,.T.);
#280=FACE_OUTER_BOUND('',#601,.T.);
#281=FACE_OUTER_BOUND('',#602,.T.);
#282=FACE_OUTER_BOUND('',#603,.T.);
#283=FACE_OUTER_BOUND('',#604,.T.);
#284=FACE_OUTER_BOUND('',#605,.T.);
#285=FACE_OUTER_BOUND('',#606,.T.);
#286=FACE_OUTER_BOUND('',#607,.T.);
#287=FACE_OUTER_BOUND('',#608,.T.);
#288=FACE_OUTER_BOUND('',#609,.T.);
#289=FACE_OUTER_BOUND('',#610,.T.);
#290=FACE_OUTER_BOUND('',#611,.T.);
#291=FACE_OUTER_BOUND('',#612,.T.);
#292=FACE_OUTER_BOUND('',#613,.T.);
#293=FACE_OUTER_BOUND('',#614,.T.);
#294=FACE_OUTER_BOUND('',#615,.T.);
#295=FACE_OUTER_BOUND('',#616,.T.);
#296=FACE_OUTER_BOUND('',#617,.T.);
#297=FACE_OUTER_BOUND('',#618,.T.);
#298=FACE_OUTER_BOUND('',#619,.T.);
#299=FACE_OUTER_BOUND('',#620,.T.);
#300=FACE_OUTER_BOUND('',#621,.T.);
#301=FACE_OUTER_BOUND('',#622,.T.);
#302=FACE_OUTER_BOUND('',#623,.T.);
#303=FACE_OUTER_BOUND('',#624,.T.);
#304=FACE_OUTER_BOUND('',#625,.T.);
#305=FACE_OUTER_BOUND('',#626,.T.);
#306=FACE_OUTER_BOUND('',#627,.T.);
#307=FACE_OUTER_BOUND('',#628,.T.);
#308=FACE_OUTER_BOUND('',#629,.T.);
#309=FACE_OUTER_BOUND('',#630,.T.);
#310=FACE_OUTER_BOUND('',#631,.T.);
#311=FACE_OUTER_BOUND('',#632,.T.);
#312=FACE_OUTER_BOUND('',#633,.T.);
#313=FACE_OUTER_BOUND('',#634,.T.);
#314=FACE_OUTER_BOUND('',#635,.T.);
#315=FACE_OUTER_BOUND('',#636,.T.);
#316=FACE_OUTER_BOUND('',#637,.T.);
#317=FACE_OUTER_BOUND('',#638,.T.);
#318=FACE_OUTER_BOUND('',#639,.T.);
#319=FACE_OUTER_BOUND('',#640,.T.);
#320=FACE_OUTER_BOUND('',#641,.T.);
#321=FACE_OUTER_BOUND('',#642,.T.);
#322=FACE_OUTER_BOUND('',#643,.T.);
#323=FACE_OUTER_BOUND('',#644,.T.);
#324=FACE_OUTER_BOUND('',#645,.T.);
#325=FACE_OUTER_BOUND('',#646,.T.);
#326=FACE_OUTER_BOUND('',#647,.T.);
#327=FACE_OUTER_BOUND('',#648,.T.);
#328=FACE_OUTER_BOUND('',#649,.T.);
#329=FACE_OUTER_BOUND('',#650,.T.);
#330=FACE_OUTER_BOUND('',#651,.T.);
#331=FACE_OUTER_BOUND('',#652,.T.);
#332=FACE_OUTER_BOUND('',#653,.T.);
#333=FACE_OUTER_BOUND('',#654,.T.);
#334=FACE_OUTER_BOUND('',#655,.T.);
#335=FACE_OUTER_BOUND('',#656,.T.);
#336=FACE_OUTER_BOUND('',#657,.T.);
#337=FACE_OUTER_BOUND('',#658,.T.);
#338=FACE_OUTER_BOUND('',#659,.T.);
#339=FACE_OUTER_BOUND('',#660,.T.);
#340=FACE_OUTER_BOUND('',#661,.T.);
#341=FACE_OUTER_BOUND('',#662,.T.);
#342=FACE_OUTER_BOUND('',#663,.T.);
#343=FACE_OUTER_BOUND('',#664,.T.);
#344=FACE_OUTER_BOUND('',#665,.T.);
#345=FACE_OUTER_BOUND('',#666,.T.);
#346=FACE_OUTER_BOUND('',#667,.T.);
#347=FACE_OUTER_BOUND('',#668,.T.);
#348=FACE_OUTER_BOUND('',#669,.T.);
#349=FACE_OUTER_BOUND('',#670,.T.);
#350=FACE_OUTER_BOUND('',#679,.T.);
#351=FACE_OUTER_BOUND('',#680,.T.);
#352=FACE_OUTER_BOUND('',#681,.T.);
#353=FACE_OUTER_BOUND('',#682,.T.);
#354=FACE_OUTER_BOUND('',#683,.T.);
#355=FACE_OUTER_BOUND('',#684,.T.);
#356=FACE_OUTER_BOUND('',#685,.T.);
#357=FACE_OUTER_BOUND('',#686,.T.);
#358=FACE_OUTER_BOUND('',#687,.T.);
#359=FACE_OUTER_BOUND('',#688,.T.);
#360=FACE_OUTER_BOUND('',#693,.T.);
#361=FACE_OUTER_BOUND('',#694,.T.);
#362=FACE_OUTER_BOUND('',#695,.T.);
#363=FACE_OUTER_BOUND('',#696,.T.);
#364=FACE_OUTER_BOUND('',#697,.T.);
#365=FACE_OUTER_BOUND('',#698,.T.);
#366=FACE_OUTER_BOUND('',#699,.T.);
#367=FACE_OUTER_BOUND('',#700,.T.);
#368=EDGE_LOOP('',(#3628,#3629,#3630,#3631));
#369=EDGE_LOOP('',(#3632,#3633,#3634,#3635,#3636));
#370=EDGE_LOOP('',(#3637,#3638,#3639,#3640));
#371=EDGE_LOOP('',(#3641,#3642,#3643));
#372=EDGE_LOOP('',(#3644,#3645,#3646,#3647,#3648));
#373=EDGE_LOOP('',(#3649,#3650,#3651,#3652));
#374=EDGE_LOOP('',(#3653,#3654,#3655,#3656,#3657));
#375=EDGE_LOOP('',(#3658,#3659,#3660,#3661));
#376=EDGE_LOOP('',(#3662,#3663,#3664));
#377=EDGE_LOOP('',(#3665,#3666,#3667,#3668,#3669));
#378=EDGE_LOOP('',(#3670,#3671,#3672,#3673));
#379=EDGE_LOOP('',(#3674,#3675,#3676,#3677,#3678));
#380=EDGE_LOOP('',(#3679,#3680,#3681,#3682));
#381=EDGE_LOOP('',(#3683,#3684,#3685));
#382=EDGE_LOOP('',(#3686,#3687,#3688,#3689,#3690));
#383=EDGE_LOOP('',(#3691,#3692,#3693,#3694));
#384=EDGE_LOOP('',(#3695,#3696,#3697,#3698,#3699));
#385=EDGE_LOOP('',(#3700,#3701,#3702,#3703));
#386=EDGE_LOOP('',(#3704,#3705,#3706));
#387=EDGE_LOOP('',(#3707,#3708,#3709,#3710,#3711));
#388=EDGE_LOOP('',(#3712,#3713,#3714,#3715));
#389=EDGE_LOOP('',(#3716,#3717,#3718));
#390=EDGE_LOOP('',(#3719,#3720,#3721));
#391=EDGE_LOOP('',(#3722,#3723,#3724,#3725,#3726,#3727,#3728));
#392=EDGE_LOOP('',(#3729,#3730,#3731,#3732,#3733,#3734,#3735,#3736));
#393=EDGE_LOOP('',(#3737,#3738,#3739,#3740,#3741,#3742,#3743,#3744,#3745));
#394=EDGE_LOOP('',(#3746,#3747,#3748,#3749,#3750,#3751,#3752,#3753,#3754));
#395=EDGE_LOOP('',(#3755,#3756,#3757,#3758,#3759,#3760,#3761,#3762,#3763));
#396=EDGE_LOOP('',(#3764,#3765,#3766,#3767,#3768,#3769,#3770,#3771,#3772));
#397=EDGE_LOOP('',(#3773,#3774,#3775,#3776,#3777));
#398=EDGE_LOOP('',(#3778,#3779,#3780,#3781));
#399=EDGE_LOOP('',(#3782,#3783,#3784));
#400=EDGE_LOOP('',(#3785,#3786,#3787));
#401=EDGE_LOOP('',(#3788,#3789,#3790,#3791,#3792,#3793,#3794));
#402=EDGE_LOOP('',(#3795,#3796,#3797,#3798,#3799));
#403=EDGE_LOOP('',(#3800,#3801,#3802,#3803));
#404=EDGE_LOOP('',(#3804,#3805,#3806));
#405=EDGE_LOOP('',(#3807,#3808,#3809));
#406=EDGE_LOOP('',(#3810,#3811,#3812,#3813,#3814,#3815,#3816));
#407=EDGE_LOOP('',(#3817,#3818,#3819,#3820,#3821));
#408=EDGE_LOOP('',(#3822,#3823,#3824,#3825,#3826,#3827,#3828));
#409=EDGE_LOOP('',(#3829,#3830,#3831,#3832));
#410=EDGE_LOOP('',(#3833,#3834,#3835));
#411=EDGE_LOOP('',(#3836,#3837,#3838));
#412=EDGE_LOOP('',(#3839,#3840,#3841,#3842,#3843));
#413=EDGE_LOOP('',(#3844,#3845,#3846,#3847,#3848,#3849,#3850,#3851,#3852,
#3853,#3854,#3855));
#414=EDGE_LOOP('',(#3856,#3857,#3858,#3859));
#415=EDGE_LOOP('',(#3860,#3861,#3862,#3863));
#416=EDGE_LOOP('',(#3864,#3865,#3866,#3867));
#417=EDGE_LOOP('',(#3868,#3869,#3870,#3871));
#418=EDGE_LOOP('',(#3872,#3873,#3874,#3875));
#419=EDGE_LOOP('',(#3876,#3877,#3878,#3879));
#420=EDGE_LOOP('',(#3880,#3881,#3882,#3883));
#421=EDGE_LOOP('',(#3884,#3885,#3886,#3887));
#422=EDGE_LOOP('',(#3888,#3889,#3890,#3891));
#423=EDGE_LOOP('',(#3892,#3893,#3894,#3895));
#424=EDGE_LOOP('',(#3896,#3897,#3898,#3899));
#425=EDGE_LOOP('',(#3900,#3901,#3902,#3903));
#426=EDGE_LOOP('',(#3904,#3905,#3906,#3907));
#427=EDGE_LOOP('',(#3908,#3909,#3910,#3911));
#428=EDGE_LOOP('',(#3912,#3913,#3914,#3915));
#429=EDGE_LOOP('',(#3916,#3917,#3918,#3919));
#430=EDGE_LOOP('',(#3920,#3921,#3922,#3923));
#431=EDGE_LOOP('',(#3924,#3925,#3926,#3927));
#432=EDGE_LOOP('',(#3928,#3929,#3930,#3931));
#433=EDGE_LOOP('',(#3932,#3933,#3934,#3935));
#434=EDGE_LOOP('',(#3936,#3937,#3938,#3939,#3940,#3941,#3942,#3943));
#435=EDGE_LOOP('',(#3944,#3945,#3946,#3947));
#436=EDGE_LOOP('',(#3948,#3949,#3950,#3951));
#437=EDGE_LOOP('',(#3952,#3953,#3954,#3955));
#438=EDGE_LOOP('',(#3956,#3957,#3958,#3959,#3960,#3961,#3962,#3963,#3964,
#3965));
#439=EDGE_LOOP('',(#3966,#3967,#3968,#3969,#3970,#3971,#3972,#3973));
#440=EDGE_LOOP('',(#3974,#3975,#3976,#3977));
#441=EDGE_LOOP('',(#3978,#3979,#3980,#3981));
#442=EDGE_LOOP('',(#3982,#3983,#3984,#3985));
#443=EDGE_LOOP('',(#3986,#3987,#3988,#3989));
#444=EDGE_LOOP('',(#3990,#3991,#3992,#3993));
#445=EDGE_LOOP('',(#3994,#3995,#3996,#3997));
#446=EDGE_LOOP('',(#3998,#3999,#4000,#4001));
#447=EDGE_LOOP('',(#4002,#4003,#4004,#4005,#4006,#4007,#4008,#4009));
#448=EDGE_LOOP('',(#4010,#4011,#4012,#4013));
#449=EDGE_LOOP('',(#4014,#4015,#4016,#4017));
#450=EDGE_LOOP('',(#4018,#4019,#4020,#4021));
#451=EDGE_LOOP('',(#4022,#4023,#4024,#4025));
#452=EDGE_LOOP('',(#4026,#4027,#4028,#4029));
#453=EDGE_LOOP('',(#4030,#4031,#4032,#4033));
#454=EDGE_LOOP('',(#4034,#4035,#4036,#4037));
#455=EDGE_LOOP('',(#4038,#4039,#4040,#4041));
#456=EDGE_LOOP('',(#4042,#4043,#4044,#4045));
#457=EDGE_LOOP('',(#4046,#4047,#4048,#4049,#4050,#4051,#4052,#4053,#4054,
#4055));
#458=EDGE_LOOP('',(#4056,#4057,#4058,#4059));
#459=EDGE_LOOP('',(#4060,#4061,#4062,#4063));
#460=EDGE_LOOP('',(#4064,#4065,#4066,#4067));
#461=EDGE_LOOP('',(#4068,#4069,#4070,#4071));
#462=EDGE_LOOP('',(#4072,#4073,#4074,#4075));
#463=EDGE_LOOP('',(#4076,#4077,#4078,#4079));
#464=EDGE_LOOP('',(#4080,#4081,#4082,#4083));
#465=EDGE_LOOP('',(#4084,#4085,#4086,#4087));
#466=EDGE_LOOP('',(#4088,#4089,#4090,#4091));
#467=EDGE_LOOP('',(#4092,#4093,#4094,#4095));
#468=EDGE_LOOP('',(#4096,#4097,#4098,#4099));
#469=EDGE_LOOP('',(#4100,#4101,#4102,#4103));
#470=EDGE_LOOP('',(#4104,#4105,#4106,#4107));
#471=EDGE_LOOP('',(#4108,#4109,#4110,#4111));
#472=EDGE_LOOP('',(#4112,#4113,#4114,#4115));
#473=EDGE_LOOP('',(#4116,#4117,#4118,#4119));
#474=EDGE_LOOP('',(#4120,#4121,#4122,#4123));
#475=EDGE_LOOP('',(#4124,#4125,#4126,#4127));
#476=EDGE_LOOP('',(#4128,#4129,#4130,#4131,#4132,#4133,#4134,#4135));
#477=EDGE_LOOP('',(#4136,#4137,#4138,#4139,#4140,#4141,#4142,#4143));
#478=EDGE_LOOP('',(#4144,#4145,#4146,#4147,#4148,#4149,#4150,#4151));
#479=EDGE_LOOP('',(#4152,#4153,#4154,#4155,#4156,#4157,#4158,#4159,#4160,
#4161,#4162,#4163,#4164,#4165,#4166,#4167,#4168));
#480=EDGE_LOOP('',(#4169,#4170,#4171,#4172,#4173,#4174,#4175,#4176,#4177,
#4178,#4179,#4180,#4181,#4182,#4183,#4184));
#481=EDGE_LOOP('',(#4185,#4186,#4187,#4188,#4189,#4190,#4191,#4192,#4193,
#4194,#4195,#4196,#4197,#4198,#4199,#4200));
#482=EDGE_LOOP('',(#4201,#4202,#4203,#4204,#4205,#4206,#4207,#4208,#4209,
#4210,#4211,#4212,#4213,#4214,#4215,#4216));
#483=EDGE_LOOP('',(#4217,#4218,#4219,#4220,#4221,#4222,#4223,#4224));
#484=EDGE_LOOP('',(#4225,#4226,#4227,#4228));
#485=EDGE_LOOP('',(#4229,#4230,#4231,#4232));
#486=EDGE_LOOP('',(#4233,#4234,#4235,#4236));
#487=EDGE_LOOP('',(#4237,#4238,#4239,#4240));
#488=EDGE_LOOP('',(#4241,#4242,#4243,#4244));
#489=EDGE_LOOP('',(#4245,#4246,#4247,#4248));
#490=EDGE_LOOP('',(#4249,#4250,#4251,#4252));
#491=EDGE_LOOP('',(#4253,#4254,#4255,#4256));
#492=EDGE_LOOP('',(#4257,#4258,#4259,#4260));
#493=EDGE_LOOP('',(#4261,#4262,#4263,#4264));
#494=EDGE_LOOP('',(#4265,#4266,#4267,#4268));
#495=EDGE_LOOP('',(#4269,#4270,#4271,#4272));
#496=EDGE_LOOP('',(#4273,#4274,#4275,#4276,#4277));
#497=EDGE_LOOP('',(#4278,#4279,#4280,#4281,#4282));
#498=EDGE_LOOP('',(#4283,#4284,#4285,#4286,#4287,#4288,#4289,#4290));
#499=EDGE_LOOP('',(#4291,#4292,#4293,#4294,#4295));
#500=EDGE_LOOP('',(#4296,#4297,#4298,#4299,#4300));
#501=EDGE_LOOP('',(#4301,#4302,#4303,#4304,#4305,#4306,#4307,#4308));
#502=EDGE_LOOP('',(#4309,#4310,#4311,#4312,#4313));
#503=EDGE_LOOP('',(#4314,#4315,#4316,#4317,#4318));
#504=EDGE_LOOP('',(#4319,#4320,#4321,#4322,#4323,#4324,#4325,#4326));
#505=EDGE_LOOP('',(#4327,#4328,#4329,#4330,#4331));
#506=EDGE_LOOP('',(#4332,#4333,#4334,#4335,#4336));
#507=EDGE_LOOP('',(#4337,#4338,#4339,#4340,#4341,#4342,#4343,#4344));
#508=EDGE_LOOP('',(#4345,#4346,#4347,#4348));
#509=EDGE_LOOP('',(#4349,#4350,#4351,#4352));
#510=EDGE_LOOP('',(#4353,#4354,#4355,#4356));
#511=EDGE_LOOP('',(#4357,#4358,#4359,#4360));
#512=EDGE_LOOP('',(#4361,#4362,#4363,#4364,#4365,#4366));
#513=EDGE_LOOP('',(#4367,#4368,#4369,#4370,#4371));
#514=EDGE_LOOP('',(#4372,#4373,#4374,#4375));
#515=EDGE_LOOP('',(#4376,#4377,#4378,#4379));
#516=EDGE_LOOP('',(#4380,#4381,#4382,#4383));
#517=EDGE_LOOP('',(#4384,#4385,#4386,#4387,#4388,#4389));
#518=EDGE_LOOP('',(#4390,#4391,#4392,#4393,#4394));
#519=EDGE_LOOP('',(#4395,#4396,#4397,#4398));
#520=EDGE_LOOP('',(#4399,#4400,#4401,#4402));
#521=EDGE_LOOP('',(#4403,#4404,#4405,#4406));
#522=EDGE_LOOP('',(#4407,#4408,#4409,#4410,#4411,#4412));
#523=EDGE_LOOP('',(#4413,#4414,#4415,#4416,#4417));
#524=EDGE_LOOP('',(#4418,#4419,#4420,#4421));
#525=EDGE_LOOP('',(#4422,#4423,#4424,#4425,#4426,#4427,#4428,#4429));
#526=EDGE_LOOP('',(#4430,#4431,#4432,#4433));
#527=EDGE_LOOP('',(#4434,#4435,#4436,#4437));
#528=EDGE_LOOP('',(#4438,#4439,#4440,#4441,#4442,#4443));
#529=EDGE_LOOP('',(#4444,#4445,#4446,#4447,#4448));
#530=EDGE_LOOP('',(#4449,#4450,#4451,#4452,#4453,#4454,#4455,#4456));
#531=EDGE_LOOP('',(#4457,#4458,#4459,#4460));
#532=EDGE_LOOP('',(#4461,#4462,#4463,#4464));
#533=EDGE_LOOP('',(#4465,#4466,#4467,#4468));
#534=EDGE_LOOP('',(#4469,#4470,#4471,#4472));
#535=EDGE_LOOP('',(#4473,#4474,#4475,#4476));
#536=EDGE_LOOP('',(#4477,#4478,#4479,#4480));
#537=EDGE_LOOP('',(#4481,#4482,#4483,#4484));
#538=EDGE_LOOP('',(#4485,#4486,#4487,#4488));
#539=EDGE_LOOP('',(#4489,#4490,#4491,#4492));
#540=EDGE_LOOP('',(#4493,#4494,#4495,#4496));
#541=EDGE_LOOP('',(#4497,#4498,#4499,#4500));
#542=EDGE_LOOP('',(#4501,#4502,#4503,#4504));
#543=EDGE_LOOP('',(#4505,#4506,#4507,#4508));
#544=EDGE_LOOP('',(#4509,#4510,#4511,#4512));
#545=EDGE_LOOP('',(#4513,#4514,#4515,#4516));
#546=EDGE_LOOP('',(#4517,#4518,#4519,#4520));
#547=EDGE_LOOP('',(#4521,#4522,#4523,#4524));
#548=EDGE_LOOP('',(#4525,#4526,#4527,#4528));
#549=EDGE_LOOP('',(#4529,#4530,#4531,#4532));
#550=EDGE_LOOP('',(#4533,#4534,#4535,#4536));
#551=EDGE_LOOP('',(#4537,#4538,#4539,#4540));
#552=EDGE_LOOP('',(#4541,#4542,#4543,#4544));
#553=EDGE_LOOP('',(#4545,#4546,#4547,#4548));
#554=EDGE_LOOP('',(#4549,#4550,#4551,#4552));
#555=EDGE_LOOP('',(#4553,#4554,#4555,#4556));
#556=EDGE_LOOP('',(#4557,#4558,#4559,#4560));
#557=EDGE_LOOP('',(#4561,#4562,#4563,#4564));
#558=EDGE_LOOP('',(#4565,#4566,#4567,#4568));
#559=EDGE_LOOP('',(#4569,#4570,#4571,#4572));
#560=EDGE_LOOP('',(#4573,#4574,#4575,#4576));
#561=EDGE_LOOP('',(#4577,#4578,#4579,#4580));
#562=EDGE_LOOP('',(#4581,#4582,#4583,#4584));
#563=EDGE_LOOP('',(#4585,#4586,#4587,#4588));
#564=EDGE_LOOP('',(#4589,#4590,#4591,#4592));
#565=EDGE_LOOP('',(#4593,#4594,#4595,#4596));
#566=EDGE_LOOP('',(#4597,#4598,#4599,#4600));
#567=EDGE_LOOP('',(#4601,#4602,#4603,#4604));
#568=EDGE_LOOP('',(#4605,#4606,#4607,#4608));
#569=EDGE_LOOP('',(#4609,#4610,#4611,#4612));
#570=EDGE_LOOP('',(#4613,#4614,#4615,#4616));
#571=EDGE_LOOP('',(#4617,#4618,#4619,#4620));
#572=EDGE_LOOP('',(#4621,#4622,#4623,#4624));
#573=EDGE_LOOP('',(#4625,#4626,#4627,#4628));
#574=EDGE_LOOP('',(#4629,#4630,#4631,#4632));
#575=EDGE_LOOP('',(#4633,#4634,#4635,#4636));
#576=EDGE_LOOP('',(#4637,#4638,#4639,#4640));
#577=EDGE_LOOP('',(#4641,#4642,#4643,#4644));
#578=EDGE_LOOP('',(#4645,#4646,#4647,#4648));
#579=EDGE_LOOP('',(#4649,#4650,#4651,#4652));
#580=EDGE_LOOP('',(#4653,#4654,#4655,#4656));
#581=EDGE_LOOP('',(#4657,#4658,#4659,#4660));
#582=EDGE_LOOP('',(#4661,#4662,#4663,#4664));
#583=EDGE_LOOP('',(#4665,#4666,#4667,#4668));
#584=EDGE_LOOP('',(#4669,#4670,#4671,#4672));
#585=EDGE_LOOP('',(#4673,#4674,#4675,#4676));
#586=EDGE_LOOP('',(#4677,#4678,#4679,#4680));
#587=EDGE_LOOP('',(#4681,#4682,#4683,#4684));
#588=EDGE_LOOP('',(#4685,#4686,#4687,#4688));
#589=EDGE_LOOP('',(#4689,#4690,#4691,#4692));
#590=EDGE_LOOP('',(#4693,#4694,#4695,#4696));
#591=EDGE_LOOP('',(#4697,#4698,#4699,#4700));
#592=EDGE_LOOP('',(#4701,#4702,#4703,#4704));
#593=EDGE_LOOP('',(#4705,#4706,#4707,#4708));
#594=EDGE_LOOP('',(#4709,#4710,#4711,#4712));
#595=EDGE_LOOP('',(#4713,#4714,#4715,#4716));
#596=EDGE_LOOP('',(#4717,#4718,#4719,#4720));
#597=EDGE_LOOP('',(#4721,#4722,#4723,#4724));
#598=EDGE_LOOP('',(#4725,#4726,#4727,#4728));
#599=EDGE_LOOP('',(#4729,#4730,#4731,#4732));
#600=EDGE_LOOP('',(#4733,#4734,#4735,#4736));
#601=EDGE_LOOP('',(#4737,#4738,#4739,#4740));
#602=EDGE_LOOP('',(#4741,#4742,#4743,#4744));
#603=EDGE_LOOP('',(#4745,#4746,#4747,#4748));
#604=EDGE_LOOP('',(#4749,#4750,#4751,#4752));
#605=EDGE_LOOP('',(#4753,#4754,#4755,#4756));
#606=EDGE_LOOP('',(#4757,#4758,#4759,#4760));
#607=EDGE_LOOP('',(#4761,#4762,#4763,#4764));
#608=EDGE_LOOP('',(#4765,#4766,#4767,#4768));
#609=EDGE_LOOP('',(#4769,#4770,#4771,#4772));
#610=EDGE_LOOP('',(#4773,#4774,#4775,#4776));
#611=EDGE_LOOP('',(#4777,#4778,#4779,#4780));
#612=EDGE_LOOP('',(#4781,#4782,#4783,#4784));
#613=EDGE_LOOP('',(#4785,#4786,#4787,#4788));
#614=EDGE_LOOP('',(#4789,#4790,#4791,#4792));
#615=EDGE_LOOP('',(#4793,#4794,#4795,#4796));
#616=EDGE_LOOP('',(#4797,#4798,#4799,#4800));
#617=EDGE_LOOP('',(#4801,#4802,#4803,#4804));
#618=EDGE_LOOP('',(#4805,#4806,#4807,#4808));
#619=EDGE_LOOP('',(#4809,#4810,#4811,#4812));
#620=EDGE_LOOP('',(#4813,#4814,#4815,#4816));
#621=EDGE_LOOP('',(#4817,#4818,#4819,#4820));
#622=EDGE_LOOP('',(#4821,#4822,#4823,#4824));
#623=EDGE_LOOP('',(#4825,#4826,#4827,#4828));
#624=EDGE_LOOP('',(#4829,#4830,#4831,#4832));
#625=EDGE_LOOP('',(#4833,#4834,#4835,#4836));
#626=EDGE_LOOP('',(#4837,#4838,#4839,#4840));
#627=EDGE_LOOP('',(#4841,#4842,#4843,#4844));
#628=EDGE_LOOP('',(#4845,#4846,#4847,#4848));
#629=EDGE_LOOP('',(#4849,#4850,#4851,#4852));
#630=EDGE_LOOP('',(#4853,#4854,#4855,#4856));
#631=EDGE_LOOP('',(#4857,#4858,#4859,#4860));
#632=EDGE_LOOP('',(#4861,#4862,#4863,#4864));
#633=EDGE_LOOP('',(#4865,#4866,#4867,#4868));
#634=EDGE_LOOP('',(#4869,#4870,#4871,#4872));
#635=EDGE_LOOP('',(#4873,#4874,#4875,#4876));
#636=EDGE_LOOP('',(#4877,#4878,#4879,#4880));
#637=EDGE_LOOP('',(#4881,#4882,#4883,#4884));
#638=EDGE_LOOP('',(#4885,#4886,#4887,#4888));
#639=EDGE_LOOP('',(#4889,#4890,#4891,#4892));
#640=EDGE_LOOP('',(#4893,#4894,#4895,#4896));
#641=EDGE_LOOP('',(#4897,#4898,#4899,#4900));
#642=EDGE_LOOP('',(#4901,#4902,#4903,#4904));
#643=EDGE_LOOP('',(#4905,#4906,#4907,#4908));
#644=EDGE_LOOP('',(#4909,#4910,#4911,#4912));
#645=EDGE_LOOP('',(#4913,#4914,#4915,#4916));
#646=EDGE_LOOP('',(#4917,#4918,#4919,#4920));
#647=EDGE_LOOP('',(#4921,#4922,#4923,#4924));
#648=EDGE_LOOP('',(#4925,#4926,#4927,#4928));
#649=EDGE_LOOP('',(#4929,#4930,#4931,#4932));
#650=EDGE_LOOP('',(#4933,#4934,#4935,#4936));
#651=EDGE_LOOP('',(#4937,#4938,#4939,#4940));
#652=EDGE_LOOP('',(#4941,#4942,#4943,#4944));
#653=EDGE_LOOP('',(#4945,#4946,#4947,#4948));
#654=EDGE_LOOP('',(#4949,#4950,#4951,#4952,#4953,#4954,#4955,#4956));
#655=EDGE_LOOP('',(#4957,#4958,#4959,#4960));
#656=EDGE_LOOP('',(#4961,#4962,#4963,#4964));
#657=EDGE_LOOP('',(#4965,#4966,#4967,#4968,#4969,#4970,#4971,#4972));
#658=EDGE_LOOP('',(#4973,#4974,#4975,#4976));
#659=EDGE_LOOP('',(#4977,#4978,#4979,#4980));
#660=EDGE_LOOP('',(#4981,#4982,#4983,#4984,#4985,#4986,#4987,#4988));
#661=EDGE_LOOP('',(#4989,#4990,#4991,#4992));
#662=EDGE_LOOP('',(#4993,#4994,#4995,#4996));
#663=EDGE_LOOP('',(#4997,#4998,#4999,#5000,#5001,#5002,#5003,#5004));
#664=EDGE_LOOP('',(#5005,#5006,#5007,#5008));
#665=EDGE_LOOP('',(#5009,#5010,#5011,#5012,#5013));
#666=EDGE_LOOP('',(#5014,#5015,#5016,#5017,#5018));
#667=EDGE_LOOP('',(#5019,#5020,#5021,#5022,#5023));
#668=EDGE_LOOP('',(#5024,#5025,#5026,#5027,#5028));
#669=EDGE_LOOP('',(#5029,#5030,#5031,#5032));
#670=EDGE_LOOP('',(#5033,#5034,#5035,#5036));
#671=EDGE_LOOP('',(#5037,#5038,#5039,#5040,#5041,#5042,#5043,#5044));
#672=EDGE_LOOP('',(#5045,#5046,#5047,#5048,#5049,#5050,#5051,#5052,#5053,
#5054,#5055,#5056,#5057,#5058,#5059,#5060,#5061,#5062,#5063,#5064,#5065,
#5066,#5067,#5068,#5069,#5070,#5071,#5072));
#673=EDGE_LOOP('',(#5073,#5074,#5075,#5076,#5077,#5078,#5079,#5080,#5081,
#5082,#5083,#5084));
#674=EDGE_LOOP('',(#5085,#5086,#5087,#5088,#5089,#5090,#5091,#5092,#5093,
#5094));
#675=EDGE_LOOP('',(#5095,#5096,#5097,#5098,#5099,#5100,#5101,#5102));
#676=EDGE_LOOP('',(#5103,#5104,#5105,#5106,#5107,#5108,#5109,#5110,#5111,
#5112));
#677=EDGE_LOOP('',(#5113,#5114,#5115,#5116));
#678=EDGE_LOOP('',(#5117,#5118,#5119,#5120,#5121,#5122,#5123,#5124,#5125,
#5126,#5127,#5128,#5129,#5130,#5131,#5132,#5133,#5134,#5135,#5136));
#679=EDGE_LOOP('',(#5137,#5138,#5139,#5140,#5141,#5142,#5143,#5144,#5145));
#680=EDGE_LOOP('',(#5146,#5147,#5148,#5149,#5150,#5151,#5152,#5153));
#681=EDGE_LOOP('',(#5154,#5155,#5156,#5157,#5158,#5159,#5160,#5161));
#682=EDGE_LOOP('',(#5162,#5163,#5164,#5165));
#683=EDGE_LOOP('',(#5166,#5167,#5168,#5169));
#684=EDGE_LOOP('',(#5170,#5171,#5172,#5173));
#685=EDGE_LOOP('',(#5174,#5175,#5176,#5177));
#686=EDGE_LOOP('',(#5178,#5179,#5180,#5181,#5182,#5183,#5184,#5185));
#687=EDGE_LOOP('',(#5186,#5187,#5188,#5189,#5190,#5191));
#688=EDGE_LOOP('',(#5192,#5193,#5194,#5195));
#689=EDGE_LOOP('',(#5196,#5197,#5198,#5199,#5200,#5201,#5202,#5203));
#690=EDGE_LOOP('',(#5204,#5205,#5206,#5207,#5208,#5209,#5210,#5211));
#691=EDGE_LOOP('',(#5212,#5213,#5214,#5215,#5216,#5217,#5218,#5219));
#692=EDGE_LOOP('',(#5220,#5221,#5222,#5223,#5224,#5225,#5226,#5227));
#693=EDGE_LOOP('',(#5228,#5229,#5230,#5231,#5232,#5233));
#694=EDGE_LOOP('',(#5234,#5235,#5236,#5237,#5238,#5239));
#695=EDGE_LOOP('',(#5240,#5241,#5242,#5243,#5244,#5245));
#696=EDGE_LOOP('',(#5246,#5247,#5248,#5249));
#697=EDGE_LOOP('',(#5250,#5251,#5252,#5253));
#698=EDGE_LOOP('',(#5254,#5255,#5256,#5257));
#699=EDGE_LOOP('',(#5258,#5259,#5260,#5261));
#700=EDGE_LOOP('',(#5262,#5263,#5264,#5265));
#701=LINE('',#7633,#1502);
#702=LINE('',#7635,#1503);
#703=LINE('',#7637,#1504);
#704=LINE('',#7638,#1505);
#705=LINE('',#7642,#1506);
#706=LINE('',#7644,#1507);
#707=LINE('',#7645,#1508);
#708=LINE('',#7646,#1509);
#709=LINE('',#7649,#1510);
#710=LINE('',#7651,#1511);
#711=LINE('',#7652,#1512);
#712=LINE('',#7654,#1513);
#713=LINE('',#7657,#1514);
#714=LINE('',#7659,#1515);
#715=LINE('',#7660,#1516);
#716=LINE('',#7664,#1517);
#717=LINE('',#7666,#1518);
#718=LINE('',#7668,#1519);
#719=LINE('',#7669,#1520);
#720=LINE('',#7673,#1521);
#721=LINE('',#7675,#1522);
#722=LINE('',#7676,#1523);
#723=LINE('',#7677,#1524);
#724=LINE('',#7680,#1525);
#725=LINE('',#7682,#1526);
#726=LINE('',#7683,#1527);
#727=LINE('',#7685,#1528);
#728=LINE('',#7688,#1529);
#729=LINE('',#7690,#1530);
#730=LINE('',#7691,#1531);
#731=LINE('',#7695,#1532);
#732=LINE('',#7697,#1533);
#733=LINE('',#7699,#1534);
#734=LINE('',#7700,#1535);
#735=LINE('',#7704,#1536);
#736=LINE('',#7706,#1537);
#737=LINE('',#7707,#1538);
#738=LINE('',#7708,#1539);
#739=LINE('',#7711,#1540);
#740=LINE('',#7713,#1541);
#741=LINE('',#7714,#1542);
#742=LINE('',#7716,#1543);
#743=LINE('',#7719,#1544);
#744=LINE('',#7721,#1545);
#745=LINE('',#7722,#1546);
#746=LINE('',#7726,#1547);
#747=LINE('',#7728,#1548);
#748=LINE('',#7730,#1549);
#749=LINE('',#7731,#1550);
#750=LINE('',#7735,#1551);
#751=LINE('',#7737,#1552);
#752=LINE('',#7738,#1553);
#753=LINE('',#7739,#1554);
#754=LINE('',#7742,#1555);
#755=LINE('',#7744,#1556);
#756=LINE('',#7745,#1557);
#757=LINE('',#7747,#1558);
#758=LINE('',#7750,#1559);
#759=LINE('',#7752,#1560);
#760=LINE('',#7753,#1561);
#761=LINE('',#7757,#1562);
#762=LINE('',#7759,#1563);
#763=LINE('',#7761,#1564);
#764=LINE('',#7762,#1565);
#765=LINE('',#7765,#1566);
#766=LINE('',#7766,#1567);
#767=LINE('',#7768,#1568);
#768=LINE('',#7769,#1569);
#769=LINE('',#7772,#1570);
#770=LINE('',#7774,#1571);
#771=LINE('',#7775,#1572);
#772=LINE('',#7779,#1573);
#773=LINE('',#7781,#1574);
#774=LINE('',#7783,#1575);
#775=LINE('',#7785,#1576);
#776=LINE('',#7787,#1577);
#777=LINE('',#7789,#1578);
#778=LINE('',#7791,#1579);
#779=LINE('',#7792,#1580);
#780=LINE('',#7795,#1581);
#781=LINE('',#7797,#1582);
#782=LINE('',#7798,#1583);
#783=LINE('',#7800,#1584);
#784=LINE('',#7801,#1585);
#785=LINE('',#7802,#1586);
#786=LINE('',#7805,#1587);
#787=LINE('',#7807,#1588);
#788=LINE('',#7808,#1589);
#789=LINE('',#7810,#1590);
#790=LINE('',#7811,#1591);
#791=LINE('',#7814,#1592);
#792=LINE('',#7816,#1593);
#793=LINE('',#7817,#1594);
#794=LINE('',#7819,#1595);
#795=LINE('',#7820,#1596);
#796=LINE('',#7822,#1597);
#797=LINE('',#7825,#1598);
#798=LINE('',#7827,#1599);
#799=LINE('',#7828,#1600);
#800=LINE('',#7830,#1601);
#801=LINE('',#7832,#1602);
#802=LINE('',#7835,#1603);
#803=LINE('',#7836,#1604);
#804=LINE('',#7838,#1605);
#805=LINE('',#7841,#1606);
#806=LINE('',#7843,#1607);
#807=LINE('',#7844,#1608);
#808=LINE('',#7846,#1609);
#809=LINE('',#7848,#1610);
#810=LINE('',#7851,#1611);
#811=LINE('',#7852,#1612);
#812=LINE('',#7854,#1613);
#813=LINE('',#7857,#1614);
#814=LINE('',#7859,#1615);
#815=LINE('',#7861,#1616);
#816=LINE('',#7862,#1617);
#817=LINE('',#7863,#1618);
#818=LINE('',#7865,#1619);
#819=LINE('',#7866,#1620);
#820=LINE('',#7870,#1621);
#821=LINE('',#7874,#1622);
#822=LINE('',#7876,#1623);
#823=LINE('',#7878,#1624);
#824=LINE('',#7880,#1625);
#825=LINE('',#7882,#1626);
#826=LINE('',#7884,#1627);
#827=LINE('',#7886,#1628);
#828=LINE('',#7888,#1629);
#829=LINE('',#7890,#1630);
#830=LINE('',#7892,#1631);
#831=LINE('',#7894,#1632);
#832=LINE('',#7895,#1633);
#833=LINE('',#7897,#1634);
#834=LINE('',#7898,#1635);
#835=LINE('',#7901,#1636);
#836=LINE('',#7903,#1637);
#837=LINE('',#7904,#1638);
#838=LINE('',#7906,#1639);
#839=LINE('',#7907,#1640);
#840=LINE('',#7909,#1641);
#841=LINE('',#7910,#1642);
#842=LINE('',#7913,#1643);
#843=LINE('',#7916,#1644);
#844=LINE('',#7918,#1645);
#845=LINE('',#7919,#1646);
#846=LINE('',#7922,#1647);
#847=LINE('',#7923,#1648);
#848=LINE('',#7925,#1649);
#849=LINE('',#7926,#1650);
#850=LINE('',#7929,#1651);
#851=LINE('',#7935,#1652);
#852=LINE('',#7937,#1653);
#853=LINE('',#7939,#1654);
#854=LINE('',#7940,#1655);
#855=LINE('',#7944,#1656);
#856=LINE('',#7945,#1657);
#857=LINE('',#7946,#1658);
#858=LINE('',#7949,#1659);
#859=LINE('',#7951,#1660);
#860=LINE('',#7953,#1661);
#861=LINE('',#7955,#1662);
#862=LINE('',#7957,#1663);
#863=LINE('',#7959,#1664);
#864=LINE('',#7960,#1665);
#865=LINE('',#7964,#1666);
#866=LINE('',#7966,#1667);
#867=LINE('',#7968,#1668);
#868=LINE('',#7969,#1669);
#869=LINE('',#7973,#1670);
#870=LINE('',#7974,#1671);
#871=LINE('',#7975,#1672);
#872=LINE('',#7985,#1673);
#873=LINE('',#7992,#1674);
#874=LINE('',#7996,#1675);
#875=LINE('',#7998,#1676);
#876=LINE('',#8000,#1677);
#877=LINE('',#8002,#1678);
#878=LINE('',#8004,#1679);
#879=LINE('',#8006,#1680);
#880=LINE('',#8014,#1681);
#881=LINE('',#8016,#1682);
#882=LINE('',#8017,#1683);
#883=LINE('',#8021,#1684);
#884=LINE('',#8023,#1685);
#885=LINE('',#8025,#1686);
#886=LINE('',#8027,#1687);
#887=LINE('',#8029,#1688);
#888=LINE('',#8031,#1689);
#889=LINE('',#8033,#1690);
#890=LINE('',#8034,#1691);
#891=LINE('',#8044,#1692);
#892=LINE('',#8051,#1693);
#893=LINE('',#8060,#1694);
#894=LINE('',#8067,#1695);
#895=LINE('',#8071,#1696);
#896=LINE('',#8072,#1697);
#897=LINE('',#8074,#1698);
#898=LINE('',#8075,#1699);
#899=LINE('',#8078,#1700);
#900=LINE('',#8080,#1701);
#901=LINE('',#8082,#1702);
#902=LINE('',#8083,#1703);
#903=LINE('',#8086,#1704);
#904=LINE('',#8088,#1705);
#905=LINE('',#8090,#1706);
#906=LINE('',#8091,#1707);
#907=LINE('',#8094,#1708);
#908=LINE('',#8102,#1709);
#909=LINE('',#8110,#1710);
#910=LINE('',#8118,#1711);
#911=LINE('',#8127,#1712);
#912=LINE('',#8129,#1713);
#913=LINE('',#8131,#1714);
#914=LINE('',#8133,#1715);
#915=LINE('',#8135,#1716);
#916=LINE('',#8137,#1717);
#917=LINE('',#8139,#1718);
#918=LINE('',#8140,#1719);
#919=LINE('',#8144,#1720);
#920=LINE('',#8146,#1721);
#921=LINE('',#8148,#1722);
#922=LINE('',#8149,#1723);
#923=LINE('',#8158,#1724);
#924=LINE('',#8165,#1725);
#925=LINE('',#8169,#1726);
#926=LINE('',#8171,#1727);
#927=LINE('',#8172,#1728);
#928=LINE('',#8173,#1729);
#929=LINE('',#8176,#1730);
#930=LINE('',#8183,#1731);
#931=LINE('',#8192,#1732);
#932=LINE('',#8200,#1733);
#933=LINE('',#8209,#1734);
#934=LINE('',#8210,#1735);
#935=LINE('',#8212,#1736);
#936=LINE('',#8213,#1737);
#937=LINE('',#8216,#1738);
#938=LINE('',#8218,#1739);
#939=LINE('',#8220,#1740);
#940=LINE('',#8221,#1741);
#941=LINE('',#8225,#1742);
#942=LINE('',#8227,#1743);
#943=LINE('',#8229,#1744);
#944=LINE('',#8230,#1745);
#945=LINE('',#8233,#1746);
#946=LINE('',#8235,#1747);
#947=LINE('',#8236,#1748);
#948=LINE('',#8237,#1749);
#949=LINE('',#8241,#1750);
#950=LINE('',#8243,#1751);
#951=LINE('',#8245,#1752);
#952=LINE('',#8247,#1753);
#953=LINE('',#8249,#1754);
#954=LINE('',#8257,#1755);
#955=LINE('',#8259,#1756);
#956=LINE('',#8261,#1757);
#957=LINE('',#8262,#1758);
#958=LINE('',#8265,#1759);
#959=LINE('',#8267,#1760);
#960=LINE('',#8268,#1761);
#961=LINE('',#8269,#1762);
#962=LINE('',#8272,#1763);
#963=LINE('',#8274,#1764);
#964=LINE('',#8275,#1765);
#965=LINE('',#8279,#1766);
#966=LINE('',#8281,#1767);
#967=LINE('',#8283,#1768);
#968=LINE('',#8284,#1769);
#969=LINE('',#8287,#1770);
#970=LINE('',#8289,#1771);
#971=LINE('',#8290,#1772);
#972=LINE('',#8293,#1773);
#973=LINE('',#8295,#1774);
#974=LINE('',#8296,#1775);
#975=LINE('',#8298,#1776);
#976=LINE('',#8302,#1777);
#977=LINE('',#8304,#1778);
#978=LINE('',#8306,#1779);
#979=LINE('',#8307,#1780);
#980=LINE('',#8310,#1781);
#981=LINE('',#8312,#1782);
#982=LINE('',#8313,#1783);
#983=LINE('',#8316,#1784);
#984=LINE('',#8318,#1785);
#985=LINE('',#8319,#1786);
#986=LINE('',#8321,#1787);
#987=LINE('',#8325,#1788);
#988=LINE('',#8327,#1789);
#989=LINE('',#8329,#1790);
#990=LINE('',#8330,#1791);
#991=LINE('',#8334,#1792);
#992=LINE('',#8336,#1793);
#993=LINE('',#8338,#1794);
#994=LINE('',#8339,#1795);
#995=LINE('',#8341,#1796);
#996=LINE('',#8342,#1797);
#997=LINE('',#8344,#1798);
#998=LINE('',#8348,#1799);
#999=LINE('',#8350,#1800);
#1000=LINE('',#8352,#1801);
#1001=LINE('',#8353,#1802);
#1002=LINE('',#8356,#1803);
#1003=LINE('',#8358,#1804);
#1004=LINE('',#8359,#1805);
#1005=LINE('',#8362,#1806);
#1006=LINE('',#8364,#1807);
#1007=LINE('',#8365,#1808);
#1008=LINE('',#8367,#1809);
#1009=LINE('',#8370,#1810);
#1010=LINE('',#8372,#1811);
#1011=LINE('',#8374,#1812);
#1012=LINE('',#8376,#1813);
#1013=LINE('',#8377,#1814);
#1014=LINE('',#8380,#1815);
#1015=LINE('',#8382,#1816);
#1016=LINE('',#8384,#1817);
#1017=LINE('',#8386,#1818);
#1018=LINE('',#8387,#1819);
#1019=LINE('',#8390,#1820);
#1020=LINE('',#8392,#1821);
#1021=LINE('',#8394,#1822);
#1022=LINE('',#8395,#1823);
#1023=LINE('',#8396,#1824);
#1024=LINE('',#8398,#1825);
#1025=LINE('',#8400,#1826);
#1026=LINE('',#8402,#1827);
#1027=LINE('',#8404,#1828);
#1028=LINE('',#8406,#1829);
#1029=LINE('',#8408,#1830);
#1030=LINE('',#8410,#1831);
#1031=LINE('',#8412,#1832);
#1032=LINE('',#8414,#1833);
#1033=LINE('',#8416,#1834);
#1034=LINE('',#8418,#1835);
#1035=LINE('',#8420,#1836);
#1036=LINE('',#8422,#1837);
#1037=LINE('',#8423,#1838);
#1038=LINE('',#8425,#1839);
#1039=LINE('',#8427,#1840);
#1040=LINE('',#8429,#1841);
#1041=LINE('',#8431,#1842);
#1042=LINE('',#8433,#1843);
#1043=LINE('',#8435,#1844);
#1044=LINE('',#8437,#1845);
#1045=LINE('',#8439,#1846);
#1046=LINE('',#8441,#1847);
#1047=LINE('',#8443,#1848);
#1048=LINE('',#8445,#1849);
#1049=LINE('',#8447,#1850);
#1050=LINE('',#8448,#1851);
#1051=LINE('',#8450,#1852);
#1052=LINE('',#8452,#1853);
#1053=LINE('',#8454,#1854);
#1054=LINE('',#8456,#1855);
#1055=LINE('',#8458,#1856);
#1056=LINE('',#8460,#1857);
#1057=LINE('',#8462,#1858);
#1058=LINE('',#8464,#1859);
#1059=LINE('',#8466,#1860);
#1060=LINE('',#8468,#1861);
#1061=LINE('',#8469,#1862);
#1062=LINE('',#8471,#1863);
#1063=LINE('',#8473,#1864);
#1064=LINE('',#8475,#1865);
#1065=LINE('',#8477,#1866);
#1066=LINE('',#8479,#1867);
#1067=LINE('',#8481,#1868);
#1068=LINE('',#8483,#1869);
#1069=LINE('',#8485,#1870);
#1070=LINE('',#8487,#1871);
#1071=LINE('',#8489,#1872);
#1072=LINE('',#8490,#1873);
#1073=LINE('',#8493,#1874);
#1074=LINE('',#8495,#1875);
#1075=LINE('',#8496,#1876);
#1076=LINE('',#8500,#1877);
#1077=LINE('',#8502,#1878);
#1078=LINE('',#8504,#1879);
#1079=LINE('',#8505,#1880);
#1080=LINE('',#8509,#1881);
#1081=LINE('',#8511,#1882);
#1082=LINE('',#8513,#1883);
#1083=LINE('',#8514,#1884);
#1084=LINE('',#8516,#1885);
#1085=LINE('',#8517,#1886);
#1086=LINE('',#8521,#1887);
#1087=LINE('',#8523,#1888);
#1088=LINE('',#8525,#1889);
#1089=LINE('',#8526,#1890);
#1090=LINE('',#8530,#1891);
#1091=LINE('',#8532,#1892);
#1092=LINE('',#8534,#1893);
#1093=LINE('',#8535,#1894);
#1094=LINE('',#8537,#1895);
#1095=LINE('',#8538,#1896);
#1096=LINE('',#8542,#1897);
#1097=LINE('',#8544,#1898);
#1098=LINE('',#8546,#1899);
#1099=LINE('',#8547,#1900);
#1100=LINE('',#8551,#1901);
#1101=LINE('',#8553,#1902);
#1102=LINE('',#8555,#1903);
#1103=LINE('',#8556,#1904);
#1104=LINE('',#8558,#1905);
#1105=LINE('',#8559,#1906);
#1106=LINE('',#8563,#1907);
#1107=LINE('',#8565,#1908);
#1108=LINE('',#8567,#1909);
#1109=LINE('',#8568,#1910);
#1110=LINE('',#8572,#1911);
#1111=LINE('',#8574,#1912);
#1112=LINE('',#8576,#1913);
#1113=LINE('',#8577,#1914);
#1114=LINE('',#8579,#1915);
#1115=LINE('',#8580,#1916);
#1116=LINE('',#8583,#1917);
#1117=LINE('',#8585,#1918);
#1118=LINE('',#8587,#1919);
#1119=LINE('',#8588,#1920);
#1120=LINE('',#8591,#1921);
#1121=LINE('',#8593,#1922);
#1122=LINE('',#8595,#1923);
#1123=LINE('',#8596,#1924);
#1124=LINE('',#8598,#1925);
#1125=LINE('',#8599,#1926);
#1126=LINE('',#8602,#1927);
#1127=LINE('',#8604,#1928);
#1128=LINE('',#8606,#1929);
#1129=LINE('',#8607,#1930);
#1130=LINE('',#8610,#1931);
#1131=LINE('',#8612,#1932);
#1132=LINE('',#8614,#1933);
#1133=LINE('',#8615,#1934);
#1134=LINE('',#8617,#1935);
#1135=LINE('',#8618,#1936);
#1136=LINE('',#8621,#1937);
#1137=LINE('',#8623,#1938);
#1138=LINE('',#8625,#1939);
#1139=LINE('',#8626,#1940);
#1140=LINE('',#8629,#1941);
#1141=LINE('',#8631,#1942);
#1142=LINE('',#8633,#1943);
#1143=LINE('',#8634,#1944);
#1144=LINE('',#8636,#1945);
#1145=LINE('',#8637,#1946);
#1146=LINE('',#8640,#1947);
#1147=LINE('',#8642,#1948);
#1148=LINE('',#8644,#1949);
#1149=LINE('',#8645,#1950);
#1150=LINE('',#8648,#1951);
#1151=LINE('',#8650,#1952);
#1152=LINE('',#8652,#1953);
#1153=LINE('',#8653,#1954);
#1154=LINE('',#8655,#1955);
#1155=LINE('',#8656,#1956);
#1156=LINE('',#8658,#1957);
#1157=LINE('',#8661,#1958);
#1158=LINE('',#8662,#1959);
#1159=LINE('',#8665,#1960);
#1160=LINE('',#8666,#1961);
#1161=LINE('',#8669,#1962);
#1162=LINE('',#8670,#1963);
#1163=LINE('',#8673,#1964);
#1164=LINE('',#8675,#1965);
#1165=LINE('',#8677,#1966);
#1166=LINE('',#8678,#1967);
#1167=LINE('',#8680,#1968);
#1168=LINE('',#8682,#1969);
#1169=LINE('',#8683,#1970);
#1170=LINE('',#8686,#1971);
#1171=LINE('',#8687,#1972);
#1172=LINE('',#8690,#1973);
#1173=LINE('',#8691,#1974);
#1174=LINE('',#8694,#1975);
#1175=LINE('',#8695,#1976);
#1176=LINE('',#8698,#1977);
#1177=LINE('',#8700,#1978);
#1178=LINE('',#8702,#1979);
#1179=LINE('',#8703,#1980);
#1180=LINE('',#8705,#1981);
#1181=LINE('',#8707,#1982);
#1182=LINE('',#8708,#1983);
#1183=LINE('',#8711,#1984);
#1184=LINE('',#8712,#1985);
#1185=LINE('',#8715,#1986);
#1186=LINE('',#8716,#1987);
#1187=LINE('',#8719,#1988);
#1188=LINE('',#8720,#1989);
#1189=LINE('',#8723,#1990);
#1190=LINE('',#8725,#1991);
#1191=LINE('',#8727,#1992);
#1192=LINE('',#8728,#1993);
#1193=LINE('',#8730,#1994);
#1194=LINE('',#8732,#1995);
#1195=LINE('',#8733,#1996);
#1196=LINE('',#8736,#1997);
#1197=LINE('',#8738,#1998);
#1198=LINE('',#8739,#1999);
#1199=LINE('',#8742,#2000);
#1200=LINE('',#8743,#2001);
#1201=LINE('',#8746,#2002);
#1202=LINE('',#8747,#2003);
#1203=LINE('',#8750,#2004);
#1204=LINE('',#8751,#2005);
#1205=LINE('',#8754,#2006);
#1206=LINE('',#8756,#2007);
#1207=LINE('',#8758,#2008);
#1208=LINE('',#8759,#2009);
#1209=LINE('',#8761,#2010);
#1210=LINE('',#8763,#2011);
#1211=LINE('',#8764,#2012);
#1212=LINE('',#8766,#2013);
#1213=LINE('',#8768,#2014);
#1214=LINE('',#8769,#2015);
#1215=LINE('',#8770,#2016);
#1216=LINE('',#8773,#2017);
#1217=LINE('',#8775,#2018);
#1218=LINE('',#8776,#2019);
#1219=LINE('',#8779,#2020);
#1220=LINE('',#8780,#2021);
#1221=LINE('',#8783,#2022);
#1222=LINE('',#8784,#2023);
#1223=LINE('',#8786,#2024);
#1224=LINE('',#8787,#2025);
#1225=LINE('',#8790,#2026);
#1226=LINE('',#8792,#2027);
#1227=LINE('',#8793,#2028);
#1228=LINE('',#8796,#2029);
#1229=LINE('',#8797,#2030);
#1230=LINE('',#8799,#2031);
#1231=LINE('',#8801,#2032);
#1232=LINE('',#8802,#2033);
#1233=LINE('',#8805,#2034);
#1234=LINE('',#8807,#2035);
#1235=LINE('',#8808,#2036);
#1236=LINE('',#8811,#2037);
#1237=LINE('',#8812,#2038);
#1238=LINE('',#8814,#2039);
#1239=LINE('',#8816,#2040);
#1240=LINE('',#8817,#2041);
#1241=LINE('',#8820,#2042);
#1242=LINE('',#8822,#2043);
#1243=LINE('',#8823,#2044);
#1244=LINE('',#8826,#2045);
#1245=LINE('',#8827,#2046);
#1246=LINE('',#8830,#2047);
#1247=LINE('',#8831,#2048);
#1248=LINE('',#8833,#2049);
#1249=LINE('',#8834,#2050);
#1250=LINE('',#8837,#2051);
#1251=LINE('',#8839,#2052);
#1252=LINE('',#8840,#2053);
#1253=LINE('',#8842,#2054);
#1254=LINE('',#8844,#2055);
#1255=LINE('',#8846,#2056);
#1256=LINE('',#8849,#2057);
#1257=LINE('',#8851,#2058);
#1258=LINE('',#8852,#2059);
#1259=LINE('',#8855,#2060);
#1260=LINE('',#8856,#2061);
#1261=LINE('',#8859,#2062);
#1262=LINE('',#8860,#2063);
#1263=LINE('',#8862,#2064);
#1264=LINE('',#8865,#2065);
#1265=LINE('',#8867,#2066);
#1266=LINE('',#8868,#2067);
#1267=LINE('',#8871,#2068);
#1268=LINE('',#8872,#2069);
#1269=LINE('',#8875,#2070);
#1270=LINE('',#8876,#2071);
#1271=LINE('',#8878,#2072);
#1272=LINE('',#8879,#2073);
#1273=LINE('',#8880,#2074);
#1274=LINE('',#8883,#2075);
#1275=LINE('',#8884,#2076);
#1276=LINE('',#8887,#2077);
#1277=LINE('',#8888,#2078);
#1278=LINE('',#8890,#2079);
#1279=LINE('',#8893,#2080);
#1280=LINE('',#8894,#2081);
#1281=LINE('',#8897,#2082);
#1282=LINE('',#8898,#2083);
#1283=LINE('',#8901,#2084);
#1284=LINE('',#8902,#2085);
#1285=LINE('',#8905,#2086);
#1286=LINE('',#8906,#2087);
#1287=LINE('',#8909,#2088);
#1288=LINE('',#8910,#2089);
#1289=LINE('',#8913,#2090);
#1290=LINE('',#8914,#2091);
#1291=LINE('',#8916,#2092);
#1292=LINE('',#8919,#2093);
#1293=LINE('',#8921,#2094);
#1294=LINE('',#8922,#2095);
#1295=LINE('',#8925,#2096);
#1296=LINE('',#8926,#2097);
#1297=LINE('',#8929,#2098);
#1298=LINE('',#8930,#2099);
#1299=LINE('',#8933,#2100);
#1300=LINE('',#8934,#2101);
#1301=LINE('',#8937,#2102);
#1302=LINE('',#8938,#2103);
#1303=LINE('',#8941,#2104);
#1304=LINE('',#8942,#2105);
#1305=LINE('',#8945,#2106);
#1306=LINE('',#8946,#2107);
#1307=LINE('',#8948,#2108);
#1308=LINE('',#8951,#2109);
#1309=LINE('',#8953,#2110);
#1310=LINE('',#8954,#2111);
#1311=LINE('',#8957,#2112);
#1312=LINE('',#8958,#2113);
#1313=LINE('',#8961,#2114);
#1314=LINE('',#8962,#2115);
#1315=LINE('',#8965,#2116);
#1316=LINE('',#8966,#2117);
#1317=LINE('',#8969,#2118);
#1318=LINE('',#8970,#2119);
#1319=LINE('',#8973,#2120);
#1320=LINE('',#8974,#2121);
#1321=LINE('',#8977,#2122);
#1322=LINE('',#8978,#2123);
#1323=LINE('',#8981,#2124);
#1324=LINE('',#8982,#2125);
#1325=LINE('',#8985,#2126);
#1326=LINE('',#8986,#2127);
#1327=LINE('',#8988,#2128);
#1328=LINE('',#8991,#2129);
#1329=LINE('',#8993,#2130);
#1330=LINE('',#8994,#2131);
#1331=LINE('',#8997,#2132);
#1332=LINE('',#8998,#2133);
#1333=LINE('',#9001,#2134);
#1334=LINE('',#9002,#2135);
#1335=LINE('',#9004,#2136);
#1336=LINE('',#9005,#2137);
#1337=LINE('',#9006,#2138);
#1338=LINE('',#9009,#2139);
#1339=LINE('',#9010,#2140);
#1340=LINE('',#9013,#2141);
#1341=LINE('',#9014,#2142);
#1342=LINE('',#9017,#2143);
#1343=LINE('',#9018,#2144);
#1344=LINE('',#9020,#2145);
#1345=LINE('',#9021,#2146);
#1346=LINE('',#9024,#2147);
#1347=LINE('',#9025,#2148);
#1348=LINE('',#9028,#2149);
#1349=LINE('',#9029,#2150);
#1350=LINE('',#9032,#2151);
#1351=LINE('',#9033,#2152);
#1352=LINE('',#9035,#2153);
#1353=LINE('',#9036,#2154);
#1354=LINE('',#9038,#2155);
#1355=LINE('',#9041,#2156);
#1356=LINE('',#9042,#2157);
#1357=LINE('',#9045,#2158);
#1358=LINE('',#9046,#2159);
#1359=LINE('',#9048,#2160);
#1360=LINE('',#9051,#2161);
#1361=LINE('',#9053,#2162);
#1362=LINE('',#9054,#2163);
#1363=LINE('',#9056,#2164);
#1364=LINE('',#9058,#2165);
#1365=LINE('',#9059,#2166);
#1366=LINE('',#9062,#2167);
#1367=LINE('',#9063,#2168);
#1368=LINE('',#9065,#2169);
#1369=LINE('',#9066,#2170);
#1370=LINE('',#9069,#2171);
#1371=LINE('',#9070,#2172);
#1372=LINE('',#9073,#2173);
#1373=LINE('',#9074,#2174);
#1374=LINE('',#9076,#2175);
#1375=LINE('',#9078,#2176);
#1376=LINE('',#9079,#2177);
#1377=LINE('',#9081,#2178);
#1378=LINE('',#9084,#2179);
#1379=LINE('',#9085,#2180);
#1380=LINE('',#9088,#2181);
#1381=LINE('',#9089,#2182);
#1382=LINE('',#9092,#2183);
#1383=LINE('',#9093,#2184);
#1384=LINE('',#9095,#2185);
#1385=LINE('',#9098,#2186);
#1386=LINE('',#9099,#2187);
#1387=LINE('',#9101,#2188);
#1388=LINE('',#9103,#2189);
#1389=LINE('',#9104,#2190);
#1390=LINE('',#9107,#2191);
#1391=LINE('',#9108,#2192);
#1392=LINE('',#9110,#2193);
#1393=LINE('',#9113,#2194);
#1394=LINE('',#9114,#2195);
#1395=LINE('',#9117,#2196);
#1396=LINE('',#9118,#2197);
#1397=LINE('',#9120,#2198);
#1398=LINE('',#9122,#2199);
#1399=LINE('',#9123,#2200);
#1400=LINE('',#9125,#2201);
#1401=LINE('',#9128,#2202);
#1402=LINE('',#9129,#2203);
#1403=LINE('',#9132,#2204);
#1404=LINE('',#9133,#2205);
#1405=LINE('',#9135,#2206);
#1406=LINE('',#9137,#2207);
#1407=LINE('',#9138,#2208);
#1408=LINE('',#9140,#2209);
#1409=LINE('',#9143,#2210);
#1410=LINE('',#9144,#2211);
#1411=LINE('',#9147,#2212);
#1412=LINE('',#9148,#2213);
#1413=LINE('',#9151,#2214);
#1414=LINE('',#9152,#2215);
#1415=LINE('',#9154,#2216);
#1416=LINE('',#9157,#2217);
#1417=LINE('',#9159,#2218);
#1418=LINE('',#9160,#2219);
#1419=LINE('',#9163,#2220);
#1420=LINE('',#9164,#2221);
#1421=LINE('',#9167,#2222);
#1422=LINE('',#9168,#2223);
#1423=LINE('',#9171,#2224);
#1424=LINE('',#9172,#2225);
#1425=LINE('',#9175,#2226);
#1426=LINE('',#9176,#2227);
#1427=LINE('',#9179,#2228);
#1428=LINE('',#9180,#2229);
#1429=LINE('',#9183,#2230);
#1430=LINE('',#9184,#2231);
#1431=LINE('',#9186,#2232);
#1432=LINE('',#9191,#2233);
#1433=LINE('',#9192,#2234);
#1434=LINE('',#9195,#2235);
#1435=LINE('',#9196,#2236);
#1436=LINE('',#9199,#2237);
#1437=LINE('',#9200,#2238);
#1438=LINE('',#9203,#2239);
#1439=LINE('',#9204,#2240);
#1440=LINE('',#9207,#2241);
#1441=LINE('',#9210,#2242);
#1442=LINE('',#9213,#2243);
#1443=LINE('',#9216,#2244);
#1444=LINE('',#9219,#2245);
#1445=LINE('',#9220,#2246);
#1446=LINE('',#9223,#2247);
#1447=LINE('',#9224,#2248);
#1448=LINE('',#9227,#2249);
#1449=LINE('',#9228,#2250);
#1450=LINE('',#9231,#2251);
#1451=LINE('',#9232,#2252);
#1452=LINE('',#9235,#2253);
#1453=LINE('',#9236,#2254);
#1454=LINE('',#9239,#2255);
#1455=LINE('',#9240,#2256);
#1456=LINE('',#9243,#2257);
#1457=LINE('',#9244,#2258);
#1458=LINE('',#9247,#2259);
#1459=LINE('',#9248,#2260);
#1460=LINE('',#9251,#2261);
#1461=LINE('',#9252,#2262);
#1462=LINE('',#9255,#2263);
#1463=LINE('',#9256,#2264);
#1464=LINE('',#9259,#2265);
#1465=LINE('',#9260,#2266);
#1466=LINE('',#9263,#2267);
#1467=LINE('',#9264,#2268);
#1468=LINE('',#9267,#2269);
#1469=LINE('',#9268,#2270);
#1470=LINE('',#9271,#2271);
#1471=LINE('',#9272,#2272);
#1472=LINE('',#9275,#2273);
#1473=LINE('',#9276,#2274);
#1474=LINE('',#9279,#2275);
#1475=LINE('',#9280,#2276);
#1476=LINE('',#9283,#2277);
#1477=LINE('',#9284,#2278);
#1478=LINE('',#9286,#2279);
#1479=LINE('',#9289,#2280);
#1480=LINE('',#9290,#2281);
#1481=LINE('',#9293,#2282);
#1482=LINE('',#9294,#2283);
#1483=LINE('',#9297,#2284);
#1484=LINE('',#9298,#2285);
#1485=LINE('',#9301,#2286);
#1486=LINE('',#9302,#2287);
#1487=LINE('',#9305,#2288);
#1488=LINE('',#9306,#2289);
#1489=LINE('',#9309,#2290);
#1490=LINE('',#9310,#2291);
#1491=LINE('',#9314,#2292);
#1492=LINE('',#9315,#2293);
#1493=LINE('',#9316,#2294);
#1494=LINE('',#9318,#2295);
#1495=LINE('',#9320,#2296);
#1496=LINE('',#9322,#2297);
#1497=LINE('',#9323,#2298);
#1498=LINE('',#9324,#2299);
#1499=LINE('',#9329,#2300);
#1500=LINE('',#9332,#2301);
#1501=LINE('',#9334,#2302);
#1502=VECTOR('',#6212,10.);
#1503=VECTOR('',#6213,10.);
#1504=VECTOR('',#6214,10.);
#1505=VECTOR('',#6215,10.);
#1506=VECTOR('',#6218,10.);
#1507=VECTOR('',#6219,10.);
#1508=VECTOR('',#6220,10.);
#1509=VECTOR('',#6221,10.);
#1510=VECTOR('',#6224,10.);
#1511=VECTOR('',#6225,10.);
#1512=VECTOR('',#6226,10.);
#1513=VECTOR('',#6229,10.);
#1514=VECTOR('',#6232,10.);
#1515=VECTOR('',#6233,10.);
#1516=VECTOR('',#6234,10.);
#1517=VECTOR('',#6237,10.);
#1518=VECTOR('',#6238,10.);
#1519=VECTOR('',#6239,10.);
#1520=VECTOR('',#6240,10.);
#1521=VECTOR('',#6243,10.);
#1522=VECTOR('',#6244,10.);
#1523=VECTOR('',#6245,10.);
#1524=VECTOR('',#6246,10.);
#1525=VECTOR('',#6249,10.);
#1526=VECTOR('',#6250,10.);
#1527=VECTOR('',#6251,10.);
#1528=VECTOR('',#6254,10.);
#1529=VECTOR('',#6257,10.);
#1530=VECTOR('',#6258,10.);
#1531=VECTOR('',#6259,10.);
#1532=VECTOR('',#6262,10.);
#1533=VECTOR('',#6263,10.);
#1534=VECTOR('',#6264,10.);
#1535=VECTOR('',#6265,10.);
#1536=VECTOR('',#6268,10.);
#1537=VECTOR('',#6269,10.);
#1538=VECTOR('',#6270,10.);
#1539=VECTOR('',#6271,10.);
#1540=VECTOR('',#6274,10.);
#1541=VECTOR('',#6275,10.);
#1542=VECTOR('',#6276,10.);
#1543=VECTOR('',#6279,10.);
#1544=VECTOR('',#6282,10.);
#1545=VECTOR('',#6283,10.);
#1546=VECTOR('',#6284,10.);
#1547=VECTOR('',#6287,10.);
#1548=VECTOR('',#6288,10.);
#1549=VECTOR('',#6289,10.);
#1550=VECTOR('',#6290,10.);
#1551=VECTOR('',#6293,10.);
#1552=VECTOR('',#6294,10.);
#1553=VECTOR('',#6295,10.);
#1554=VECTOR('',#6296,10.);
#1555=VECTOR('',#6299,10.);
#1556=VECTOR('',#6300,10.);
#1557=VECTOR('',#6301,10.);
#1558=VECTOR('',#6304,10.);
#1559=VECTOR('',#6307,10.);
#1560=VECTOR('',#6308,10.);
#1561=VECTOR('',#6309,10.);
#1562=VECTOR('',#6312,10.);
#1563=VECTOR('',#6313,10.);
#1564=VECTOR('',#6314,10.);
#1565=VECTOR('',#6315,10.);
#1566=VECTOR('',#6318,10.);
#1567=VECTOR('',#6319,10.);
#1568=VECTOR('',#6322,10.);
#1569=VECTOR('',#6323,10.);
#1570=VECTOR('',#6326,10.);
#1571=VECTOR('',#6327,10.);
#1572=VECTOR('',#6328,10.);
#1573=VECTOR('',#6331,10.);
#1574=VECTOR('',#6332,10.);
#1575=VECTOR('',#6333,10.);
#1576=VECTOR('',#6334,10.);
#1577=VECTOR('',#6335,10.);
#1578=VECTOR('',#6336,10.);
#1579=VECTOR('',#6337,10.);
#1580=VECTOR('',#6338,10.);
#1581=VECTOR('',#6339,10.);
#1582=VECTOR('',#6340,10.);
#1583=VECTOR('',#6341,10.);
#1584=VECTOR('',#6342,10.);
#1585=VECTOR('',#6343,10.);
#1586=VECTOR('',#6344,10.);
#1587=VECTOR('',#6345,10.);
#1588=VECTOR('',#6346,10.);
#1589=VECTOR('',#6347,10.);
#1590=VECTOR('',#6348,10.);
#1591=VECTOR('',#6349,10.);
#1592=VECTOR('',#6350,10.);
#1593=VECTOR('',#6351,10.);
#1594=VECTOR('',#6352,10.);
#1595=VECTOR('',#6353,10.);
#1596=VECTOR('',#6354,10.);
#1597=VECTOR('',#6357,10.);
#1598=VECTOR('',#6360,10.);
#1599=VECTOR('',#6361,10.);
#1600=VECTOR('',#6362,10.);
#1601=VECTOR('',#6365,10.);
#1602=VECTOR('',#6368,10.);
#1603=VECTOR('',#6371,10.);
#1604=VECTOR('',#6372,10.);
#1605=VECTOR('',#6375,10.);
#1606=VECTOR('',#6378,10.);
#1607=VECTOR('',#6379,10.);
#1608=VECTOR('',#6380,10.);
#1609=VECTOR('',#6383,10.);
#1610=VECTOR('',#6386,10.);
#1611=VECTOR('',#6389,10.);
#1612=VECTOR('',#6390,10.);
#1613=VECTOR('',#6393,10.);
#1614=VECTOR('',#6396,10.);
#1615=VECTOR('',#6397,10.);
#1616=VECTOR('',#6398,10.);
#1617=VECTOR('',#6399,10.);
#1618=VECTOR('',#6400,10.);
#1619=VECTOR('',#6403,10.);
#1620=VECTOR('',#6404,10.);
#1621=VECTOR('',#6411,10.);
#1622=VECTOR('',#6414,10.);
#1623=VECTOR('',#6415,10.);
#1624=VECTOR('',#6416,10.);
#1625=VECTOR('',#6417,10.);
#1626=VECTOR('',#6418,10.);
#1627=VECTOR('',#6419,10.);
#1628=VECTOR('',#6420,10.);
#1629=VECTOR('',#6421,10.);
#1630=VECTOR('',#6422,10.);
#1631=VECTOR('',#6423,10.);
#1632=VECTOR('',#6424,10.);
#1633=VECTOR('',#6425,10.);
#1634=VECTOR('',#6428,10.);
#1635=VECTOR('',#6429,10.);
#1636=VECTOR('',#6432,10.);
#1637=VECTOR('',#6433,10.);
#1638=VECTOR('',#6434,10.);
#1639=VECTOR('',#6437,10.);
#1640=VECTOR('',#6438,10.);
#1641=VECTOR('',#6441,10.);
#1642=VECTOR('',#6442,10.);
#1643=VECTOR('',#6447,10.);
#1644=VECTOR('',#6452,10.);
#1645=VECTOR('',#6453,10.);
#1646=VECTOR('',#6454,10.);
#1647=VECTOR('',#6457,10.);
#1648=VECTOR('',#6458,10.);
#1649=VECTOR('',#6461,10.);
#1650=VECTOR('',#6462,10.);
#1651=VECTOR('',#6467,10.);
#1652=VECTOR('',#6474,10.);
#1653=VECTOR('',#6475,10.);
#1654=VECTOR('',#6476,10.);
#1655=VECTOR('',#6477,10.);
#1656=VECTOR('',#6480,10.);
#1657=VECTOR('',#6481,10.);
#1658=VECTOR('',#6482,10.);
#1659=VECTOR('',#6485,10.);
#1660=VECTOR('',#6486,10.);
#1661=VECTOR('',#6487,10.);
#1662=VECTOR('',#6488,10.);
#1663=VECTOR('',#6489,10.);
#1664=VECTOR('',#6490,10.);
#1665=VECTOR('',#6491,10.);
#1666=VECTOR('',#6494,10.);
#1667=VECTOR('',#6495,10.);
#1668=VECTOR('',#6496,10.);
#1669=VECTOR('',#6497,10.);
#1670=VECTOR('',#6500,10.);
#1671=VECTOR('',#6501,10.);
#1672=VECTOR('',#6502,10.);
#1673=VECTOR('',#6505,10.);
#1674=VECTOR('',#6506,10.);
#1675=VECTOR('',#6509,10.);
#1676=VECTOR('',#6510,10.);
#1677=VECTOR('',#6511,10.);
#1678=VECTOR('',#6512,10.);
#1679=VECTOR('',#6513,10.);
#1680=VECTOR('',#6514,10.);
#1681=VECTOR('',#6515,10.);
#1682=VECTOR('',#6516,10.);
#1683=VECTOR('',#6517,10.);
#1684=VECTOR('',#6520,10.);
#1685=VECTOR('',#6521,10.);
#1686=VECTOR('',#6522,10.);
#1687=VECTOR('',#6523,10.);
#1688=VECTOR('',#6524,10.);
#1689=VECTOR('',#6525,10.);
#1690=VECTOR('',#6526,10.);
#1691=VECTOR('',#6527,10.);
#1692=VECTOR('',#6530,10.);
#1693=VECTOR('',#6531,10.);
#1694=VECTOR('',#6534,10.);
#1695=VECTOR('',#6535,10.);
#1696=VECTOR('',#6538,10.);
#1697=VECTOR('',#6539,10.);
#1698=VECTOR('',#6540,10.);
#1699=VECTOR('',#6541,10.);
#1700=VECTOR('',#6544,10.);
#1701=VECTOR('',#6545,10.);
#1702=VECTOR('',#6546,10.);
#1703=VECTOR('',#6547,10.);
#1704=VECTOR('',#6550,10.);
#1705=VECTOR('',#6551,10.);
#1706=VECTOR('',#6552,10.);
#1707=VECTOR('',#6553,10.);
#1708=VECTOR('',#6556,10.);
#1709=VECTOR('',#6557,10.);
#1710=VECTOR('',#6560,10.);
#1711=VECTOR('',#6561,10.);
#1712=VECTOR('',#6564,10.);
#1713=VECTOR('',#6565,10.);
#1714=VECTOR('',#6566,10.);
#1715=VECTOR('',#6567,10.);
#1716=VECTOR('',#6568,10.);
#1717=VECTOR('',#6569,10.);
#1718=VECTOR('',#6570,10.);
#1719=VECTOR('',#6571,10.);
#1720=VECTOR('',#6574,10.);
#1721=VECTOR('',#6575,10.);
#1722=VECTOR('',#6576,10.);
#1723=VECTOR('',#6577,10.);
#1724=VECTOR('',#6580,10.);
#1725=VECTOR('',#6581,10.);
#1726=VECTOR('',#6584,10.);
#1727=VECTOR('',#6585,10.);
#1728=VECTOR('',#6586,10.);
#1729=VECTOR('',#6587,10.);
#1730=VECTOR('',#6590,10.);
#1731=VECTOR('',#6591,10.);
#1732=VECTOR('',#6594,10.);
#1733=VECTOR('',#6595,10.);
#1734=VECTOR('',#6598,10.);
#1735=VECTOR('',#6599,10.);
#1736=VECTOR('',#6600,10.);
#1737=VECTOR('',#6601,10.);
#1738=VECTOR('',#6604,10.);
#1739=VECTOR('',#6605,10.);
#1740=VECTOR('',#6606,10.);
#1741=VECTOR('',#6607,10.);
#1742=VECTOR('',#6610,10.);
#1743=VECTOR('',#6611,10.);
#1744=VECTOR('',#6612,10.);
#1745=VECTOR('',#6613,10.);
#1746=VECTOR('',#6616,10.);
#1747=VECTOR('',#6617,10.);
#1748=VECTOR('',#6618,10.);
#1749=VECTOR('',#6619,10.);
#1750=VECTOR('',#6622,10.);
#1751=VECTOR('',#6623,10.);
#1752=VECTOR('',#6624,10.);
#1753=VECTOR('',#6625,10.);
#1754=VECTOR('',#6626,10.);
#1755=VECTOR('',#6627,10.);
#1756=VECTOR('',#6628,10.);
#1757=VECTOR('',#6629,10.);
#1758=VECTOR('',#6630,10.);
#1759=VECTOR('',#6633,10.);
#1760=VECTOR('',#6634,10.);
#1761=VECTOR('',#6635,10.);
#1762=VECTOR('',#6636,10.);
#1763=VECTOR('',#6639,10.);
#1764=VECTOR('',#6640,10.);
#1765=VECTOR('',#6641,10.);
#1766=VECTOR('',#6644,10.);
#1767=VECTOR('',#6645,10.);
#1768=VECTOR('',#6646,10.);
#1769=VECTOR('',#6647,10.);
#1770=VECTOR('',#6650,10.);
#1771=VECTOR('',#6651,10.);
#1772=VECTOR('',#6652,10.);
#1773=VECTOR('',#6655,10.);
#1774=VECTOR('',#6656,10.);
#1775=VECTOR('',#6657,10.);
#1776=VECTOR('',#6660,10.);
#1777=VECTOR('',#6663,10.);
#1778=VECTOR('',#6664,10.);
#1779=VECTOR('',#6665,10.);
#1780=VECTOR('',#6666,10.);
#1781=VECTOR('',#6669,10.);
#1782=VECTOR('',#6670,10.);
#1783=VECTOR('',#6671,10.);
#1784=VECTOR('',#6674,10.);
#1785=VECTOR('',#6675,10.);
#1786=VECTOR('',#6676,10.);
#1787=VECTOR('',#6679,10.);
#1788=VECTOR('',#6682,10.);
#1789=VECTOR('',#6683,10.);
#1790=VECTOR('',#6684,10.);
#1791=VECTOR('',#6685,10.);
#1792=VECTOR('',#6688,10.);
#1793=VECTOR('',#6689,10.);
#1794=VECTOR('',#6690,10.);
#1795=VECTOR('',#6691,10.);
#1796=VECTOR('',#6694,10.);
#1797=VECTOR('',#6695,10.);
#1798=VECTOR('',#6698,10.);
#1799=VECTOR('',#6701,10.);
#1800=VECTOR('',#6702,10.);
#1801=VECTOR('',#6703,10.);
#1802=VECTOR('',#6704,10.);
#1803=VECTOR('',#6707,10.);
#1804=VECTOR('',#6708,10.);
#1805=VECTOR('',#6709,10.);
#1806=VECTOR('',#6712,10.);
#1807=VECTOR('',#6713,10.);
#1808=VECTOR('',#6714,10.);
#1809=VECTOR('',#6717,10.);
#1810=VECTOR('',#6720,10.);
#1811=VECTOR('',#6721,10.);
#1812=VECTOR('',#6722,10.);
#1813=VECTOR('',#6723,10.);
#1814=VECTOR('',#6724,10.);
#1815=VECTOR('',#6727,10.);
#1816=VECTOR('',#6728,10.);
#1817=VECTOR('',#6729,10.);
#1818=VECTOR('',#6730,10.);
#1819=VECTOR('',#6731,10.);
#1820=VECTOR('',#6734,10.);
#1821=VECTOR('',#6735,10.);
#1822=VECTOR('',#6736,10.);
#1823=VECTOR('',#6737,10.);
#1824=VECTOR('',#6738,10.);
#1825=VECTOR('',#6739,10.);
#1826=VECTOR('',#6740,10.);
#1827=VECTOR('',#6741,10.);
#1828=VECTOR('',#6742,10.);
#1829=VECTOR('',#6743,10.);
#1830=VECTOR('',#6744,10.);
#1831=VECTOR('',#6745,10.);
#1832=VECTOR('',#6746,10.);
#1833=VECTOR('',#6747,10.);
#1834=VECTOR('',#6748,10.);
#1835=VECTOR('',#6749,10.);
#1836=VECTOR('',#6750,10.);
#1837=VECTOR('',#6751,10.);
#1838=VECTOR('',#6752,10.);
#1839=VECTOR('',#6753,10.);
#1840=VECTOR('',#6754,10.);
#1841=VECTOR('',#6755,10.);
#1842=VECTOR('',#6756,10.);
#1843=VECTOR('',#6757,10.);
#1844=VECTOR('',#6758,10.);
#1845=VECTOR('',#6759,10.);
#1846=VECTOR('',#6760,10.);
#1847=VECTOR('',#6761,10.);
#1848=VECTOR('',#6762,10.);
#1849=VECTOR('',#6763,10.);
#1850=VECTOR('',#6764,10.);
#1851=VECTOR('',#6765,10.);
#1852=VECTOR('',#6766,10.);
#1853=VECTOR('',#6767,10.);
#1854=VECTOR('',#6768,10.);
#1855=VECTOR('',#6769,10.);
#1856=VECTOR('',#6770,10.);
#1857=VECTOR('',#6771,10.);
#1858=VECTOR('',#6772,10.);
#1859=VECTOR('',#6773,10.);
#1860=VECTOR('',#6774,10.);
#1861=VECTOR('',#6775,10.);
#1862=VECTOR('',#6776,10.);
#1863=VECTOR('',#6777,10.);
#1864=VECTOR('',#6778,10.);
#1865=VECTOR('',#6779,10.);
#1866=VECTOR('',#6780,10.);
#1867=VECTOR('',#6781,10.);
#1868=VECTOR('',#6782,10.);
#1869=VECTOR('',#6783,10.);
#1870=VECTOR('',#6784,10.);
#1871=VECTOR('',#6785,10.);
#1872=VECTOR('',#6786,10.);
#1873=VECTOR('',#6787,10.);
#1874=VECTOR('',#6790,10.);
#1875=VECTOR('',#6791,10.);
#1876=VECTOR('',#6792,10.);
#1877=VECTOR('',#6795,10.);
#1878=VECTOR('',#6796,10.);
#1879=VECTOR('',#6797,10.);
#1880=VECTOR('',#6798,10.);
#1881=VECTOR('',#6801,10.);
#1882=VECTOR('',#6802,10.);
#1883=VECTOR('',#6803,10.);
#1884=VECTOR('',#6804,10.);
#1885=VECTOR('',#6807,10.);
#1886=VECTOR('',#6808,10.);
#1887=VECTOR('',#6811,10.);
#1888=VECTOR('',#6812,10.);
#1889=VECTOR('',#6813,10.);
#1890=VECTOR('',#6814,10.);
#1891=VECTOR('',#6817,10.);
#1892=VECTOR('',#6818,10.);
#1893=VECTOR('',#6819,10.);
#1894=VECTOR('',#6820,10.);
#1895=VECTOR('',#6823,10.);
#1896=VECTOR('',#6824,10.);
#1897=VECTOR('',#6827,10.);
#1898=VECTOR('',#6828,10.);
#1899=VECTOR('',#6829,10.);
#1900=VECTOR('',#6830,10.);
#1901=VECTOR('',#6833,10.);
#1902=VECTOR('',#6834,10.);
#1903=VECTOR('',#6835,10.);
#1904=VECTOR('',#6836,10.);
#1905=VECTOR('',#6839,10.);
#1906=VECTOR('',#6840,10.);
#1907=VECTOR('',#6843,10.);
#1908=VECTOR('',#6844,10.);
#1909=VECTOR('',#6845,10.);
#1910=VECTOR('',#6846,10.);
#1911=VECTOR('',#6849,10.);
#1912=VECTOR('',#6850,10.);
#1913=VECTOR('',#6851,10.);
#1914=VECTOR('',#6852,10.);
#1915=VECTOR('',#6855,10.);
#1916=VECTOR('',#6856,10.);
#1917=VECTOR('',#6859,10.);
#1918=VECTOR('',#6860,10.);
#1919=VECTOR('',#6861,10.);
#1920=VECTOR('',#6862,10.);
#1921=VECTOR('',#6865,10.);
#1922=VECTOR('',#6866,10.);
#1923=VECTOR('',#6867,10.);
#1924=VECTOR('',#6868,10.);
#1925=VECTOR('',#6871,10.);
#1926=VECTOR('',#6872,10.);
#1927=VECTOR('',#6875,10.);
#1928=VECTOR('',#6876,10.);
#1929=VECTOR('',#6877,10.);
#1930=VECTOR('',#6878,10.);
#1931=VECTOR('',#6881,10.);
#1932=VECTOR('',#6882,10.);
#1933=VECTOR('',#6883,10.);
#1934=VECTOR('',#6884,10.);
#1935=VECTOR('',#6887,10.);
#1936=VECTOR('',#6888,10.);
#1937=VECTOR('',#6891,10.);
#1938=VECTOR('',#6892,10.);
#1939=VECTOR('',#6893,10.);
#1940=VECTOR('',#6894,10.);
#1941=VECTOR('',#6897,10.);
#1942=VECTOR('',#6898,10.);
#1943=VECTOR('',#6899,10.);
#1944=VECTOR('',#6900,10.);
#1945=VECTOR('',#6903,10.);
#1946=VECTOR('',#6904,10.);
#1947=VECTOR('',#6907,10.);
#1948=VECTOR('',#6908,10.);
#1949=VECTOR('',#6909,10.);
#1950=VECTOR('',#6910,10.);
#1951=VECTOR('',#6913,10.);
#1952=VECTOR('',#6914,10.);
#1953=VECTOR('',#6915,10.);
#1954=VECTOR('',#6916,10.);
#1955=VECTOR('',#6919,10.);
#1956=VECTOR('',#6920,10.);
#1957=VECTOR('',#6923,10.);
#1958=VECTOR('',#6926,10.);
#1959=VECTOR('',#6927,10.);
#1960=VECTOR('',#6930,10.);
#1961=VECTOR('',#6931,10.);
#1962=VECTOR('',#6934,10.);
#1963=VECTOR('',#6935,10.);
#1964=VECTOR('',#6938,10.);
#1965=VECTOR('',#6939,10.);
#1966=VECTOR('',#6940,10.);
#1967=VECTOR('',#6941,10.);
#1968=VECTOR('',#6944,10.);
#1969=VECTOR('',#6945,10.);
#1970=VECTOR('',#6946,10.);
#1971=VECTOR('',#6949,10.);
#1972=VECTOR('',#6950,10.);
#1973=VECTOR('',#6953,10.);
#1974=VECTOR('',#6954,10.);
#1975=VECTOR('',#6957,10.);
#1976=VECTOR('',#6958,10.);
#1977=VECTOR('',#6961,10.);
#1978=VECTOR('',#6962,10.);
#1979=VECTOR('',#6963,10.);
#1980=VECTOR('',#6964,10.);
#1981=VECTOR('',#6967,10.);
#1982=VECTOR('',#6968,10.);
#1983=VECTOR('',#6969,10.);
#1984=VECTOR('',#6972,10.);
#1985=VECTOR('',#6973,10.);
#1986=VECTOR('',#6976,10.);
#1987=VECTOR('',#6977,10.);
#1988=VECTOR('',#6980,10.);
#1989=VECTOR('',#6981,10.);
#1990=VECTOR('',#6984,10.);
#1991=VECTOR('',#6985,10.);
#1992=VECTOR('',#6986,10.);
#1993=VECTOR('',#6987,10.);
#1994=VECTOR('',#6990,10.);
#1995=VECTOR('',#6991,10.);
#1996=VECTOR('',#6992,10.);
#1997=VECTOR('',#6995,10.);
#1998=VECTOR('',#6996,10.);
#1999=VECTOR('',#6997,10.);
#2000=VECTOR('',#7000,10.);
#2001=VECTOR('',#7001,10.);
#2002=VECTOR('',#7004,10.);
#2003=VECTOR('',#7005,10.);
#2004=VECTOR('',#7008,10.);
#2005=VECTOR('',#7009,10.);
#2006=VECTOR('',#7012,10.);
#2007=VECTOR('',#7013,10.);
#2008=VECTOR('',#7014,10.);
#2009=VECTOR('',#7015,10.);
#2010=VECTOR('',#7018,10.);
#2011=VECTOR('',#7019,10.);
#2012=VECTOR('',#7020,10.);
#2013=VECTOR('',#7023,10.);
#2014=VECTOR('',#7024,10.);
#2015=VECTOR('',#7025,10.);
#2016=VECTOR('',#7026,10.);
#2017=VECTOR('',#7029,10.);
#2018=VECTOR('',#7030,10.);
#2019=VECTOR('',#7031,10.);
#2020=VECTOR('',#7034,10.);
#2021=VECTOR('',#7035,10.);
#2022=VECTOR('',#7038,10.);
#2023=VECTOR('',#7039,10.);
#2024=VECTOR('',#7042,10.);
#2025=VECTOR('',#7043,10.);
#2026=VECTOR('',#7046,10.);
#2027=VECTOR('',#7047,10.);
#2028=VECTOR('',#7048,10.);
#2029=VECTOR('',#7051,10.);
#2030=VECTOR('',#7052,10.);
#2031=VECTOR('',#7055,10.);
#2032=VECTOR('',#7058,10.);
#2033=VECTOR('',#7059,10.);
#2034=VECTOR('',#7062,10.);
#2035=VECTOR('',#7063,10.);
#2036=VECTOR('',#7064,10.);
#2037=VECTOR('',#7067,10.);
#2038=VECTOR('',#7068,10.);
#2039=VECTOR('',#7071,10.);
#2040=VECTOR('',#7074,10.);
#2041=VECTOR('',#7075,10.);
#2042=VECTOR('',#7078,10.);
#2043=VECTOR('',#7079,10.);
#2044=VECTOR('',#7080,10.);
#2045=VECTOR('',#7083,10.);
#2046=VECTOR('',#7084,10.);
#2047=VECTOR('',#7087,10.);
#2048=VECTOR('',#7088,10.);
#2049=VECTOR('',#7091,10.);
#2050=VECTOR('',#7092,10.);
#2051=VECTOR('',#7095,10.);
#2052=VECTOR('',#7096,10.);
#2053=VECTOR('',#7097,10.);
#2054=VECTOR('',#7100,10.);
#2055=VECTOR('',#7103,10.);
#2056=VECTOR('',#7106,10.);
#2057=VECTOR('',#7109,10.);
#2058=VECTOR('',#7110,10.);
#2059=VECTOR('',#7111,10.);
#2060=VECTOR('',#7114,10.);
#2061=VECTOR('',#7115,10.);
#2062=VECTOR('',#7118,10.);
#2063=VECTOR('',#7119,10.);
#2064=VECTOR('',#7122,10.);
#2065=VECTOR('',#7125,10.);
#2066=VECTOR('',#7126,10.);
#2067=VECTOR('',#7127,10.);
#2068=VECTOR('',#7130,10.);
#2069=VECTOR('',#7131,10.);
#2070=VECTOR('',#7134,10.);
#2071=VECTOR('',#7135,10.);
#2072=VECTOR('',#7138,10.);
#2073=VECTOR('',#7139,10.);
#2074=VECTOR('',#7140,10.);
#2075=VECTOR('',#7143,10.);
#2076=VECTOR('',#7144,10.);
#2077=VECTOR('',#7147,10.);
#2078=VECTOR('',#7148,10.);
#2079=VECTOR('',#7151,10.);
#2080=VECTOR('',#7154,10.);
#2081=VECTOR('',#7155,10.);
#2082=VECTOR('',#7158,10.);
#2083=VECTOR('',#7159,10.);
#2084=VECTOR('',#7162,10.);
#2085=VECTOR('',#7163,10.);
#2086=VECTOR('',#7166,10.);
#2087=VECTOR('',#7167,10.);
#2088=VECTOR('',#7170,10.);
#2089=VECTOR('',#7171,10.);
#2090=VECTOR('',#7174,10.);
#2091=VECTOR('',#7175,10.);
#2092=VECTOR('',#7178,10.);
#2093=VECTOR('',#7181,10.);
#2094=VECTOR('',#7182,10.);
#2095=VECTOR('',#7183,10.);
#2096=VECTOR('',#7186,10.);
#2097=VECTOR('',#7187,10.);
#2098=VECTOR('',#7190,10.);
#2099=VECTOR('',#7191,10.);
#2100=VECTOR('',#7194,10.);
#2101=VECTOR('',#7195,10.);
#2102=VECTOR('',#7198,10.);
#2103=VECTOR('',#7199,10.);
#2104=VECTOR('',#7202,10.);
#2105=VECTOR('',#7203,10.);
#2106=VECTOR('',#7206,10.);
#2107=VECTOR('',#7207,10.);
#2108=VECTOR('',#7210,10.);
#2109=VECTOR('',#7213,10.);
#2110=VECTOR('',#7214,10.);
#2111=VECTOR('',#7215,10.);
#2112=VECTOR('',#7218,10.);
#2113=VECTOR('',#7219,10.);
#2114=VECTOR('',#7222,10.);
#2115=VECTOR('',#7223,10.);
#2116=VECTOR('',#7226,10.);
#2117=VECTOR('',#7227,10.);
#2118=VECTOR('',#7230,10.);
#2119=VECTOR('',#7231,10.);
#2120=VECTOR('',#7234,10.);
#2121=VECTOR('',#7235,10.);
#2122=VECTOR('',#7238,10.);
#2123=VECTOR('',#7239,10.);
#2124=VECTOR('',#7242,10.);
#2125=VECTOR('',#7243,10.);
#2126=VECTOR('',#7246,10.);
#2127=VECTOR('',#7247,10.);
#2128=VECTOR('',#7250,10.);
#2129=VECTOR('',#7253,10.);
#2130=VECTOR('',#7254,10.);
#2131=VECTOR('',#7255,10.);
#2132=VECTOR('',#7258,10.);
#2133=VECTOR('',#7259,10.);
#2134=VECTOR('',#7262,10.);
#2135=VECTOR('',#7263,10.);
#2136=VECTOR('',#7266,10.);
#2137=VECTOR('',#7267,10.);
#2138=VECTOR('',#7268,10.);
#2139=VECTOR('',#7271,10.);
#2140=VECTOR('',#7272,10.);
#2141=VECTOR('',#7275,10.);
#2142=VECTOR('',#7276,10.);
#2143=VECTOR('',#7279,10.);
#2144=VECTOR('',#7280,10.);
#2145=VECTOR('',#7283,10.);
#2146=VECTOR('',#7284,10.);
#2147=VECTOR('',#7287,10.);
#2148=VECTOR('',#7288,10.);
#2149=VECTOR('',#7291,10.);
#2150=VECTOR('',#7292,10.);
#2151=VECTOR('',#7295,10.);
#2152=VECTOR('',#7296,10.);
#2153=VECTOR('',#7299,10.);
#2154=VECTOR('',#7300,10.);
#2155=VECTOR('',#7303,10.);
#2156=VECTOR('',#7306,10.);
#2157=VECTOR('',#7307,10.);
#2158=VECTOR('',#7310,10.);
#2159=VECTOR('',#7311,10.);
#2160=VECTOR('',#7314,10.);
#2161=VECTOR('',#7317,10.);
#2162=VECTOR('',#7318,10.);
#2163=VECTOR('',#7319,10.);
#2164=VECTOR('',#7322,10.);
#2165=VECTOR('',#7323,10.);
#2166=VECTOR('',#7324,10.);
#2167=VECTOR('',#7327,10.);
#2168=VECTOR('',#7328,10.);
#2169=VECTOR('',#7331,10.);
#2170=VECTOR('',#7332,10.);
#2171=VECTOR('',#7335,10.);
#2172=VECTOR('',#7336,10.);
#2173=VECTOR('',#7339,10.);
#2174=VECTOR('',#7340,10.);
#2175=VECTOR('',#7343,10.);
#2176=VECTOR('',#7344,10.);
#2177=VECTOR('',#7345,10.);
#2178=VECTOR('',#7348,10.);
#2179=VECTOR('',#7351,10.);
#2180=VECTOR('',#7352,10.);
#2181=VECTOR('',#7355,10.);
#2182=VECTOR('',#7356,10.);
#2183=VECTOR('',#7359,10.);
#2184=VECTOR('',#7360,10.);
#2185=VECTOR('',#7363,10.);
#2186=VECTOR('',#7366,10.);
#2187=VECTOR('',#7367,10.);
#2188=VECTOR('',#7370,10.);
#2189=VECTOR('',#7371,10.);
#2190=VECTOR('',#7372,10.);
#2191=VECTOR('',#7375,10.);
#2192=VECTOR('',#7376,10.);
#2193=VECTOR('',#7379,10.);
#2194=VECTOR('',#7382,10.);
#2195=VECTOR('',#7383,10.);
#2196=VECTOR('',#7386,10.);
#2197=VECTOR('',#7387,10.);
#2198=VECTOR('',#7390,10.);
#2199=VECTOR('',#7391,10.);
#2200=VECTOR('',#7392,10.);
#2201=VECTOR('',#7395,10.);
#2202=VECTOR('',#7398,10.);
#2203=VECTOR('',#7399,10.);
#2204=VECTOR('',#7402,10.);
#2205=VECTOR('',#7403,10.);
#2206=VECTOR('',#7406,10.);
#2207=VECTOR('',#7407,10.);
#2208=VECTOR('',#7408,10.);
#2209=VECTOR('',#7411,10.);
#2210=VECTOR('',#7414,10.);
#2211=VECTOR('',#7415,10.);
#2212=VECTOR('',#7418,10.);
#2213=VECTOR('',#7419,10.);
#2214=VECTOR('',#7422,10.);
#2215=VECTOR('',#7423,10.);
#2216=VECTOR('',#7426,10.);
#2217=VECTOR('',#7429,10.);
#2218=VECTOR('',#7430,10.);
#2219=VECTOR('',#7431,10.);
#2220=VECTOR('',#7434,10.);
#2221=VECTOR('',#7435,10.);
#2222=VECTOR('',#7438,10.);
#2223=VECTOR('',#7439,10.);
#2224=VECTOR('',#7442,10.);
#2225=VECTOR('',#7443,10.);
#2226=VECTOR('',#7446,10.);
#2227=VECTOR('',#7447,10.);
#2228=VECTOR('',#7450,10.);
#2229=VECTOR('',#7451,10.);
#2230=VECTOR('',#7454,10.);
#2231=VECTOR('',#7455,10.);
#2232=VECTOR('',#7458,10.);
#2233=VECTOR('',#7465,10.);
#2234=VECTOR('',#7466,10.);
#2235=VECTOR('',#7469,10.);
#2236=VECTOR('',#7470,10.);
#2237=VECTOR('',#7473,10.);
#2238=VECTOR('',#7474,10.);
#2239=VECTOR('',#7477,10.);
#2240=VECTOR('',#7478,10.);
#2241=VECTOR('',#7483,10.);
#2242=VECTOR('',#7488,10.);
#2243=VECTOR('',#7493,10.);
#2244=VECTOR('',#7498,10.);
#2245=VECTOR('',#7501,10.);
#2246=VECTOR('',#7502,10.);
#2247=VECTOR('',#7505,10.);
#2248=VECTOR('',#7506,10.);
#2249=VECTOR('',#7509,10.);
#2250=VECTOR('',#7510,10.);
#2251=VECTOR('',#7513,10.);
#2252=VECTOR('',#7514,10.);
#2253=VECTOR('',#7517,10.);
#2254=VECTOR('',#7518,10.);
#2255=VECTOR('',#7521,10.);
#2256=VECTOR('',#7522,10.);
#2257=VECTOR('',#7525,10.);
#2258=VECTOR('',#7526,10.);
#2259=VECTOR('',#7529,10.);
#2260=VECTOR('',#7530,10.);
#2261=VECTOR('',#7533,10.);
#2262=VECTOR('',#7534,10.);
#2263=VECTOR('',#7537,10.);
#2264=VECTOR('',#7538,10.);
#2265=VECTOR('',#7541,10.);
#2266=VECTOR('',#7542,10.);
#2267=VECTOR('',#7545,10.);
#2268=VECTOR('',#7546,10.);
#2269=VECTOR('',#7549,10.);
#2270=VECTOR('',#7550,10.);
#2271=VECTOR('',#7553,10.);
#2272=VECTOR('',#7554,10.);
#2273=VECTOR('',#7557,10.);
#2274=VECTOR('',#7558,10.);
#2275=VECTOR('',#7561,10.);
#2276=VECTOR('',#7562,10.);
#2277=VECTOR('',#7565,10.);
#2278=VECTOR('',#7566,10.);
#2279=VECTOR('',#7569,10.);
#2280=VECTOR('',#7572,10.);
#2281=VECTOR('',#7573,10.);
#2282=VECTOR('',#7576,10.);
#2283=VECTOR('',#7577,10.);
#2284=VECTOR('',#7580,10.);
#2285=VECTOR('',#7581,10.);
#2286=VECTOR('',#7584,10.);
#2287=VECTOR('',#7585,10.);
#2288=VECTOR('',#7588,10.);
#2289=VECTOR('',#7589,10.);
#2290=VECTOR('',#7592,10.);
#2291=VECTOR('',#7593,10.);
#2292=VECTOR('',#7596,10.);
#2293=VECTOR('',#7597,10.);
#2294=VECTOR('',#7598,10.);
#2295=VECTOR('',#7601,10.);
#2296=VECTOR('',#7604,10.);
#2297=VECTOR('',#7607,10.);
#2298=VECTOR('',#7608,10.);
#2299=VECTOR('',#7609,10.);
#2300=VECTOR('',#7618,10.);
#2301=VECTOR('',#7623,10.);
#2302=VECTOR('',#7626,10.);
#2303=VERTEX_POINT('',#7631);
#2304=VERTEX_POINT('',#7632);
#2305=VERTEX_POINT('',#7634);
#2306=VERTEX_POINT('',#7636);
#2307=VERTEX_POINT('',#7640);
#2308=VERTEX_POINT('',#7641);
#2309=VERTEX_POINT('',#7643);
#2310=VERTEX_POINT('',#7648);
#2311=VERTEX_POINT('',#7650);
#2312=VERTEX_POINT('',#7656);
#2313=VERTEX_POINT('',#7658);
#2314=VERTEX_POINT('',#7662);
#2315=VERTEX_POINT('',#7663);
#2316=VERTEX_POINT('',#7665);
#2317=VERTEX_POINT('',#7667);
#2318=VERTEX_POINT('',#7671);
#2319=VERTEX_POINT('',#7672);
#2320=VERTEX_POINT('',#7674);
#2321=VERTEX_POINT('',#7679);
#2322=VERTEX_POINT('',#7681);
#2323=VERTEX_POINT('',#7687);
#2324=VERTEX_POINT('',#7689);
#2325=VERTEX_POINT('',#7693);
#2326=VERTEX_POINT('',#7694);
#2327=VERTEX_POINT('',#7696);
#2328=VERTEX_POINT('',#7698);
#2329=VERTEX_POINT('',#7702);
#2330=VERTEX_POINT('',#7703);
#2331=VERTEX_POINT('',#7705);
#2332=VERTEX_POINT('',#7710);
#2333=VERTEX_POINT('',#7712);
#2334=VERTEX_POINT('',#7718);
#2335=VERTEX_POINT('',#7720);
#2336=VERTEX_POINT('',#7724);
#2337=VERTEX_POINT('',#7725);
#2338=VERTEX_POINT('',#7727);
#2339=VERTEX_POINT('',#7729);
#2340=VERTEX_POINT('',#7733);
#2341=VERTEX_POINT('',#7734);
#2342=VERTEX_POINT('',#7736);
#2343=VERTEX_POINT('',#7741);
#2344=VERTEX_POINT('',#7743);
#2345=VERTEX_POINT('',#7749);
#2346=VERTEX_POINT('',#7751);
#2347=VERTEX_POINT('',#7755);
#2348=VERTEX_POINT('',#7756);
#2349=VERTEX_POINT('',#7758);
#2350=VERTEX_POINT('',#7760);
#2351=VERTEX_POINT('',#7764);
#2352=VERTEX_POINT('',#7771);
#2353=VERTEX_POINT('',#7773);
#2354=VERTEX_POINT('',#7777);
#2355=VERTEX_POINT('',#7778);
#2356=VERTEX_POINT('',#7780);
#2357=VERTEX_POINT('',#7782);
#2358=VERTEX_POINT('',#7784);
#2359=VERTEX_POINT('',#7786);
#2360=VERTEX_POINT('',#7788);
#2361=VERTEX_POINT('',#7790);
#2362=VERTEX_POINT('',#7793);
#2363=VERTEX_POINT('',#7794);
#2364=VERTEX_POINT('',#7796);
#2365=VERTEX_POINT('',#7799);
#2366=VERTEX_POINT('',#7803);
#2367=VERTEX_POINT('',#7804);
#2368=VERTEX_POINT('',#7806);
#2369=VERTEX_POINT('',#7809);
#2370=VERTEX_POINT('',#7812);
#2371=VERTEX_POINT('',#7813);
#2372=VERTEX_POINT('',#7815);
#2373=VERTEX_POINT('',#7818);
#2374=VERTEX_POINT('',#7824);
#2375=VERTEX_POINT('',#7826);
#2376=VERTEX_POINT('',#7834);
#2377=VERTEX_POINT('',#7840);
#2378=VERTEX_POINT('',#7842);
#2379=VERTEX_POINT('',#7850);
#2380=VERTEX_POINT('',#7856);
#2381=VERTEX_POINT('',#7858);
#2382=VERTEX_POINT('',#7860);
#2383=VERTEX_POINT('',#7872);
#2384=VERTEX_POINT('',#7873);
#2385=VERTEX_POINT('',#7875);
#2386=VERTEX_POINT('',#7877);
#2387=VERTEX_POINT('',#7879);
#2388=VERTEX_POINT('',#7881);
#2389=VERTEX_POINT('',#7883);
#2390=VERTEX_POINT('',#7885);
#2391=VERTEX_POINT('',#7887);
#2392=VERTEX_POINT('',#7889);
#2393=VERTEX_POINT('',#7891);
#2394=VERTEX_POINT('',#7893);
#2395=VERTEX_POINT('',#7900);
#2396=VERTEX_POINT('',#7902);
#2397=VERTEX_POINT('',#7917);
#2398=VERTEX_POINT('',#7921);
#2399=VERTEX_POINT('',#7933);
#2400=VERTEX_POINT('',#7934);
#2401=VERTEX_POINT('',#7936);
#2402=VERTEX_POINT('',#7938);
#2403=VERTEX_POINT('',#7942);
#2404=VERTEX_POINT('',#7943);
#2405=VERTEX_POINT('',#7948);
#2406=VERTEX_POINT('',#7950);
#2407=VERTEX_POINT('',#7952);
#2408=VERTEX_POINT('',#7954);
#2409=VERTEX_POINT('',#7956);
#2410=VERTEX_POINT('',#7958);
#2411=VERTEX_POINT('',#7962);
#2412=VERTEX_POINT('',#7963);
#2413=VERTEX_POINT('',#7965);
#2414=VERTEX_POINT('',#7967);
#2415=VERTEX_POINT('',#7971);
#2416=VERTEX_POINT('',#7972);
#2417=VERTEX_POINT('',#7977);
#2418=VERTEX_POINT('',#7978);
#2419=VERTEX_POINT('',#7984);
#2420=VERTEX_POINT('',#7986);
#2421=VERTEX_POINT('',#7994);
#2422=VERTEX_POINT('',#7995);
#2423=VERTEX_POINT('',#7997);
#2424=VERTEX_POINT('',#7999);
#2425=VERTEX_POINT('',#8001);
#2426=VERTEX_POINT('',#8003);
#2427=VERTEX_POINT('',#8005);
#2428=VERTEX_POINT('',#8007);
#2429=VERTEX_POINT('',#8013);
#2430=VERTEX_POINT('',#8015);
#2431=VERTEX_POINT('',#8019);
#2432=VERTEX_POINT('',#8020);
#2433=VERTEX_POINT('',#8022);
#2434=VERTEX_POINT('',#8024);
#2435=VERTEX_POINT('',#8026);
#2436=VERTEX_POINT('',#8028);
#2437=VERTEX_POINT('',#8030);
#2438=VERTEX_POINT('',#8032);
#2439=VERTEX_POINT('',#8036);
#2440=VERTEX_POINT('',#8037);
#2441=VERTEX_POINT('',#8043);
#2442=VERTEX_POINT('',#8045);
#2443=VERTEX_POINT('',#8053);
#2444=VERTEX_POINT('',#8054);
#2445=VERTEX_POINT('',#8061);
#2446=VERTEX_POINT('',#8069);
#2447=VERTEX_POINT('',#8070);
#2448=VERTEX_POINT('',#8073);
#2449=VERTEX_POINT('',#8077);
#2450=VERTEX_POINT('',#8079);
#2451=VERTEX_POINT('',#8081);
#2452=VERTEX_POINT('',#8085);
#2453=VERTEX_POINT('',#8087);
#2454=VERTEX_POINT('',#8089);
#2455=VERTEX_POINT('',#8093);
#2456=VERTEX_POINT('',#8095);
#2457=VERTEX_POINT('',#8101);
#2458=VERTEX_POINT('',#8109);
#2459=VERTEX_POINT('',#8111);
#2460=VERTEX_POINT('',#8117);
#2461=VERTEX_POINT('',#8125);
#2462=VERTEX_POINT('',#8126);
#2463=VERTEX_POINT('',#8128);
#2464=VERTEX_POINT('',#8130);
#2465=VERTEX_POINT('',#8132);
#2466=VERTEX_POINT('',#8134);
#2467=VERTEX_POINT('',#8136);
#2468=VERTEX_POINT('',#8138);
#2469=VERTEX_POINT('',#8142);
#2470=VERTEX_POINT('',#8143);
#2471=VERTEX_POINT('',#8145);
#2472=VERTEX_POINT('',#8147);
#2473=VERTEX_POINT('',#8151);
#2474=VERTEX_POINT('',#8157);
#2475=VERTEX_POINT('',#8159);
#2476=VERTEX_POINT('',#8167);
#2477=VERTEX_POINT('',#8168);
#2478=VERTEX_POINT('',#8170);
#2479=VERTEX_POINT('',#8175);
#2480=VERTEX_POINT('',#8177);
#2481=VERTEX_POINT('',#8190);
#2482=VERTEX_POINT('',#8191);
#2483=VERTEX_POINT('',#8193);
#2484=VERTEX_POINT('',#8199);
#2485=VERTEX_POINT('',#8207);
#2486=VERTEX_POINT('',#8208);
#2487=VERTEX_POINT('',#8211);
#2488=VERTEX_POINT('',#8215);
#2489=VERTEX_POINT('',#8217);
#2490=VERTEX_POINT('',#8219);
#2491=VERTEX_POINT('',#8223);
#2492=VERTEX_POINT('',#8224);
#2493=VERTEX_POINT('',#8226);
#2494=VERTEX_POINT('',#8228);
#2495=VERTEX_POINT('',#8232);
#2496=VERTEX_POINT('',#8234);
#2497=VERTEX_POINT('',#8239);
#2498=VERTEX_POINT('',#8240);
#2499=VERTEX_POINT('',#8242);
#2500=VERTEX_POINT('',#8244);
#2501=VERTEX_POINT('',#8246);
#2502=VERTEX_POINT('',#8248);
#2503=VERTEX_POINT('',#8250);
#2504=VERTEX_POINT('',#8256);
#2505=VERTEX_POINT('',#8258);
#2506=VERTEX_POINT('',#8260);
#2507=VERTEX_POINT('',#8264);
#2508=VERTEX_POINT('',#8266);
#2509=VERTEX_POINT('',#8271);
#2510=VERTEX_POINT('',#8273);
#2511=VERTEX_POINT('',#8277);
#2512=VERTEX_POINT('',#8278);
#2513=VERTEX_POINT('',#8280);
#2514=VERTEX_POINT('',#8282);
#2515=VERTEX_POINT('',#8286);
#2516=VERTEX_POINT('',#8288);
#2517=VERTEX_POINT('',#8292);
#2518=VERTEX_POINT('',#8294);
#2519=VERTEX_POINT('',#8300);
#2520=VERTEX_POINT('',#8301);
#2521=VERTEX_POINT('',#8303);
#2522=VERTEX_POINT('',#8305);
#2523=VERTEX_POINT('',#8309);
#2524=VERTEX_POINT('',#8311);
#2525=VERTEX_POINT('',#8315);
#2526=VERTEX_POINT('',#8317);
#2527=VERTEX_POINT('',#8323);
#2528=VERTEX_POINT('',#8324);
#2529=VERTEX_POINT('',#8326);
#2530=VERTEX_POINT('',#8328);
#2531=VERTEX_POINT('',#8332);
#2532=VERTEX_POINT('',#8333);
#2533=VERTEX_POINT('',#8335);
#2534=VERTEX_POINT('',#8337);
#2535=VERTEX_POINT('',#8346);
#2536=VERTEX_POINT('',#8347);
#2537=VERTEX_POINT('',#8349);
#2538=VERTEX_POINT('',#8351);
#2539=VERTEX_POINT('',#8355);
#2540=VERTEX_POINT('',#8357);
#2541=VERTEX_POINT('',#8361);
#2542=VERTEX_POINT('',#8363);
#2543=VERTEX_POINT('',#8369);
#2544=VERTEX_POINT('',#8371);
#2545=VERTEX_POINT('',#8373);
#2546=VERTEX_POINT('',#8375);
#2547=VERTEX_POINT('',#8379);
#2548=VERTEX_POINT('',#8381);
#2549=VERTEX_POINT('',#8383);
#2550=VERTEX_POINT('',#8385);
#2551=VERTEX_POINT('',#8389);
#2552=VERTEX_POINT('',#8391);
#2553=VERTEX_POINT('',#8393);
#2554=VERTEX_POINT('',#8397);
#2555=VERTEX_POINT('',#8399);
#2556=VERTEX_POINT('',#8401);
#2557=VERTEX_POINT('',#8403);
#2558=VERTEX_POINT('',#8405);
#2559=VERTEX_POINT('',#8407);
#2560=VERTEX_POINT('',#8409);
#2561=VERTEX_POINT('',#8411);
#2562=VERTEX_POINT('',#8413);
#2563=VERTEX_POINT('',#8415);
#2564=VERTEX_POINT('',#8417);
#2565=VERTEX_POINT('',#8419);
#2566=VERTEX_POINT('',#8421);
#2567=VERTEX_POINT('',#8424);
#2568=VERTEX_POINT('',#8426);
#2569=VERTEX_POINT('',#8428);
#2570=VERTEX_POINT('',#8430);
#2571=VERTEX_POINT('',#8432);
#2572=VERTEX_POINT('',#8434);
#2573=VERTEX_POINT('',#8436);
#2574=VERTEX_POINT('',#8438);
#2575=VERTEX_POINT('',#8440);
#2576=VERTEX_POINT('',#8442);
#2577=VERTEX_POINT('',#8444);
#2578=VERTEX_POINT('',#8446);
#2579=VERTEX_POINT('',#8449);
#2580=VERTEX_POINT('',#8451);
#2581=VERTEX_POINT('',#8453);
#2582=VERTEX_POINT('',#8455);
#2583=VERTEX_POINT('',#8457);
#2584=VERTEX_POINT('',#8459);
#2585=VERTEX_POINT('',#8461);
#2586=VERTEX_POINT('',#8463);
#2587=VERTEX_POINT('',#8465);
#2588=VERTEX_POINT('',#8467);
#2589=VERTEX_POINT('',#8470);
#2590=VERTEX_POINT('',#8472);
#2591=VERTEX_POINT('',#8474);
#2592=VERTEX_POINT('',#8476);
#2593=VERTEX_POINT('',#8478);
#2594=VERTEX_POINT('',#8480);
#2595=VERTEX_POINT('',#8482);
#2596=VERTEX_POINT('',#8484);
#2597=VERTEX_POINT('',#8486);
#2598=VERTEX_POINT('',#8488);
#2599=VERTEX_POINT('',#8492);
#2600=VERTEX_POINT('',#8494);
#2601=VERTEX_POINT('',#8498);
#2602=VERTEX_POINT('',#8499);
#2603=VERTEX_POINT('',#8501);
#2604=VERTEX_POINT('',#8503);
#2605=VERTEX_POINT('',#8507);
#2606=VERTEX_POINT('',#8508);
#2607=VERTEX_POINT('',#8510);
#2608=VERTEX_POINT('',#8512);
#2609=VERTEX_POINT('',#8519);
#2610=VERTEX_POINT('',#8520);
#2611=VERTEX_POINT('',#8522);
#2612=VERTEX_POINT('',#8524);
#2613=VERTEX_POINT('',#8528);
#2614=VERTEX_POINT('',#8529);
#2615=VERTEX_POINT('',#8531);
#2616=VERTEX_POINT('',#8533);
#2617=VERTEX_POINT('',#8540);
#2618=VERTEX_POINT('',#8541);
#2619=VERTEX_POINT('',#8543);
#2620=VERTEX_POINT('',#8545);
#2621=VERTEX_POINT('',#8549);
#2622=VERTEX_POINT('',#8550);
#2623=VERTEX_POINT('',#8552);
#2624=VERTEX_POINT('',#8554);
#2625=VERTEX_POINT('',#8561);
#2626=VERTEX_POINT('',#8562);
#2627=VERTEX_POINT('',#8564);
#2628=VERTEX_POINT('',#8566);
#2629=VERTEX_POINT('',#8570);
#2630=VERTEX_POINT('',#8571);
#2631=VERTEX_POINT('',#8573);
#2632=VERTEX_POINT('',#8575);
#2633=VERTEX_POINT('',#8582);
#2634=VERTEX_POINT('',#8584);
#2635=VERTEX_POINT('',#8586);
#2636=VERTEX_POINT('',#8590);
#2637=VERTEX_POINT('',#8592);
#2638=VERTEX_POINT('',#8594);
#2639=VERTEX_POINT('',#8601);
#2640=VERTEX_POINT('',#8603);
#2641=VERTEX_POINT('',#8605);
#2642=VERTEX_POINT('',#8609);
#2643=VERTEX_POINT('',#8611);
#2644=VERTEX_POINT('',#8613);
#2645=VERTEX_POINT('',#8620);
#2646=VERTEX_POINT('',#8622);
#2647=VERTEX_POINT('',#8624);
#2648=VERTEX_POINT('',#8628);
#2649=VERTEX_POINT('',#8630);
#2650=VERTEX_POINT('',#8632);
#2651=VERTEX_POINT('',#8639);
#2652=VERTEX_POINT('',#8641);
#2653=VERTEX_POINT('',#8643);
#2654=VERTEX_POINT('',#8647);
#2655=VERTEX_POINT('',#8649);
#2656=VERTEX_POINT('',#8651);
#2657=VERTEX_POINT('',#8660);
#2658=VERTEX_POINT('',#8664);
#2659=VERTEX_POINT('',#8668);
#2660=VERTEX_POINT('',#8672);
#2661=VERTEX_POINT('',#8674);
#2662=VERTEX_POINT('',#8676);
#2663=VERTEX_POINT('',#8681);
#2664=VERTEX_POINT('',#8685);
#2665=VERTEX_POINT('',#8689);
#2666=VERTEX_POINT('',#8693);
#2667=VERTEX_POINT('',#8697);
#2668=VERTEX_POINT('',#8699);
#2669=VERTEX_POINT('',#8701);
#2670=VERTEX_POINT('',#8706);
#2671=VERTEX_POINT('',#8710);
#2672=VERTEX_POINT('',#8714);
#2673=VERTEX_POINT('',#8718);
#2674=VERTEX_POINT('',#8722);
#2675=VERTEX_POINT('',#8724);
#2676=VERTEX_POINT('',#8726);
#2677=VERTEX_POINT('',#8731);
#2678=VERTEX_POINT('',#8735);
#2679=VERTEX_POINT('',#8737);
#2680=VERTEX_POINT('',#8741);
#2681=VERTEX_POINT('',#8745);
#2682=VERTEX_POINT('',#8749);
#2683=VERTEX_POINT('',#8753);
#2684=VERTEX_POINT('',#8755);
#2685=VERTEX_POINT('',#8757);
#2686=VERTEX_POINT('',#8762);
#2687=VERTEX_POINT('',#8767);
#2688=VERTEX_POINT('',#8772);
#2689=VERTEX_POINT('',#8774);
#2690=VERTEX_POINT('',#8778);
#2691=VERTEX_POINT('',#8782);
#2692=VERTEX_POINT('',#8789);
#2693=VERTEX_POINT('',#8791);
#2694=VERTEX_POINT('',#8795);
#2695=VERTEX_POINT('',#8804);
#2696=VERTEX_POINT('',#8806);
#2697=VERTEX_POINT('',#8810);
#2698=VERTEX_POINT('',#8819);
#2699=VERTEX_POINT('',#8821);
#2700=VERTEX_POINT('',#8825);
#2701=VERTEX_POINT('',#8829);
#2702=VERTEX_POINT('',#8836);
#2703=VERTEX_POINT('',#8838);
#2704=VERTEX_POINT('',#8848);
#2705=VERTEX_POINT('',#8850);
#2706=VERTEX_POINT('',#8854);
#2707=VERTEX_POINT('',#8858);
#2708=VERTEX_POINT('',#8864);
#2709=VERTEX_POINT('',#8866);
#2710=VERTEX_POINT('',#8870);
#2711=VERTEX_POINT('',#8874);
#2712=VERTEX_POINT('',#8882);
#2713=VERTEX_POINT('',#8886);
#2714=VERTEX_POINT('',#8892);
#2715=VERTEX_POINT('',#8896);
#2716=VERTEX_POINT('',#8900);
#2717=VERTEX_POINT('',#8904);
#2718=VERTEX_POINT('',#8908);
#2719=VERTEX_POINT('',#8912);
#2720=VERTEX_POINT('',#8918);
#2721=VERTEX_POINT('',#8920);
#2722=VERTEX_POINT('',#8924);
#2723=VERTEX_POINT('',#8928);
#2724=VERTEX_POINT('',#8932);
#2725=VERTEX_POINT('',#8936);
#2726=VERTEX_POINT('',#8940);
#2727=VERTEX_POINT('',#8944);
#2728=VERTEX_POINT('',#8950);
#2729=VERTEX_POINT('',#8952);
#2730=VERTEX_POINT('',#8956);
#2731=VERTEX_POINT('',#8960);
#2732=VERTEX_POINT('',#8964);
#2733=VERTEX_POINT('',#8968);
#2734=VERTEX_POINT('',#8972);
#2735=VERTEX_POINT('',#8976);
#2736=VERTEX_POINT('',#8980);
#2737=VERTEX_POINT('',#8984);
#2738=VERTEX_POINT('',#8990);
#2739=VERTEX_POINT('',#8992);
#2740=VERTEX_POINT('',#8996);
#2741=VERTEX_POINT('',#9000);
#2742=VERTEX_POINT('',#9008);
#2743=VERTEX_POINT('',#9012);
#2744=VERTEX_POINT('',#9016);
#2745=VERTEX_POINT('',#9023);
#2746=VERTEX_POINT('',#9027);
#2747=VERTEX_POINT('',#9031);
#2748=VERTEX_POINT('',#9040);
#2749=VERTEX_POINT('',#9044);
#2750=VERTEX_POINT('',#9050);
#2751=VERTEX_POINT('',#9052);
#2752=VERTEX_POINT('',#9057);
#2753=VERTEX_POINT('',#9061);
#2754=VERTEX_POINT('',#9068);
#2755=VERTEX_POINT('',#9072);
#2756=VERTEX_POINT('',#9077);
#2757=VERTEX_POINT('',#9083);
#2758=VERTEX_POINT('',#9087);
#2759=VERTEX_POINT('',#9091);
#2760=VERTEX_POINT('',#9097);
#2761=VERTEX_POINT('',#9102);
#2762=VERTEX_POINT('',#9106);
#2763=VERTEX_POINT('',#9112);
#2764=VERTEX_POINT('',#9116);
#2765=VERTEX_POINT('',#9121);
#2766=VERTEX_POINT('',#9127);
#2767=VERTEX_POINT('',#9131);
#2768=VERTEX_POINT('',#9136);
#2769=VERTEX_POINT('',#9142);
#2770=VERTEX_POINT('',#9146);
#2771=VERTEX_POINT('',#9150);
#2772=VERTEX_POINT('',#9156);
#2773=VERTEX_POINT('',#9158);
#2774=VERTEX_POINT('',#9162);
#2775=VERTEX_POINT('',#9166);
#2776=VERTEX_POINT('',#9170);
#2777=VERTEX_POINT('',#9174);
#2778=VERTEX_POINT('',#9178);
#2779=VERTEX_POINT('',#9182);
#2780=VERTEX_POINT('',#9190);
#2781=VERTEX_POINT('',#9194);
#2782=VERTEX_POINT('',#9198);
#2783=VERTEX_POINT('',#9202);
#2784=VERTEX_POINT('',#9218);
#2785=VERTEX_POINT('',#9222);
#2786=VERTEX_POINT('',#9226);
#2787=VERTEX_POINT('',#9230);
#2788=VERTEX_POINT('',#9234);
#2789=VERTEX_POINT('',#9238);
#2790=VERTEX_POINT('',#9242);
#2791=VERTEX_POINT('',#9246);
#2792=VERTEX_POINT('',#9250);
#2793=VERTEX_POINT('',#9254);
#2794=VERTEX_POINT('',#9258);
#2795=VERTEX_POINT('',#9262);
#2796=VERTEX_POINT('',#9266);
#2797=VERTEX_POINT('',#9270);
#2798=VERTEX_POINT('',#9274);
#2799=VERTEX_POINT('',#9278);
#2800=VERTEX_POINT('',#9282);
#2801=VERTEX_POINT('',#9288);
#2802=VERTEX_POINT('',#9292);
#2803=VERTEX_POINT('',#9296);
#2804=VERTEX_POINT('',#9300);
#2805=VERTEX_POINT('',#9304);
#2806=VERTEX_POINT('',#9308);
#2807=VERTEX_POINT('',#9312);
#2808=VERTEX_POINT('',#9313);
#2809=EDGE_CURVE('',#2303,#2304,#701,.T.);
#2810=EDGE_CURVE('',#2303,#2305,#702,.T.);
#2811=EDGE_CURVE('',#2306,#2305,#703,.T.);
#2812=EDGE_CURVE('',#2306,#2304,#704,.T.);
#2813=EDGE_CURVE('',#2307,#2308,#705,.T.);
#2814=EDGE_CURVE('',#2309,#2307,#706,.T.);
#2815=EDGE_CURVE('',#2304,#2309,#707,.T.);
#2816=EDGE_CURVE('',#2308,#2306,#708,.T.);
#2817=EDGE_CURVE('',#2310,#2309,#709,.T.);
#2818=EDGE_CURVE('',#2311,#2310,#710,.T.);
#2819=EDGE_CURVE('',#2304,#2311,#711,.T.);
#2820=EDGE_CURVE('',#2310,#2307,#712,.T.);
#2821=EDGE_CURVE('',#2305,#2312,#713,.T.);
#2822=EDGE_CURVE('',#2312,#2313,#714,.T.);
#2823=EDGE_CURVE('',#2313,#2308,#715,.T.);
#2824=EDGE_CURVE('',#2314,#2315,#716,.T.);
#2825=EDGE_CURVE('',#2314,#2316,#717,.T.);
#2826=EDGE_CURVE('',#2317,#2316,#718,.T.);
#2827=EDGE_CURVE('',#2317,#2315,#719,.T.);
#2828=EDGE_CURVE('',#2318,#2319,#720,.T.);
#2829=EDGE_CURVE('',#2320,#2318,#721,.T.);
#2830=EDGE_CURVE('',#2315,#2320,#722,.T.);
#2831=EDGE_CURVE('',#2319,#2317,#723,.T.);
#2832=EDGE_CURVE('',#2321,#2320,#724,.T.);
#2833=EDGE_CURVE('',#2322,#2321,#725,.T.);
#2834=EDGE_CURVE('',#2315,#2322,#726,.T.);
#2835=EDGE_CURVE('',#2321,#2318,#727,.T.);
#2836=EDGE_CURVE('',#2316,#2323,#728,.T.);
#2837=EDGE_CURVE('',#2323,#2324,#729,.T.);
#2838=EDGE_CURVE('',#2324,#2319,#730,.T.);
#2839=EDGE_CURVE('',#2325,#2326,#731,.T.);
#2840=EDGE_CURVE('',#2325,#2327,#732,.T.);
#2841=EDGE_CURVE('',#2328,#2327,#733,.T.);
#2842=EDGE_CURVE('',#2328,#2326,#734,.T.);
#2843=EDGE_CURVE('',#2329,#2330,#735,.T.);
#2844=EDGE_CURVE('',#2331,#2329,#736,.T.);
#2845=EDGE_CURVE('',#2326,#2331,#737,.T.);
#2846=EDGE_CURVE('',#2330,#2328,#738,.T.);
#2847=EDGE_CURVE('',#2332,#2331,#739,.T.);
#2848=EDGE_CURVE('',#2333,#2332,#740,.T.);
#2849=EDGE_CURVE('',#2326,#2333,#741,.T.);
#2850=EDGE_CURVE('',#2332,#2329,#742,.T.);
#2851=EDGE_CURVE('',#2327,#2334,#743,.T.);
#2852=EDGE_CURVE('',#2334,#2335,#744,.T.);
#2853=EDGE_CURVE('',#2335,#2330,#745,.T.);
#2854=EDGE_CURVE('',#2336,#2337,#746,.T.);
#2855=EDGE_CURVE('',#2336,#2338,#747,.T.);
#2856=EDGE_CURVE('',#2339,#2338,#748,.T.);
#2857=EDGE_CURVE('',#2339,#2337,#749,.T.);
#2858=EDGE_CURVE('',#2340,#2341,#750,.T.);
#2859=EDGE_CURVE('',#2342,#2340,#751,.T.);
#2860=EDGE_CURVE('',#2337,#2342,#752,.T.);
#2861=EDGE_CURVE('',#2341,#2339,#753,.T.);
#2862=EDGE_CURVE('',#2343,#2342,#754,.T.);
#2863=EDGE_CURVE('',#2344,#2343,#755,.T.);
#2864=EDGE_CURVE('',#2337,#2344,#756,.T.);
#2865=EDGE_CURVE('',#2343,#2340,#757,.T.);
#2866=EDGE_CURVE('',#2338,#2345,#758,.T.);
#2867=EDGE_CURVE('',#2345,#2346,#759,.T.);
#2868=EDGE_CURVE('',#2346,#2341,#760,.T.);
#2869=EDGE_CURVE('',#2347,#2348,#761,.T.);
#2870=EDGE_CURVE('',#2347,#2349,#762,.T.);
#2871=EDGE_CURVE('',#2350,#2349,#763,.T.);
#2872=EDGE_CURVE('',#2348,#2350,#764,.T.);
#2873=EDGE_CURVE('',#2348,#2351,#765,.T.);
#2874=EDGE_CURVE('',#2351,#2350,#766,.T.);
#2875=EDGE_CURVE('',#2347,#2346,#767,.T.);
#2876=EDGE_CURVE('',#2349,#2346,#768,.T.);
#2877=EDGE_CURVE('',#2351,#2352,#769,.T.);
#2878=EDGE_CURVE('',#2345,#2353,#770,.T.);
#2879=EDGE_CURVE('',#2352,#2353,#771,.T.);
#2880=EDGE_CURVE('',#2354,#2355,#772,.T.);
#2881=EDGE_CURVE('',#2355,#2356,#773,.T.);
#2882=EDGE_CURVE('',#2356,#2357,#774,.T.);
#2883=EDGE_CURVE('',#2357,#2358,#775,.T.);
#2884=EDGE_CURVE('',#2359,#2358,#776,.T.);
#2885=EDGE_CURVE('',#2359,#2360,#777,.T.);
#2886=EDGE_CURVE('',#2360,#2361,#778,.T.);
#2887=EDGE_CURVE('',#2361,#2354,#779,.T.);
#2888=EDGE_CURVE('',#2362,#2363,#780,.T.);
#2889=EDGE_CURVE('',#2363,#2364,#781,.T.);
#2890=EDGE_CURVE('',#2364,#2311,#782,.T.);
#2891=EDGE_CURVE('',#2365,#2313,#783,.T.);
#2892=EDGE_CURVE('',#2365,#2362,#784,.T.);
#2893=EDGE_CURVE('',#2352,#2344,#785,.T.);
#2894=EDGE_CURVE('',#2366,#2367,#786,.T.);
#2895=EDGE_CURVE('',#2367,#2368,#787,.T.);
#2896=EDGE_CURVE('',#2368,#2322,#788,.T.);
#2897=EDGE_CURVE('',#2369,#2324,#789,.T.);
#2898=EDGE_CURVE('',#2369,#2366,#790,.T.);
#2899=EDGE_CURVE('',#2370,#2371,#791,.T.);
#2900=EDGE_CURVE('',#2371,#2372,#792,.T.);
#2901=EDGE_CURVE('',#2372,#2333,#793,.T.);
#2902=EDGE_CURVE('',#2373,#2335,#794,.T.);
#2903=EDGE_CURVE('',#2373,#2370,#795,.T.);
#2904=EDGE_CURVE('',#2336,#2353,#796,.T.);
#2905=EDGE_CURVE('',#2373,#2374,#797,.T.);
#2906=EDGE_CURVE('',#2375,#2374,#798,.T.);
#2907=EDGE_CURVE('',#2370,#2375,#799,.T.);
#2908=EDGE_CURVE('',#2371,#2375,#800,.T.);
#2909=EDGE_CURVE('',#2374,#2335,#801,.T.);
#2910=EDGE_CURVE('',#2334,#2376,#802,.T.);
#2911=EDGE_CURVE('',#2372,#2376,#803,.T.);
#2912=EDGE_CURVE('',#2325,#2376,#804,.T.);
#2913=EDGE_CURVE('',#2369,#2377,#805,.T.);
#2914=EDGE_CURVE('',#2378,#2377,#806,.T.);
#2915=EDGE_CURVE('',#2366,#2378,#807,.T.);
#2916=EDGE_CURVE('',#2367,#2378,#808,.T.);
#2917=EDGE_CURVE('',#2377,#2324,#809,.T.);
#2918=EDGE_CURVE('',#2323,#2379,#810,.T.);
#2919=EDGE_CURVE('',#2368,#2379,#811,.T.);
#2920=EDGE_CURVE('',#2314,#2379,#812,.T.);
#2921=EDGE_CURVE('',#2364,#2380,#813,.T.);
#2922=EDGE_CURVE('',#2363,#2381,#814,.T.);
#2923=EDGE_CURVE('',#2381,#2382,#815,.T.);
#2924=EDGE_CURVE('',#2382,#2313,#816,.T.);
#2925=EDGE_CURVE('',#2312,#2380,#817,.T.);
#2926=EDGE_CURVE('',#2365,#2382,#818,.T.);
#2927=EDGE_CURVE('',#2362,#2381,#819,.T.);
#2928=EDGE_CURVE('',#2303,#2380,#820,.T.);
#2929=EDGE_CURVE('',#2383,#2384,#821,.T.);
#2930=EDGE_CURVE('',#2383,#2385,#822,.T.);
#2931=EDGE_CURVE('',#2386,#2385,#823,.T.);
#2932=EDGE_CURVE('',#2387,#2386,#824,.T.);
#2933=EDGE_CURVE('',#2387,#2388,#825,.T.);
#2934=EDGE_CURVE('',#2388,#2389,#826,.T.);
#2935=EDGE_CURVE('',#2389,#2390,#827,.T.);
#2936=EDGE_CURVE('',#2390,#2391,#828,.T.);
#2937=EDGE_CURVE('',#2392,#2391,#829,.T.);
#2938=EDGE_CURVE('',#2393,#2392,#830,.T.);
#2939=EDGE_CURVE('',#2393,#2394,#831,.T.);
#2940=EDGE_CURVE('',#2384,#2394,#832,.T.);
#2941=EDGE_CURVE('',#2358,#2384,#833,.T.);
#2942=EDGE_CURVE('',#2394,#2359,#834,.T.);
#2943=EDGE_CURVE('',#2360,#2395,#835,.T.);
#2944=EDGE_CURVE('',#2396,#2395,#836,.T.);
#2945=EDGE_CURVE('',#2361,#2396,#837,.T.);
#2946=EDGE_CURVE('',#2361,#2390,#838,.T.);
#2947=EDGE_CURVE('',#2391,#2396,#839,.T.);
#2948=EDGE_CURVE('',#2393,#2360,#840,.T.);
#2949=EDGE_CURVE('',#2395,#2392,#841,.T.);
#2950=EDGE_CURVE('',#2354,#2389,#842,.T.);
#2951=EDGE_CURVE('',#2387,#2356,#843,.T.);
#2952=EDGE_CURVE('',#2397,#2386,#844,.T.);
#2953=EDGE_CURVE('',#2356,#2397,#845,.T.);
#2954=EDGE_CURVE('',#2398,#2397,#846,.T.);
#2955=EDGE_CURVE('',#2357,#2398,#847,.T.);
#2956=EDGE_CURVE('',#2357,#2383,#848,.T.);
#2957=EDGE_CURVE('',#2385,#2398,#849,.T.);
#2958=EDGE_CURVE('',#2355,#2388,#850,.T.);
#2959=EDGE_CURVE('',#2399,#2400,#851,.T.);
#2960=EDGE_CURVE('',#2400,#2401,#852,.T.);
#2961=EDGE_CURVE('',#2402,#2401,#853,.T.);
#2962=EDGE_CURVE('',#2399,#2402,#854,.T.);
#2963=EDGE_CURVE('',#2403,#2404,#855,.T.);
#2964=EDGE_CURVE('',#2403,#2402,#856,.T.);
#2965=EDGE_CURVE('',#2401,#2404,#857,.T.);
#2966=EDGE_CURVE('',#2405,#2403,#858,.T.);
#2967=EDGE_CURVE('',#2406,#2404,#859,.T.);
#2968=EDGE_CURVE('',#2406,#2407,#860,.T.);
#2969=EDGE_CURVE('',#2408,#2407,#861,.T.);
#2970=EDGE_CURVE('',#2408,#2409,#862,.T.);
#2971=EDGE_CURVE('',#2409,#2410,#863,.T.);
#2972=EDGE_CURVE('',#2410,#2405,#864,.T.);
#2973=EDGE_CURVE('',#2411,#2412,#865,.T.);
#2974=EDGE_CURVE('',#2412,#2413,#866,.T.);
#2975=EDGE_CURVE('',#2414,#2413,#867,.T.);
#2976=EDGE_CURVE('',#2411,#2414,#868,.T.);
#2977=EDGE_CURVE('',#2415,#2416,#869,.T.);
#2978=EDGE_CURVE('',#2416,#2414,#870,.T.);
#2979=EDGE_CURVE('',#2413,#2415,#871,.T.);
#2980=EDGE_CURVE('',#2417,#2418,#13,.T.);
#2981=EDGE_CURVE('',#2419,#2417,#872,.T.);
#2982=EDGE_CURVE('',#2420,#2419,#14,.T.);
#2983=EDGE_CURVE('',#2418,#2420,#873,.T.);
#2984=EDGE_CURVE('',#2421,#2422,#874,.T.);
#2985=EDGE_CURVE('',#2423,#2421,#875,.T.);
#2986=EDGE_CURVE('',#2424,#2423,#876,.T.);
#2987=EDGE_CURVE('',#2425,#2424,#877,.T.);
#2988=EDGE_CURVE('',#2426,#2425,#878,.T.);
#2989=EDGE_CURVE('',#2427,#2426,#879,.T.);
#2990=EDGE_CURVE('',#2428,#2427,#15,.T.);
#2991=EDGE_CURVE('',#2429,#2428,#880,.T.);
#2992=EDGE_CURVE('',#2430,#2429,#881,.T.);
#2993=EDGE_CURVE('',#2422,#2430,#882,.T.);
#2994=EDGE_CURVE('',#2431,#2432,#883,.T.);
#2995=EDGE_CURVE('',#2433,#2431,#884,.T.);
#2996=EDGE_CURVE('',#2434,#2433,#885,.T.);
#2997=EDGE_CURVE('',#2435,#2434,#886,.T.);
#2998=EDGE_CURVE('',#2436,#2435,#887,.T.);
#2999=EDGE_CURVE('',#2437,#2436,#888,.T.);
#3000=EDGE_CURVE('',#2438,#2437,#889,.T.);
#3001=EDGE_CURVE('',#2432,#2438,#890,.T.);
#3002=EDGE_CURVE('',#2439,#2440,#16,.T.);
#3003=EDGE_CURVE('',#2441,#2439,#891,.T.);
#3004=EDGE_CURVE('',#2442,#2441,#17,.T.);
#3005=EDGE_CURVE('',#2440,#2442,#892,.T.);
#3006=EDGE_CURVE('',#2443,#2444,#18,.T.);
#3007=EDGE_CURVE('',#2440,#2443,#893,.T.);
#3008=EDGE_CURVE('',#2445,#2440,#19,.T.);
#3009=EDGE_CURVE('',#2444,#2445,#894,.T.);
#3010=EDGE_CURVE('',#2446,#2447,#895,.T.);
#3011=EDGE_CURVE('',#2444,#2446,#896,.T.);
#3012=EDGE_CURVE('',#2448,#2444,#897,.T.);
#3013=EDGE_CURVE('',#2447,#2448,#898,.T.);
#3014=EDGE_CURVE('',#2447,#2449,#899,.T.);
#3015=EDGE_CURVE('',#2450,#2447,#900,.T.);
#3016=EDGE_CURVE('',#2451,#2450,#901,.T.);
#3017=EDGE_CURVE('',#2449,#2451,#902,.T.);
#3018=EDGE_CURVE('',#2449,#2452,#903,.T.);
#3019=EDGE_CURVE('',#2453,#2449,#904,.T.);
#3020=EDGE_CURVE('',#2454,#2453,#905,.T.);
#3021=EDGE_CURVE('',#2452,#2454,#906,.T.);
#3022=EDGE_CURVE('',#2455,#2454,#907,.T.);
#3023=EDGE_CURVE('',#2456,#2455,#20,.T.);
#3024=EDGE_CURVE('',#2457,#2456,#908,.T.);
#3025=EDGE_CURVE('',#2454,#2457,#21,.T.);
#3026=EDGE_CURVE('',#2458,#2456,#909,.T.);
#3027=EDGE_CURVE('',#2459,#2458,#22,.T.);
#3028=EDGE_CURVE('',#2460,#2459,#910,.T.);
#3029=EDGE_CURVE('',#2456,#2460,#23,.T.);
#3030=EDGE_CURVE('',#2461,#2462,#911,.T.);
#3031=EDGE_CURVE('',#2463,#2461,#912,.T.);
#3032=EDGE_CURVE('',#2464,#2463,#913,.T.);
#3033=EDGE_CURVE('',#2465,#2464,#914,.T.);
#3034=EDGE_CURVE('',#2466,#2465,#915,.T.);
#3035=EDGE_CURVE('',#2467,#2466,#916,.T.);
#3036=EDGE_CURVE('',#2468,#2467,#917,.T.);
#3037=EDGE_CURVE('',#2462,#2468,#918,.T.);
#3038=EDGE_CURVE('',#2469,#2470,#919,.T.);
#3039=EDGE_CURVE('',#2471,#2469,#920,.T.);
#3040=EDGE_CURVE('',#2472,#2471,#921,.T.);
#3041=EDGE_CURVE('',#2470,#2472,#922,.T.);
#3042=EDGE_CURVE('',#2473,#2470,#24,.T.);
#3043=EDGE_CURVE('',#2474,#2473,#923,.T.);
#3044=EDGE_CURVE('',#2475,#2474,#25,.T.);
#3045=EDGE_CURVE('',#2470,#2475,#924,.T.);
#3046=EDGE_CURVE('',#2476,#2477,#925,.T.);
#3047=EDGE_CURVE('',#2478,#2476,#926,.T.);
#3048=EDGE_CURVE('',#2473,#2478,#927,.T.);
#3049=EDGE_CURVE('',#2477,#2473,#928,.T.);
#3050=EDGE_CURVE('',#2479,#2472,#929,.T.);
#3051=EDGE_CURVE('',#2480,#2479,#26,.T.);
#3052=EDGE_CURVE('',#2477,#2480,#930,.T.);
#3053=EDGE_CURVE('',#2472,#2477,#27,.T.);
#3054=EDGE_CURVE('',#2481,#2482,#931,.T.);
#3055=EDGE_CURVE('',#2483,#2481,#28,.T.);
#3056=EDGE_CURVE('',#2484,#2483,#932,.T.);
#3057=EDGE_CURVE('',#2482,#2484,#29,.T.);
#3058=EDGE_CURVE('',#2485,#2486,#933,.T.);
#3059=EDGE_CURVE('',#2482,#2485,#934,.T.);
#3060=EDGE_CURVE('',#2487,#2482,#935,.T.);
#3061=EDGE_CURVE('',#2486,#2487,#936,.T.);
#3062=EDGE_CURVE('',#2488,#2487,#937,.T.);
#3063=EDGE_CURVE('',#2489,#2488,#938,.T.);
#3064=EDGE_CURVE('',#2490,#2489,#939,.T.);
#3065=EDGE_CURVE('',#2487,#2490,#940,.T.);
#3066=EDGE_CURVE('',#2491,#2492,#941,.T.);
#3067=EDGE_CURVE('',#2493,#2491,#942,.T.);
#3068=EDGE_CURVE('',#2494,#2493,#943,.T.);
#3069=EDGE_CURVE('',#2492,#2494,#944,.T.);
#3070=EDGE_CURVE('',#2495,#2484,#945,.T.);
#3071=EDGE_CURVE('',#2496,#2495,#946,.T.);
#3072=EDGE_CURVE('',#2492,#2496,#947,.T.);
#3073=EDGE_CURVE('',#2484,#2492,#948,.T.);
#3074=EDGE_CURVE('',#2497,#2498,#949,.T.);
#3075=EDGE_CURVE('',#2499,#2497,#950,.T.);
#3076=EDGE_CURVE('',#2500,#2499,#951,.T.);
#3077=EDGE_CURVE('',#2501,#2500,#952,.T.);
#3078=EDGE_CURVE('',#2502,#2501,#953,.T.);
#3079=EDGE_CURVE('',#2503,#2502,#30,.T.);
#3080=EDGE_CURVE('',#2504,#2503,#954,.T.);
#3081=EDGE_CURVE('',#2505,#2504,#955,.T.);
#3082=EDGE_CURVE('',#2506,#2505,#956,.T.);
#3083=EDGE_CURVE('',#2498,#2506,#957,.T.);
#3084=EDGE_CURVE('',#2507,#2498,#958,.T.);
#3085=EDGE_CURVE('',#2508,#2507,#959,.T.);
#3086=EDGE_CURVE('',#2500,#2508,#960,.T.);
#3087=EDGE_CURVE('',#2498,#2500,#961,.T.);
#3088=EDGE_CURVE('',#2407,#2509,#962,.T.);
#3089=EDGE_CURVE('',#2509,#2510,#963,.T.);
#3090=EDGE_CURVE('',#2510,#2408,#964,.T.);
#3091=EDGE_CURVE('',#2511,#2512,#965,.T.);
#3092=EDGE_CURVE('',#2511,#2513,#966,.T.);
#3093=EDGE_CURVE('',#2513,#2514,#967,.T.);
#3094=EDGE_CURVE('',#2512,#2514,#968,.T.);
#3095=EDGE_CURVE('',#2515,#2511,#969,.T.);
#3096=EDGE_CURVE('',#2515,#2516,#970,.T.);
#3097=EDGE_CURVE('',#2516,#2513,#971,.T.);
#3098=EDGE_CURVE('',#2517,#2515,#972,.T.);
#3099=EDGE_CURVE('',#2518,#2517,#973,.T.);
#3100=EDGE_CURVE('',#2518,#2516,#974,.T.);
#3101=EDGE_CURVE('',#2514,#2518,#975,.T.);
#3102=EDGE_CURVE('',#2519,#2520,#976,.T.);
#3103=EDGE_CURVE('',#2519,#2521,#977,.T.);
#3104=EDGE_CURVE('',#2521,#2522,#978,.T.);
#3105=EDGE_CURVE('',#2520,#2522,#979,.T.);
#3106=EDGE_CURVE('',#2523,#2519,#980,.T.);
#3107=EDGE_CURVE('',#2524,#2523,#981,.T.);
#3108=EDGE_CURVE('',#2524,#2521,#982,.T.);
#3109=EDGE_CURVE('',#2520,#2525,#983,.T.);
#3110=EDGE_CURVE('',#2522,#2526,#984,.T.);
#3111=EDGE_CURVE('',#2525,#2526,#985,.T.);
#3112=EDGE_CURVE('',#2526,#2524,#986,.T.);
#3113=EDGE_CURVE('',#2527,#2528,#987,.T.);
#3114=EDGE_CURVE('',#2529,#2527,#988,.T.);
#3115=EDGE_CURVE('',#2529,#2530,#989,.T.);
#3116=EDGE_CURVE('',#2528,#2530,#990,.T.);
#3117=EDGE_CURVE('',#2531,#2532,#991,.T.);
#3118=EDGE_CURVE('',#2531,#2533,#992,.T.);
#3119=EDGE_CURVE('',#2533,#2534,#993,.T.);
#3120=EDGE_CURVE('',#2532,#2534,#994,.T.);
#3121=EDGE_CURVE('',#2528,#2531,#995,.T.);
#3122=EDGE_CURVE('',#2530,#2533,#996,.T.);
#3123=EDGE_CURVE('',#2534,#2529,#997,.T.);
#3124=EDGE_CURVE('',#2535,#2536,#998,.T.);
#3125=EDGE_CURVE('',#2535,#2537,#999,.T.);
#3126=EDGE_CURVE('',#2537,#2538,#1000,.T.);
#3127=EDGE_CURVE('',#2536,#2538,#1001,.T.);
#3128=EDGE_CURVE('',#2539,#2535,#1002,.T.);
#3129=EDGE_CURVE('',#2540,#2539,#1003,.T.);
#3130=EDGE_CURVE('',#2540,#2537,#1004,.T.);
#3131=EDGE_CURVE('',#2536,#2541,#1005,.T.);
#3132=EDGE_CURVE('',#2538,#2542,#1006,.T.);
#3133=EDGE_CURVE('',#2541,#2542,#1007,.T.);
#3134=EDGE_CURVE('',#2542,#2540,#1008,.T.);
#3135=EDGE_CURVE('',#2523,#2543,#1009,.T.);
#3136=EDGE_CURVE('',#2543,#2544,#1010,.T.);
#3137=EDGE_CURVE('',#2544,#2545,#1011,.T.);
#3138=EDGE_CURVE('',#2545,#2546,#1012,.T.);
#3139=EDGE_CURVE('',#2546,#2525,#1013,.T.);
#3140=EDGE_CURVE('',#2527,#2547,#1014,.T.);
#3141=EDGE_CURVE('',#2547,#2548,#1015,.T.);
#3142=EDGE_CURVE('',#2548,#2549,#1016,.T.);
#3143=EDGE_CURVE('',#2549,#2550,#1017,.T.);
#3144=EDGE_CURVE('',#2550,#2532,#1018,.T.);
#3145=EDGE_CURVE('',#2551,#2410,#1019,.T.);
#3146=EDGE_CURVE('',#2552,#2551,#1020,.T.);
#3147=EDGE_CURVE('',#2553,#2552,#1021,.T.);
#3148=EDGE_CURVE('',#2553,#2509,#1022,.T.);
#3149=EDGE_CURVE('',#2405,#2406,#1023,.T.);
#3150=EDGE_CURVE('',#2554,#2512,#1024,.T.);
#3151=EDGE_CURVE('',#2555,#2554,#1025,.T.);
#3152=EDGE_CURVE('',#2556,#2555,#1026,.T.);
#3153=EDGE_CURVE('',#2557,#2556,#1027,.T.);
#3154=EDGE_CURVE('',#2558,#2557,#1028,.T.);
#3155=EDGE_CURVE('',#2559,#2558,#1029,.T.);
#3156=EDGE_CURVE('',#2560,#2559,#1030,.T.);
#3157=EDGE_CURVE('',#2561,#2560,#1031,.T.);
#3158=EDGE_CURVE('',#2562,#2561,#1032,.T.);
#3159=EDGE_CURVE('',#2563,#2562,#1033,.T.);
#3160=EDGE_CURVE('',#2564,#2563,#1034,.T.);
#3161=EDGE_CURVE('',#2565,#2564,#1035,.T.);
#3162=EDGE_CURVE('',#2566,#2565,#1036,.T.);
#3163=EDGE_CURVE('',#2517,#2566,#1037,.T.);
#3164=EDGE_CURVE('',#2567,#2541,#1038,.T.);
#3165=EDGE_CURVE('',#2568,#2567,#1039,.T.);
#3166=EDGE_CURVE('',#2569,#2568,#1040,.T.);
#3167=EDGE_CURVE('',#2570,#2569,#1041,.T.);
#3168=EDGE_CURVE('',#2571,#2570,#1042,.T.);
#3169=EDGE_CURVE('',#2572,#2571,#1043,.T.);
#3170=EDGE_CURVE('',#2573,#2572,#1044,.T.);
#3171=EDGE_CURVE('',#2574,#2573,#1045,.T.);
#3172=EDGE_CURVE('',#2575,#2574,#1046,.T.);
#3173=EDGE_CURVE('',#2576,#2575,#1047,.T.);
#3174=EDGE_CURVE('',#2577,#2576,#1048,.T.);
#3175=EDGE_CURVE('',#2578,#2577,#1049,.T.);
#3176=EDGE_CURVE('',#2539,#2578,#1050,.T.);
#3177=EDGE_CURVE('',#2579,#2550,#1051,.T.);
#3178=EDGE_CURVE('',#2580,#2579,#1052,.T.);
#3179=EDGE_CURVE('',#2581,#2580,#1053,.T.);
#3180=EDGE_CURVE('',#2582,#2581,#1054,.T.);
#3181=EDGE_CURVE('',#2583,#2582,#1055,.T.);
#3182=EDGE_CURVE('',#2584,#2583,#1056,.T.);
#3183=EDGE_CURVE('',#2585,#2584,#1057,.T.);
#3184=EDGE_CURVE('',#2586,#2585,#1058,.T.);
#3185=EDGE_CURVE('',#2587,#2586,#1059,.T.);
#3186=EDGE_CURVE('',#2588,#2587,#1060,.T.);
#3187=EDGE_CURVE('',#2547,#2588,#1061,.T.);
#3188=EDGE_CURVE('',#2589,#2546,#1062,.T.);
#3189=EDGE_CURVE('',#2590,#2589,#1063,.T.);
#3190=EDGE_CURVE('',#2591,#2590,#1064,.T.);
#3191=EDGE_CURVE('',#2592,#2591,#1065,.T.);
#3192=EDGE_CURVE('',#2593,#2592,#1066,.T.);
#3193=EDGE_CURVE('',#2594,#2593,#1067,.T.);
#3194=EDGE_CURVE('',#2595,#2594,#1068,.T.);
#3195=EDGE_CURVE('',#2596,#2595,#1069,.T.);
#3196=EDGE_CURVE('',#2597,#2596,#1070,.T.);
#3197=EDGE_CURVE('',#2598,#2597,#1071,.T.);
#3198=EDGE_CURVE('',#2543,#2598,#1072,.T.);
#3199=EDGE_CURVE('',#2578,#2599,#1073,.T.);
#3200=EDGE_CURVE('',#2599,#2600,#1074,.T.);
#3201=EDGE_CURVE('',#2600,#2567,#1075,.T.);
#3202=EDGE_CURVE('',#2601,#2602,#1076,.T.);
#3203=EDGE_CURVE('',#2603,#2601,#1077,.T.);
#3204=EDGE_CURVE('',#2603,#2604,#1078,.T.);
#3205=EDGE_CURVE('',#2602,#2604,#1079,.T.);
#3206=EDGE_CURVE('',#2605,#2606,#1080,.T.);
#3207=EDGE_CURVE('',#2605,#2607,#1081,.T.);
#3208=EDGE_CURVE('',#2607,#2608,#1082,.T.);
#3209=EDGE_CURVE('',#2606,#2608,#1083,.T.);
#3210=EDGE_CURVE('',#2604,#2607,#1084,.T.);
#3211=EDGE_CURVE('',#2608,#2603,#1085,.T.);
#3212=EDGE_CURVE('',#2609,#2610,#1086,.T.);
#3213=EDGE_CURVE('',#2611,#2609,#1087,.T.);
#3214=EDGE_CURVE('',#2611,#2612,#1088,.T.);
#3215=EDGE_CURVE('',#2610,#2612,#1089,.T.);
#3216=EDGE_CURVE('',#2613,#2614,#1090,.T.);
#3217=EDGE_CURVE('',#2613,#2615,#1091,.T.);
#3218=EDGE_CURVE('',#2615,#2616,#1092,.T.);
#3219=EDGE_CURVE('',#2614,#2616,#1093,.T.);
#3220=EDGE_CURVE('',#2612,#2615,#1094,.T.);
#3221=EDGE_CURVE('',#2616,#2611,#1095,.T.);
#3222=EDGE_CURVE('',#2617,#2618,#1096,.T.);
#3223=EDGE_CURVE('',#2619,#2617,#1097,.T.);
#3224=EDGE_CURVE('',#2619,#2620,#1098,.T.);
#3225=EDGE_CURVE('',#2618,#2620,#1099,.T.);
#3226=EDGE_CURVE('',#2621,#2622,#1100,.T.);
#3227=EDGE_CURVE('',#2621,#2623,#1101,.T.);
#3228=EDGE_CURVE('',#2623,#2624,#1102,.T.);
#3229=EDGE_CURVE('',#2622,#2624,#1103,.T.);
#3230=EDGE_CURVE('',#2620,#2623,#1104,.T.);
#3231=EDGE_CURVE('',#2624,#2619,#1105,.T.);
#3232=EDGE_CURVE('',#2625,#2626,#1106,.T.);
#3233=EDGE_CURVE('',#2627,#2625,#1107,.T.);
#3234=EDGE_CURVE('',#2627,#2628,#1108,.T.);
#3235=EDGE_CURVE('',#2626,#2628,#1109,.T.);
#3236=EDGE_CURVE('',#2629,#2630,#1110,.T.);
#3237=EDGE_CURVE('',#2629,#2631,#1111,.T.);
#3238=EDGE_CURVE('',#2631,#2632,#1112,.T.);
#3239=EDGE_CURVE('',#2630,#2632,#1113,.T.);
#3240=EDGE_CURVE('',#2628,#2631,#1114,.T.);
#3241=EDGE_CURVE('',#2632,#2627,#1115,.T.);
#3242=EDGE_CURVE('',#2633,#2606,#1116,.T.);
#3243=EDGE_CURVE('',#2634,#2633,#1117,.T.);
#3244=EDGE_CURVE('',#2635,#2634,#1118,.T.);
#3245=EDGE_CURVE('',#2605,#2635,#1119,.T.);
#3246=EDGE_CURVE('',#2636,#2602,#1120,.T.);
#3247=EDGE_CURVE('',#2637,#2636,#1121,.T.);
#3248=EDGE_CURVE('',#2638,#2637,#1122,.T.);
#3249=EDGE_CURVE('',#2601,#2638,#1123,.T.);
#3250=EDGE_CURVE('',#2573,#2635,#1124,.T.);
#3251=EDGE_CURVE('',#2572,#2636,#1125,.T.);
#3252=EDGE_CURVE('',#2639,#2614,#1126,.T.);
#3253=EDGE_CURVE('',#2640,#2639,#1127,.T.);
#3254=EDGE_CURVE('',#2641,#2640,#1128,.T.);
#3255=EDGE_CURVE('',#2613,#2641,#1129,.T.);
#3256=EDGE_CURVE('',#2642,#2610,#1130,.T.);
#3257=EDGE_CURVE('',#2643,#2642,#1131,.T.);
#3258=EDGE_CURVE('',#2644,#2643,#1132,.T.);
#3259=EDGE_CURVE('',#2609,#2644,#1133,.T.);
#3260=EDGE_CURVE('',#2584,#2641,#1134,.T.);
#3261=EDGE_CURVE('',#2583,#2642,#1135,.T.);
#3262=EDGE_CURVE('',#2645,#2622,#1136,.T.);
#3263=EDGE_CURVE('',#2646,#2645,#1137,.T.);
#3264=EDGE_CURVE('',#2647,#2646,#1138,.T.);
#3265=EDGE_CURVE('',#2621,#2647,#1139,.T.);
#3266=EDGE_CURVE('',#2648,#2618,#1140,.T.);
#3267=EDGE_CURVE('',#2649,#2648,#1141,.T.);
#3268=EDGE_CURVE('',#2650,#2649,#1142,.T.);
#3269=EDGE_CURVE('',#2617,#2650,#1143,.T.);
#3270=EDGE_CURVE('',#2594,#2647,#1144,.T.);
#3271=EDGE_CURVE('',#2593,#2648,#1145,.T.);
#3272=EDGE_CURVE('',#2651,#2630,#1146,.T.);
#3273=EDGE_CURVE('',#2652,#2651,#1147,.T.);
#3274=EDGE_CURVE('',#2653,#2652,#1148,.T.);
#3275=EDGE_CURVE('',#2629,#2653,#1149,.T.);
#3276=EDGE_CURVE('',#2654,#2626,#1150,.T.);
#3277=EDGE_CURVE('',#2655,#2654,#1151,.T.);
#3278=EDGE_CURVE('',#2656,#2655,#1152,.T.);
#3279=EDGE_CURVE('',#2625,#2656,#1153,.T.);
#3280=EDGE_CURVE('',#2561,#2653,#1154,.T.);
#3281=EDGE_CURVE('',#2560,#2654,#1155,.T.);
#3282=EDGE_CURVE('',#2406,#2400,#1156,.T.);
#3283=EDGE_CURVE('',#2657,#2545,#1157,.T.);
#3284=EDGE_CURVE('',#2589,#2657,#1158,.T.);
#3285=EDGE_CURVE('',#2658,#2598,#1159,.T.);
#3286=EDGE_CURVE('',#2544,#2658,#1160,.T.);
#3287=EDGE_CURVE('',#2597,#2659,#1161,.T.);
#3288=EDGE_CURVE('',#2658,#2659,#1162,.T.);
#3289=EDGE_CURVE('',#2596,#2660,#1163,.T.);
#3290=EDGE_CURVE('',#2660,#2661,#1164,.T.);
#3291=EDGE_CURVE('',#2661,#2662,#1165,.T.);
#3292=EDGE_CURVE('',#2659,#2662,#1166,.T.);
#3293=EDGE_CURVE('',#2595,#2646,#1167,.T.);
#3294=EDGE_CURVE('',#2646,#2663,#1168,.T.);
#3295=EDGE_CURVE('',#2663,#2660,#1169,.T.);
#3296=EDGE_CURVE('',#2664,#2549,#1170,.T.);
#3297=EDGE_CURVE('',#2579,#2664,#1171,.T.);
#3298=EDGE_CURVE('',#2665,#2588,#1172,.T.);
#3299=EDGE_CURVE('',#2548,#2665,#1173,.T.);
#3300=EDGE_CURVE('',#2587,#2666,#1174,.T.);
#3301=EDGE_CURVE('',#2665,#2666,#1175,.T.);
#3302=EDGE_CURVE('',#2667,#2586,#1176,.T.);
#3303=EDGE_CURVE('',#2667,#2668,#1177,.T.);
#3304=EDGE_CURVE('',#2668,#2669,#1178,.T.);
#3305=EDGE_CURVE('',#2666,#2669,#1179,.T.);
#3306=EDGE_CURVE('',#2585,#2640,#1180,.T.);
#3307=EDGE_CURVE('',#2640,#2670,#1181,.T.);
#3308=EDGE_CURVE('',#2670,#2667,#1182,.T.);
#3309=EDGE_CURVE('',#2671,#2600,#1183,.T.);
#3310=EDGE_CURVE('',#2568,#2671,#1184,.T.);
#3311=EDGE_CURVE('',#2672,#2577,#1185,.T.);
#3312=EDGE_CURVE('',#2599,#2672,#1186,.T.);
#3313=EDGE_CURVE('',#2576,#2673,#1187,.T.);
#3314=EDGE_CURVE('',#2672,#2673,#1188,.T.);
#3315=EDGE_CURVE('',#2575,#2674,#1189,.T.);
#3316=EDGE_CURVE('',#2674,#2675,#1190,.T.);
#3317=EDGE_CURVE('',#2675,#2676,#1191,.T.);
#3318=EDGE_CURVE('',#2673,#2676,#1192,.T.);
#3319=EDGE_CURVE('',#2574,#2634,#1193,.T.);
#3320=EDGE_CURVE('',#2634,#2677,#1194,.T.);
#3321=EDGE_CURVE('',#2677,#2674,#1195,.T.);
#3322=EDGE_CURVE('',#2678,#2554,#1196,.T.);
#3323=EDGE_CURVE('',#2679,#2678,#1197,.T.);
#3324=EDGE_CURVE('',#2555,#2679,#1198,.T.);
#3325=EDGE_CURVE('',#2566,#2680,#1199,.T.);
#3326=EDGE_CURVE('',#2680,#2678,#1200,.T.);
#3327=EDGE_CURVE('',#2681,#2565,#1201,.T.);
#3328=EDGE_CURVE('',#2680,#2681,#1202,.T.);
#3329=EDGE_CURVE('',#2564,#2682,#1203,.T.);
#3330=EDGE_CURVE('',#2681,#2682,#1204,.T.);
#3331=EDGE_CURVE('',#2683,#2563,#1205,.T.);
#3332=EDGE_CURVE('',#2683,#2684,#1206,.T.);
#3333=EDGE_CURVE('',#2684,#2685,#1207,.T.);
#3334=EDGE_CURVE('',#2682,#2685,#1208,.T.);
#3335=EDGE_CURVE('',#2562,#2652,#1209,.T.);
#3336=EDGE_CURVE('',#2652,#2686,#1210,.T.);
#3337=EDGE_CURVE('',#2686,#2683,#1211,.T.);
#3338=EDGE_CURVE('',#2552,#2415,#1212,.T.);
#3339=EDGE_CURVE('',#2687,#2551,#1213,.T.);
#3340=EDGE_CURVE('',#2687,#2510,#1214,.T.);
#3341=EDGE_CURVE('',#2416,#2553,#1215,.T.);
#3342=EDGE_CURVE('',#2688,#2492,#1216,.T.);
#3343=EDGE_CURVE('',#2689,#2688,#1217,.T.);
#3344=EDGE_CURVE('',#2689,#2491,#1218,.T.);
#3345=EDGE_CURVE('',#2690,#2689,#1219,.T.);
#3346=EDGE_CURVE('',#2690,#2493,#1220,.T.);
#3347=EDGE_CURVE('',#2691,#2690,#1221,.T.);
#3348=EDGE_CURVE('',#2691,#2494,#1222,.T.);
#3349=EDGE_CURVE('',#2688,#2691,#1223,.T.);
#3350=EDGE_CURVE('',#2688,#2492,#1224,.T.);
#3351=EDGE_CURVE('',#2692,#2484,#1225,.T.);
#3352=EDGE_CURVE('',#2693,#2692,#1226,.T.);
#3353=EDGE_CURVE('',#2693,#2495,#1227,.T.);
#3354=EDGE_CURVE('',#2694,#2693,#1228,.T.);
#3355=EDGE_CURVE('',#2694,#2496,#1229,.T.);
#3356=EDGE_CURVE('',#2688,#2694,#1230,.T.);
#3357=EDGE_CURVE('',#2692,#2688,#1231,.T.);
#3358=EDGE_CURVE('',#2692,#2484,#1232,.T.);
#3359=EDGE_CURVE('',#2695,#2482,#1233,.T.);
#3360=EDGE_CURVE('',#2696,#2695,#1234,.T.);
#3361=EDGE_CURVE('',#2696,#2481,#1235,.T.);
#3362=EDGE_CURVE('',#2697,#2696,#1236,.T.);
#3363=EDGE_CURVE('',#2697,#2483,#1237,.T.);
#3364=EDGE_CURVE('',#2692,#2697,#1238,.T.);
#3365=EDGE_CURVE('',#2695,#2692,#1239,.T.);
#3366=EDGE_CURVE('',#2695,#2482,#1240,.T.);
#3367=EDGE_CURVE('',#2698,#2487,#1241,.T.);
#3368=EDGE_CURVE('',#2699,#2698,#1242,.T.);
#3369=EDGE_CURVE('',#2699,#2488,#1243,.T.);
#3370=EDGE_CURVE('',#2700,#2699,#1244,.T.);
#3371=EDGE_CURVE('',#2700,#2489,#1245,.T.);
#3372=EDGE_CURVE('',#2701,#2700,#1246,.T.);
#3373=EDGE_CURVE('',#2701,#2490,#1247,.T.);
#3374=EDGE_CURVE('',#2698,#2701,#1248,.T.);
#3375=EDGE_CURVE('',#2698,#2487,#1249,.T.);
#3376=EDGE_CURVE('',#2702,#2486,#1250,.T.);
#3377=EDGE_CURVE('',#2703,#2702,#1251,.T.);
#3378=EDGE_CURVE('',#2703,#2485,#1252,.T.);
#3379=EDGE_CURVE('',#2695,#2703,#1253,.T.);
#3380=EDGE_CURVE('',#2698,#2695,#1254,.T.);
#3381=EDGE_CURVE('',#2702,#2698,#1255,.T.);
#3382=EDGE_CURVE('',#2704,#2418,#1256,.T.);
#3383=EDGE_CURVE('',#2705,#2704,#1257,.T.);
#3384=EDGE_CURVE('',#2705,#2417,#1258,.T.);
#3385=EDGE_CURVE('',#2706,#2705,#1259,.T.);
#3386=EDGE_CURVE('',#2706,#2419,#1260,.T.);
#3387=EDGE_CURVE('',#2707,#2706,#1261,.T.);
#3388=EDGE_CURVE('',#2707,#2420,#1262,.T.);
#3389=EDGE_CURVE('',#2704,#2707,#1263,.T.);
#3390=EDGE_CURVE('',#2708,#2498,#1264,.T.);
#3391=EDGE_CURVE('',#2709,#2708,#1265,.T.);
#3392=EDGE_CURVE('',#2709,#2507,#1266,.T.);
#3393=EDGE_CURVE('',#2710,#2709,#1267,.T.);
#3394=EDGE_CURVE('',#2710,#2508,#1268,.T.);
#3395=EDGE_CURVE('',#2711,#2710,#1269,.T.);
#3396=EDGE_CURVE('',#2711,#2500,#1270,.T.);
#3397=EDGE_CURVE('',#2711,#2500,#1271,.T.);
#3398=EDGE_CURVE('',#2708,#2711,#1272,.T.);
#3399=EDGE_CURVE('',#2708,#2498,#1273,.T.);
#3400=EDGE_CURVE('',#2712,#2708,#1274,.T.);
#3401=EDGE_CURVE('',#2712,#2497,#1275,.T.);
#3402=EDGE_CURVE('',#2713,#2712,#1276,.T.);
#3403=EDGE_CURVE('',#2713,#2499,#1277,.T.);
#3404=EDGE_CURVE('',#2711,#2713,#1278,.T.);
#3405=EDGE_CURVE('',#2714,#2711,#1279,.T.);
#3406=EDGE_CURVE('',#2714,#2501,#1280,.T.);
#3407=EDGE_CURVE('',#2715,#2714,#1281,.T.);
#3408=EDGE_CURVE('',#2715,#2502,#1282,.T.);
#3409=EDGE_CURVE('',#2716,#2715,#1283,.T.);
#3410=EDGE_CURVE('',#2716,#2503,#1284,.T.);
#3411=EDGE_CURVE('',#2717,#2716,#1285,.T.);
#3412=EDGE_CURVE('',#2717,#2504,#1286,.T.);
#3413=EDGE_CURVE('',#2718,#2717,#1287,.T.);
#3414=EDGE_CURVE('',#2718,#2505,#1288,.T.);
#3415=EDGE_CURVE('',#2719,#2718,#1289,.T.);
#3416=EDGE_CURVE('',#2719,#2506,#1290,.T.);
#3417=EDGE_CURVE('',#2708,#2719,#1291,.T.);
#3418=EDGE_CURVE('',#2720,#2462,#1292,.T.);
#3419=EDGE_CURVE('',#2721,#2720,#1293,.T.);
#3420=EDGE_CURVE('',#2721,#2461,#1294,.T.);
#3421=EDGE_CURVE('',#2722,#2721,#1295,.T.);
#3422=EDGE_CURVE('',#2722,#2463,#1296,.T.);
#3423=EDGE_CURVE('',#2723,#2722,#1297,.T.);
#3424=EDGE_CURVE('',#2723,#2464,#1298,.T.);
#3425=EDGE_CURVE('',#2724,#2723,#1299,.T.);
#3426=EDGE_CURVE('',#2724,#2465,#1300,.T.);
#3427=EDGE_CURVE('',#2725,#2724,#1301,.T.);
#3428=EDGE_CURVE('',#2725,#2466,#1302,.T.);
#3429=EDGE_CURVE('',#2726,#2725,#1303,.T.);
#3430=EDGE_CURVE('',#2726,#2467,#1304,.T.);
#3431=EDGE_CURVE('',#2727,#2726,#1305,.T.);
#3432=EDGE_CURVE('',#2727,#2468,#1306,.T.);
#3433=EDGE_CURVE('',#2720,#2727,#1307,.T.);
#3434=EDGE_CURVE('',#2728,#2422,#1308,.T.);
#3435=EDGE_CURVE('',#2729,#2728,#1309,.T.);
#3436=EDGE_CURVE('',#2729,#2421,#1310,.T.);
#3437=EDGE_CURVE('',#2730,#2729,#1311,.T.);
#3438=EDGE_CURVE('',#2730,#2423,#1312,.T.);
#3439=EDGE_CURVE('',#2731,#2730,#1313,.T.);
#3440=EDGE_CURVE('',#2731,#2424,#1314,.T.);
#3441=EDGE_CURVE('',#2732,#2731,#1315,.T.);
#3442=EDGE_CURVE('',#2732,#2425,#1316,.T.);
#3443=EDGE_CURVE('',#2733,#2732,#1317,.T.);
#3444=EDGE_CURVE('',#2733,#2426,#1318,.T.);
#3445=EDGE_CURVE('',#2734,#2733,#1319,.T.);
#3446=EDGE_CURVE('',#2734,#2427,#1320,.T.);
#3447=EDGE_CURVE('',#2735,#2734,#1321,.T.);
#3448=EDGE_CURVE('',#2735,#2428,#1322,.T.);
#3449=EDGE_CURVE('',#2736,#2735,#1323,.T.);
#3450=EDGE_CURVE('',#2736,#2429,#1324,.T.);
#3451=EDGE_CURVE('',#2737,#2736,#1325,.T.);
#3452=EDGE_CURVE('',#2737,#2430,#1326,.T.);
#3453=EDGE_CURVE('',#2728,#2737,#1327,.T.);
#3454=EDGE_CURVE('',#2738,#2470,#1328,.T.);
#3455=EDGE_CURVE('',#2739,#2738,#1329,.T.);
#3456=EDGE_CURVE('',#2739,#2469,#1330,.T.);
#3457=EDGE_CURVE('',#2740,#2739,#1331,.T.);
#3458=EDGE_CURVE('',#2740,#2471,#1332,.T.);
#3459=EDGE_CURVE('',#2741,#2740,#1333,.T.);
#3460=EDGE_CURVE('',#2741,#2472,#1334,.T.);
#3461=EDGE_CURVE('',#2741,#2472,#1335,.T.);
#3462=EDGE_CURVE('',#2738,#2741,#1336,.T.);
#3463=EDGE_CURVE('',#2738,#2470,#1337,.T.);
#3464=EDGE_CURVE('',#2742,#2741,#1338,.T.);
#3465=EDGE_CURVE('',#2742,#2479,#1339,.T.);
#3466=EDGE_CURVE('',#2743,#2742,#1340,.T.);
#3467=EDGE_CURVE('',#2743,#2480,#1341,.T.);
#3468=EDGE_CURVE('',#2744,#2743,#1342,.T.);
#3469=EDGE_CURVE('',#2744,#2477,#1343,.T.);
#3470=EDGE_CURVE('',#2744,#2477,#1344,.T.);
#3471=EDGE_CURVE('',#2741,#2744,#1345,.T.);
#3472=EDGE_CURVE('',#2745,#2744,#1346,.T.);
#3473=EDGE_CURVE('',#2745,#2476,#1347,.T.);
#3474=EDGE_CURVE('',#2746,#2745,#1348,.T.);
#3475=EDGE_CURVE('',#2746,#2478,#1349,.T.);
#3476=EDGE_CURVE('',#2747,#2746,#1350,.T.);
#3477=EDGE_CURVE('',#2747,#2473,#1351,.T.);
#3478=EDGE_CURVE('',#2747,#2473,#1352,.T.);
#3479=EDGE_CURVE('',#2744,#2747,#1353,.T.);
#3480=EDGE_CURVE('',#2747,#2738,#1354,.T.);
#3481=EDGE_CURVE('',#2748,#2747,#1355,.T.);
#3482=EDGE_CURVE('',#2748,#2474,#1356,.T.);
#3483=EDGE_CURVE('',#2749,#2748,#1357,.T.);
#3484=EDGE_CURVE('',#2749,#2475,#1358,.T.);
#3485=EDGE_CURVE('',#2738,#2749,#1359,.T.);
#3486=EDGE_CURVE('',#2750,#2452,#1360,.T.);
#3487=EDGE_CURVE('',#2751,#2750,#1361,.T.);
#3488=EDGE_CURVE('',#2751,#2449,#1362,.T.);
#3489=EDGE_CURVE('',#2751,#2449,#1363,.T.);
#3490=EDGE_CURVE('',#2752,#2751,#1364,.T.);
#3491=EDGE_CURVE('',#2752,#2453,#1365,.T.);
#3492=EDGE_CURVE('',#2753,#2752,#1366,.T.);
#3493=EDGE_CURVE('',#2753,#2454,#1367,.T.);
#3494=EDGE_CURVE('',#2753,#2454,#1368,.T.);
#3495=EDGE_CURVE('',#2750,#2753,#1369,.T.);
#3496=EDGE_CURVE('',#2754,#2753,#1370,.T.);
#3497=EDGE_CURVE('',#2754,#2455,#1371,.T.);
#3498=EDGE_CURVE('',#2755,#2754,#1372,.T.);
#3499=EDGE_CURVE('',#2755,#2456,#1373,.T.);
#3500=EDGE_CURVE('',#2755,#2456,#1374,.T.);
#3501=EDGE_CURVE('',#2756,#2755,#1375,.T.);
#3502=EDGE_CURVE('',#2756,#2457,#1376,.T.);
#3503=EDGE_CURVE('',#2753,#2756,#1377,.T.);
#3504=EDGE_CURVE('',#2757,#2755,#1378,.T.);
#3505=EDGE_CURVE('',#2757,#2458,#1379,.T.);
#3506=EDGE_CURVE('',#2758,#2757,#1380,.T.);
#3507=EDGE_CURVE('',#2758,#2459,#1381,.T.);
#3508=EDGE_CURVE('',#2759,#2758,#1382,.T.);
#3509=EDGE_CURVE('',#2759,#2460,#1383,.T.);
#3510=EDGE_CURVE('',#2755,#2759,#1384,.T.);
#3511=EDGE_CURVE('',#2760,#2751,#1385,.T.);
#3512=EDGE_CURVE('',#2760,#2447,#1386,.T.);
#3513=EDGE_CURVE('',#2760,#2447,#1387,.T.);
#3514=EDGE_CURVE('',#2761,#2760,#1388,.T.);
#3515=EDGE_CURVE('',#2761,#2450,#1389,.T.);
#3516=EDGE_CURVE('',#2762,#2761,#1390,.T.);
#3517=EDGE_CURVE('',#2762,#2451,#1391,.T.);
#3518=EDGE_CURVE('',#2751,#2762,#1392,.T.);
#3519=EDGE_CURVE('',#2763,#2760,#1393,.T.);
#3520=EDGE_CURVE('',#2763,#2446,#1394,.T.);
#3521=EDGE_CURVE('',#2764,#2763,#1395,.T.);
#3522=EDGE_CURVE('',#2764,#2444,#1396,.T.);
#3523=EDGE_CURVE('',#2764,#2444,#1397,.T.);
#3524=EDGE_CURVE('',#2765,#2764,#1398,.T.);
#3525=EDGE_CURVE('',#2765,#2448,#1399,.T.);
#3526=EDGE_CURVE('',#2760,#2765,#1400,.T.);
#3527=EDGE_CURVE('',#2766,#2764,#1401,.T.);
#3528=EDGE_CURVE('',#2766,#2443,#1402,.T.);
#3529=EDGE_CURVE('',#2767,#2766,#1403,.T.);
#3530=EDGE_CURVE('',#2440,#2767,#1404,.T.);
#3531=EDGE_CURVE('',#2440,#2767,#1405,.T.);
#3532=EDGE_CURVE('',#2768,#2767,#1406,.T.);
#3533=EDGE_CURVE('',#2768,#2445,#1407,.T.);
#3534=EDGE_CURVE('',#2764,#2768,#1408,.T.);
#3535=EDGE_CURVE('',#2769,#2767,#1409,.T.);
#3536=EDGE_CURVE('',#2769,#2439,#1410,.T.);
#3537=EDGE_CURVE('',#2770,#2769,#1411,.T.);
#3538=EDGE_CURVE('',#2770,#2441,#1412,.T.);
#3539=EDGE_CURVE('',#2771,#2770,#1413,.T.);
#3540=EDGE_CURVE('',#2771,#2442,#1414,.T.);
#3541=EDGE_CURVE('',#2767,#2771,#1415,.T.);
#3542=EDGE_CURVE('',#2772,#2432,#1416,.T.);
#3543=EDGE_CURVE('',#2773,#2772,#1417,.T.);
#3544=EDGE_CURVE('',#2773,#2431,#1418,.T.);
#3545=EDGE_CURVE('',#2774,#2773,#1419,.T.);
#3546=EDGE_CURVE('',#2774,#2433,#1420,.T.);
#3547=EDGE_CURVE('',#2775,#2774,#1421,.T.);
#3548=EDGE_CURVE('',#2775,#2434,#1422,.T.);
#3549=EDGE_CURVE('',#2776,#2775,#1423,.T.);
#3550=EDGE_CURVE('',#2776,#2435,#1424,.T.);
#3551=EDGE_CURVE('',#2777,#2776,#1425,.T.);
#3552=EDGE_CURVE('',#2777,#2436,#1426,.T.);
#3553=EDGE_CURVE('',#2778,#2777,#1427,.T.);
#3554=EDGE_CURVE('',#2778,#2437,#1428,.T.);
#3555=EDGE_CURVE('',#2779,#2778,#1429,.T.);
#3556=EDGE_CURVE('',#2779,#2438,#1430,.T.);
#3557=EDGE_CURVE('',#2772,#2779,#1431,.T.);
#3558=EDGE_CURVE('',#2780,#2664,#1432,.T.);
#3559=EDGE_CURVE('',#2780,#2580,#1433,.T.);
#3560=EDGE_CURVE('',#2781,#2657,#1434,.T.);
#3561=EDGE_CURVE('',#2781,#2590,#1435,.T.);
#3562=EDGE_CURVE('',#2782,#2671,#1436,.T.);
#3563=EDGE_CURVE('',#2782,#2569,#1437,.T.);
#3564=EDGE_CURVE('',#2783,#2679,#1438,.T.);
#3565=EDGE_CURVE('',#2783,#2556,#1439,.T.);
#3566=EDGE_CURVE('',#2592,#2649,#1440,.T.);
#3567=EDGE_CURVE('',#2582,#2643,#1441,.T.);
#3568=EDGE_CURVE('',#2637,#2571,#1442,.T.);
#3569=EDGE_CURVE('',#2559,#2655,#1443,.T.);
#3570=EDGE_CURVE('',#2784,#2645,#1444,.T.);
#3571=EDGE_CURVE('',#2784,#2663,#1445,.T.);
#3572=EDGE_CURVE('',#2650,#2785,#1446,.T.);
#3573=EDGE_CURVE('',#2785,#2784,#1447,.T.);
#3574=EDGE_CURVE('',#2649,#2786,#1448,.T.);
#3575=EDGE_CURVE('',#2786,#2785,#1449,.T.);
#3576=EDGE_CURVE('',#2787,#2639,#1450,.T.);
#3577=EDGE_CURVE('',#2787,#2670,#1451,.T.);
#3578=EDGE_CURVE('',#2644,#2788,#1452,.T.);
#3579=EDGE_CURVE('',#2788,#2787,#1453,.T.);
#3580=EDGE_CURVE('',#2643,#2789,#1454,.T.);
#3581=EDGE_CURVE('',#2789,#2788,#1455,.T.);
#3582=EDGE_CURVE('',#2790,#2633,#1456,.T.);
#3583=EDGE_CURVE('',#2790,#2677,#1457,.T.);
#3584=EDGE_CURVE('',#2638,#2791,#1458,.T.);
#3585=EDGE_CURVE('',#2791,#2790,#1459,.T.);
#3586=EDGE_CURVE('',#2637,#2792,#1460,.T.);
#3587=EDGE_CURVE('',#2792,#2791,#1461,.T.);
#3588=EDGE_CURVE('',#2793,#2651,#1462,.T.);
#3589=EDGE_CURVE('',#2793,#2686,#1463,.T.);
#3590=EDGE_CURVE('',#2656,#2794,#1464,.T.);
#3591=EDGE_CURVE('',#2794,#2793,#1465,.T.);
#3592=EDGE_CURVE('',#2655,#2795,#1466,.T.);
#3593=EDGE_CURVE('',#2795,#2794,#1467,.T.);
#3594=EDGE_CURVE('',#2570,#2796,#1468,.T.);
#3595=EDGE_CURVE('',#2796,#2792,#1469,.T.);
#3596=EDGE_CURVE('',#2591,#2797,#1470,.T.);
#3597=EDGE_CURVE('',#2797,#2786,#1471,.T.);
#3598=EDGE_CURVE('',#2581,#2798,#1472,.T.);
#3599=EDGE_CURVE('',#2798,#2789,#1473,.T.);
#3600=EDGE_CURVE('',#2558,#2799,#1474,.T.);
#3601=EDGE_CURVE('',#2799,#2795,#1475,.T.);
#3602=EDGE_CURVE('',#2800,#2557,#1476,.T.);
#3603=EDGE_CURVE('',#2800,#2799,#1477,.T.);
#3604=EDGE_CURVE('',#2409,#2687,#1478,.T.);
#3605=EDGE_CURVE('',#2801,#2800,#1479,.T.);
#3606=EDGE_CURVE('',#2684,#2801,#1480,.T.);
#3607=EDGE_CURVE('',#2802,#2797,#1481,.T.);
#3608=EDGE_CURVE('',#2661,#2802,#1482,.T.);
#3609=EDGE_CURVE('',#2803,#2796,#1483,.T.);
#3610=EDGE_CURVE('',#2675,#2803,#1484,.T.);
#3611=EDGE_CURVE('',#2804,#2802,#1485,.T.);
#3612=EDGE_CURVE('',#2804,#2662,#1486,.T.);
#3613=EDGE_CURVE('',#2805,#2803,#1487,.T.);
#3614=EDGE_CURVE('',#2805,#2676,#1488,.T.);
#3615=EDGE_CURVE('',#2806,#2801,#1489,.T.);
#3616=EDGE_CURVE('',#2806,#2685,#1490,.T.);
#3617=EDGE_CURVE('',#2807,#2808,#1491,.T.);
#3618=EDGE_CURVE('',#2807,#2669,#1492,.T.);
#3619=EDGE_CURVE('',#2668,#2808,#1493,.T.);
#3620=EDGE_CURVE('',#2808,#2798,#1494,.T.);
#3621=EDGE_CURVE('',#2782,#2805,#1495,.T.);
#3622=EDGE_CURVE('',#2781,#2804,#1496,.T.);
#3623=EDGE_CURVE('',#2780,#2807,#1497,.T.);
#3624=EDGE_CURVE('',#2783,#2806,#1498,.T.);
#3625=EDGE_CURVE('',#2405,#2399,#1499,.T.);
#3626=EDGE_CURVE('',#2552,#2412,#1500,.T.);
#3627=EDGE_CURVE('',#2553,#2411,#1501,.T.);
#3628=ORIENTED_EDGE('',*,*,#2809,.F.);
#3629=ORIENTED_EDGE('',*,*,#2810,.T.);
#3630=ORIENTED_EDGE('',*,*,#2811,.F.);
#3631=ORIENTED_EDGE('',*,*,#2812,.T.);
#3632=ORIENTED_EDGE('',*,*,#2813,.F.);
#3633=ORIENTED_EDGE('',*,*,#2814,.F.);
#3634=ORIENTED_EDGE('',*,*,#2815,.F.);
#3635=ORIENTED_EDGE('',*,*,#2812,.F.);
#3636=ORIENTED_EDGE('',*,*,#2816,.F.);
#3637=ORIENTED_EDGE('',*,*,#2815,.T.);
#3638=ORIENTED_EDGE('',*,*,#2817,.F.);
#3639=ORIENTED_EDGE('',*,*,#2818,.F.);
#3640=ORIENTED_EDGE('',*,*,#2819,.F.);
#3641=ORIENTED_EDGE('',*,*,#2814,.T.);
#3642=ORIENTED_EDGE('',*,*,#2820,.F.);
#3643=ORIENTED_EDGE('',*,*,#2817,.T.);
#3644=ORIENTED_EDGE('',*,*,#2816,.T.);
#3645=ORIENTED_EDGE('',*,*,#2811,.T.);
#3646=ORIENTED_EDGE('',*,*,#2821,.T.);
#3647=ORIENTED_EDGE('',*,*,#2822,.T.);
#3648=ORIENTED_EDGE('',*,*,#2823,.T.);
#3649=ORIENTED_EDGE('',*,*,#2824,.F.);
#3650=ORIENTED_EDGE('',*,*,#2825,.T.);
#3651=ORIENTED_EDGE('',*,*,#2826,.F.);
#3652=ORIENTED_EDGE('',*,*,#2827,.T.);
#3653=ORIENTED_EDGE('',*,*,#2828,.F.);
#3654=ORIENTED_EDGE('',*,*,#2829,.F.);
#3655=ORIENTED_EDGE('',*,*,#2830,.F.);
#3656=ORIENTED_EDGE('',*,*,#2827,.F.);
#3657=ORIENTED_EDGE('',*,*,#2831,.F.);
#3658=ORIENTED_EDGE('',*,*,#2830,.T.);
#3659=ORIENTED_EDGE('',*,*,#2832,.F.);
#3660=ORIENTED_EDGE('',*,*,#2833,.F.);
#3661=ORIENTED_EDGE('',*,*,#2834,.F.);
#3662=ORIENTED_EDGE('',*,*,#2829,.T.);
#3663=ORIENTED_EDGE('',*,*,#2835,.F.);
#3664=ORIENTED_EDGE('',*,*,#2832,.T.);
#3665=ORIENTED_EDGE('',*,*,#2831,.T.);
#3666=ORIENTED_EDGE('',*,*,#2826,.T.);
#3667=ORIENTED_EDGE('',*,*,#2836,.T.);
#3668=ORIENTED_EDGE('',*,*,#2837,.T.);
#3669=ORIENTED_EDGE('',*,*,#2838,.T.);
#3670=ORIENTED_EDGE('',*,*,#2839,.F.);
#3671=ORIENTED_EDGE('',*,*,#2840,.T.);
#3672=ORIENTED_EDGE('',*,*,#2841,.F.);
#3673=ORIENTED_EDGE('',*,*,#2842,.T.);
#3674=ORIENTED_EDGE('',*,*,#2843,.F.);
#3675=ORIENTED_EDGE('',*,*,#2844,.F.);
#3676=ORIENTED_EDGE('',*,*,#2845,.F.);
#3677=ORIENTED_EDGE('',*,*,#2842,.F.);
#3678=ORIENTED_EDGE('',*,*,#2846,.F.);
#3679=ORIENTED_EDGE('',*,*,#2845,.T.);
#3680=ORIENTED_EDGE('',*,*,#2847,.F.);
#3681=ORIENTED_EDGE('',*,*,#2848,.F.);
#3682=ORIENTED_EDGE('',*,*,#2849,.F.);
#3683=ORIENTED_EDGE('',*,*,#2844,.T.);
#3684=ORIENTED_EDGE('',*,*,#2850,.F.);
#3685=ORIENTED_EDGE('',*,*,#2847,.T.);
#3686=ORIENTED_EDGE('',*,*,#2846,.T.);
#3687=ORIENTED_EDGE('',*,*,#2841,.T.);
#3688=ORIENTED_EDGE('',*,*,#2851,.T.);
#3689=ORIENTED_EDGE('',*,*,#2852,.T.);
#3690=ORIENTED_EDGE('',*,*,#2853,.T.);
#3691=ORIENTED_EDGE('',*,*,#2854,.F.);
#3692=ORIENTED_EDGE('',*,*,#2855,.T.);
#3693=ORIENTED_EDGE('',*,*,#2856,.F.);
#3694=ORIENTED_EDGE('',*,*,#2857,.T.);
#3695=ORIENTED_EDGE('',*,*,#2858,.F.);
#3696=ORIENTED_EDGE('',*,*,#2859,.F.);
#3697=ORIENTED_EDGE('',*,*,#2860,.F.);
#3698=ORIENTED_EDGE('',*,*,#2857,.F.);
#3699=ORIENTED_EDGE('',*,*,#2861,.F.);
#3700=ORIENTED_EDGE('',*,*,#2860,.T.);
#3701=ORIENTED_EDGE('',*,*,#2862,.F.);
#3702=ORIENTED_EDGE('',*,*,#2863,.F.);
#3703=ORIENTED_EDGE('',*,*,#2864,.F.);
#3704=ORIENTED_EDGE('',*,*,#2859,.T.);
#3705=ORIENTED_EDGE('',*,*,#2865,.F.);
#3706=ORIENTED_EDGE('',*,*,#2862,.T.);
#3707=ORIENTED_EDGE('',*,*,#2861,.T.);
#3708=ORIENTED_EDGE('',*,*,#2856,.T.);
#3709=ORIENTED_EDGE('',*,*,#2866,.T.);
#3710=ORIENTED_EDGE('',*,*,#2867,.T.);
#3711=ORIENTED_EDGE('',*,*,#2868,.T.);
#3712=ORIENTED_EDGE('',*,*,#2869,.F.);
#3713=ORIENTED_EDGE('',*,*,#2870,.T.);
#3714=ORIENTED_EDGE('',*,*,#2871,.F.);
#3715=ORIENTED_EDGE('',*,*,#2872,.F.);
#3716=ORIENTED_EDGE('',*,*,#2873,.F.);
#3717=ORIENTED_EDGE('',*,*,#2872,.T.);
#3718=ORIENTED_EDGE('',*,*,#2874,.F.);
#3719=ORIENTED_EDGE('',*,*,#2875,.T.);
#3720=ORIENTED_EDGE('',*,*,#2876,.F.);
#3721=ORIENTED_EDGE('',*,*,#2870,.F.);
#3722=ORIENTED_EDGE('',*,*,#2877,.F.);
#3723=ORIENTED_EDGE('',*,*,#2874,.T.);
#3724=ORIENTED_EDGE('',*,*,#2871,.T.);
#3725=ORIENTED_EDGE('',*,*,#2876,.T.);
#3726=ORIENTED_EDGE('',*,*,#2867,.F.);
#3727=ORIENTED_EDGE('',*,*,#2878,.T.);
#3728=ORIENTED_EDGE('',*,*,#2879,.F.);
#3729=ORIENTED_EDGE('',*,*,#2880,.T.);
#3730=ORIENTED_EDGE('',*,*,#2881,.T.);
#3731=ORIENTED_EDGE('',*,*,#2882,.T.);
#3732=ORIENTED_EDGE('',*,*,#2883,.T.);
#3733=ORIENTED_EDGE('',*,*,#2884,.F.);
#3734=ORIENTED_EDGE('',*,*,#2885,.T.);
#3735=ORIENTED_EDGE('',*,*,#2886,.T.);
#3736=ORIENTED_EDGE('',*,*,#2887,.T.);
#3737=ORIENTED_EDGE('',*,*,#2888,.T.);
#3738=ORIENTED_EDGE('',*,*,#2889,.T.);
#3739=ORIENTED_EDGE('',*,*,#2890,.T.);
#3740=ORIENTED_EDGE('',*,*,#2818,.T.);
#3741=ORIENTED_EDGE('',*,*,#2820,.T.);
#3742=ORIENTED_EDGE('',*,*,#2813,.T.);
#3743=ORIENTED_EDGE('',*,*,#2823,.F.);
#3744=ORIENTED_EDGE('',*,*,#2891,.F.);
#3745=ORIENTED_EDGE('',*,*,#2892,.T.);
#3746=ORIENTED_EDGE('',*,*,#2873,.T.);
#3747=ORIENTED_EDGE('',*,*,#2877,.T.);
#3748=ORIENTED_EDGE('',*,*,#2893,.T.);
#3749=ORIENTED_EDGE('',*,*,#2863,.T.);
#3750=ORIENTED_EDGE('',*,*,#2865,.T.);
#3751=ORIENTED_EDGE('',*,*,#2858,.T.);
#3752=ORIENTED_EDGE('',*,*,#2868,.F.);
#3753=ORIENTED_EDGE('',*,*,#2875,.F.);
#3754=ORIENTED_EDGE('',*,*,#2869,.T.);
#3755=ORIENTED_EDGE('',*,*,#2894,.T.);
#3756=ORIENTED_EDGE('',*,*,#2895,.T.);
#3757=ORIENTED_EDGE('',*,*,#2896,.T.);
#3758=ORIENTED_EDGE('',*,*,#2833,.T.);
#3759=ORIENTED_EDGE('',*,*,#2835,.T.);
#3760=ORIENTED_EDGE('',*,*,#2828,.T.);
#3761=ORIENTED_EDGE('',*,*,#2838,.F.);
#3762=ORIENTED_EDGE('',*,*,#2897,.F.);
#3763=ORIENTED_EDGE('',*,*,#2898,.T.);
#3764=ORIENTED_EDGE('',*,*,#2899,.T.);
#3765=ORIENTED_EDGE('',*,*,#2900,.T.);
#3766=ORIENTED_EDGE('',*,*,#2901,.T.);
#3767=ORIENTED_EDGE('',*,*,#2848,.T.);
#3768=ORIENTED_EDGE('',*,*,#2850,.T.);
#3769=ORIENTED_EDGE('',*,*,#2843,.T.);
#3770=ORIENTED_EDGE('',*,*,#2853,.F.);
#3771=ORIENTED_EDGE('',*,*,#2902,.F.);
#3772=ORIENTED_EDGE('',*,*,#2903,.T.);
#3773=ORIENTED_EDGE('',*,*,#2879,.T.);
#3774=ORIENTED_EDGE('',*,*,#2904,.F.);
#3775=ORIENTED_EDGE('',*,*,#2854,.T.);
#3776=ORIENTED_EDGE('',*,*,#2864,.T.);
#3777=ORIENTED_EDGE('',*,*,#2893,.F.);
#3778=ORIENTED_EDGE('',*,*,#2903,.F.);
#3779=ORIENTED_EDGE('',*,*,#2905,.T.);
#3780=ORIENTED_EDGE('',*,*,#2906,.F.);
#3781=ORIENTED_EDGE('',*,*,#2907,.F.);
#3782=ORIENTED_EDGE('',*,*,#2899,.F.);
#3783=ORIENTED_EDGE('',*,*,#2907,.T.);
#3784=ORIENTED_EDGE('',*,*,#2908,.F.);
#3785=ORIENTED_EDGE('',*,*,#2902,.T.);
#3786=ORIENTED_EDGE('',*,*,#2909,.F.);
#3787=ORIENTED_EDGE('',*,*,#2905,.F.);
#3788=ORIENTED_EDGE('',*,*,#2900,.F.);
#3789=ORIENTED_EDGE('',*,*,#2908,.T.);
#3790=ORIENTED_EDGE('',*,*,#2906,.T.);
#3791=ORIENTED_EDGE('',*,*,#2909,.T.);
#3792=ORIENTED_EDGE('',*,*,#2852,.F.);
#3793=ORIENTED_EDGE('',*,*,#2910,.T.);
#3794=ORIENTED_EDGE('',*,*,#2911,.F.);
#3795=ORIENTED_EDGE('',*,*,#2911,.T.);
#3796=ORIENTED_EDGE('',*,*,#2912,.F.);
#3797=ORIENTED_EDGE('',*,*,#2839,.T.);
#3798=ORIENTED_EDGE('',*,*,#2849,.T.);
#3799=ORIENTED_EDGE('',*,*,#2901,.F.);
#3800=ORIENTED_EDGE('',*,*,#2898,.F.);
#3801=ORIENTED_EDGE('',*,*,#2913,.T.);
#3802=ORIENTED_EDGE('',*,*,#2914,.F.);
#3803=ORIENTED_EDGE('',*,*,#2915,.F.);
#3804=ORIENTED_EDGE('',*,*,#2894,.F.);
#3805=ORIENTED_EDGE('',*,*,#2915,.T.);
#3806=ORIENTED_EDGE('',*,*,#2916,.F.);
#3807=ORIENTED_EDGE('',*,*,#2897,.T.);
#3808=ORIENTED_EDGE('',*,*,#2917,.F.);
#3809=ORIENTED_EDGE('',*,*,#2913,.F.);
#3810=ORIENTED_EDGE('',*,*,#2895,.F.);
#3811=ORIENTED_EDGE('',*,*,#2916,.T.);
#3812=ORIENTED_EDGE('',*,*,#2914,.T.);
#3813=ORIENTED_EDGE('',*,*,#2917,.T.);
#3814=ORIENTED_EDGE('',*,*,#2837,.F.);
#3815=ORIENTED_EDGE('',*,*,#2918,.T.);
#3816=ORIENTED_EDGE('',*,*,#2919,.F.);
#3817=ORIENTED_EDGE('',*,*,#2919,.T.);
#3818=ORIENTED_EDGE('',*,*,#2920,.F.);
#3819=ORIENTED_EDGE('',*,*,#2824,.T.);
#3820=ORIENTED_EDGE('',*,*,#2834,.T.);
#3821=ORIENTED_EDGE('',*,*,#2896,.F.);
#3822=ORIENTED_EDGE('',*,*,#2921,.F.);
#3823=ORIENTED_EDGE('',*,*,#2889,.F.);
#3824=ORIENTED_EDGE('',*,*,#2922,.T.);
#3825=ORIENTED_EDGE('',*,*,#2923,.T.);
#3826=ORIENTED_EDGE('',*,*,#2924,.T.);
#3827=ORIENTED_EDGE('',*,*,#2822,.F.);
#3828=ORIENTED_EDGE('',*,*,#2925,.T.);
#3829=ORIENTED_EDGE('',*,*,#2892,.F.);
#3830=ORIENTED_EDGE('',*,*,#2926,.T.);
#3831=ORIENTED_EDGE('',*,*,#2923,.F.);
#3832=ORIENTED_EDGE('',*,*,#2927,.F.);
#3833=ORIENTED_EDGE('',*,*,#2888,.F.);
#3834=ORIENTED_EDGE('',*,*,#2927,.T.);
#3835=ORIENTED_EDGE('',*,*,#2922,.F.);
#3836=ORIENTED_EDGE('',*,*,#2891,.T.);
#3837=ORIENTED_EDGE('',*,*,#2924,.F.);
#3838=ORIENTED_EDGE('',*,*,#2926,.F.);
#3839=ORIENTED_EDGE('',*,*,#2921,.T.);
#3840=ORIENTED_EDGE('',*,*,#2928,.F.);
#3841=ORIENTED_EDGE('',*,*,#2809,.T.);
#3842=ORIENTED_EDGE('',*,*,#2819,.T.);
#3843=ORIENTED_EDGE('',*,*,#2890,.F.);
#3844=ORIENTED_EDGE('',*,*,#2929,.F.);
#3845=ORIENTED_EDGE('',*,*,#2930,.T.);
#3846=ORIENTED_EDGE('',*,*,#2931,.F.);
#3847=ORIENTED_EDGE('',*,*,#2932,.F.);
#3848=ORIENTED_EDGE('',*,*,#2933,.T.);
#3849=ORIENTED_EDGE('',*,*,#2934,.T.);
#3850=ORIENTED_EDGE('',*,*,#2935,.T.);
#3851=ORIENTED_EDGE('',*,*,#2936,.T.);
#3852=ORIENTED_EDGE('',*,*,#2937,.F.);
#3853=ORIENTED_EDGE('',*,*,#2938,.F.);
#3854=ORIENTED_EDGE('',*,*,#2939,.T.);
#3855=ORIENTED_EDGE('',*,*,#2940,.F.);
#3856=ORIENTED_EDGE('',*,*,#2904,.T.);
#3857=ORIENTED_EDGE('',*,*,#2878,.F.);
#3858=ORIENTED_EDGE('',*,*,#2866,.F.);
#3859=ORIENTED_EDGE('',*,*,#2855,.F.);
#3860=ORIENTED_EDGE('',*,*,#2912,.T.);
#3861=ORIENTED_EDGE('',*,*,#2910,.F.);
#3862=ORIENTED_EDGE('',*,*,#2851,.F.);
#3863=ORIENTED_EDGE('',*,*,#2840,.F.);
#3864=ORIENTED_EDGE('',*,*,#2920,.T.);
#3865=ORIENTED_EDGE('',*,*,#2918,.F.);
#3866=ORIENTED_EDGE('',*,*,#2836,.F.);
#3867=ORIENTED_EDGE('',*,*,#2825,.F.);
#3868=ORIENTED_EDGE('',*,*,#2928,.T.);
#3869=ORIENTED_EDGE('',*,*,#2925,.F.);
#3870=ORIENTED_EDGE('',*,*,#2821,.F.);
#3871=ORIENTED_EDGE('',*,*,#2810,.F.);
#3872=ORIENTED_EDGE('',*,*,#2884,.T.);
#3873=ORIENTED_EDGE('',*,*,#2941,.T.);
#3874=ORIENTED_EDGE('',*,*,#2940,.T.);
#3875=ORIENTED_EDGE('',*,*,#2942,.T.);
#3876=ORIENTED_EDGE('',*,*,#2886,.F.);
#3877=ORIENTED_EDGE('',*,*,#2943,.T.);
#3878=ORIENTED_EDGE('',*,*,#2944,.F.);
#3879=ORIENTED_EDGE('',*,*,#2945,.F.);
#3880=ORIENTED_EDGE('',*,*,#2946,.F.);
#3881=ORIENTED_EDGE('',*,*,#2945,.T.);
#3882=ORIENTED_EDGE('',*,*,#2947,.F.);
#3883=ORIENTED_EDGE('',*,*,#2936,.F.);
#3884=ORIENTED_EDGE('',*,*,#2948,.F.);
#3885=ORIENTED_EDGE('',*,*,#2938,.T.);
#3886=ORIENTED_EDGE('',*,*,#2949,.F.);
#3887=ORIENTED_EDGE('',*,*,#2943,.F.);
#3888=ORIENTED_EDGE('',*,*,#2949,.T.);
#3889=ORIENTED_EDGE('',*,*,#2937,.T.);
#3890=ORIENTED_EDGE('',*,*,#2947,.T.);
#3891=ORIENTED_EDGE('',*,*,#2944,.T.);
#3892=ORIENTED_EDGE('',*,*,#2946,.T.);
#3893=ORIENTED_EDGE('',*,*,#2935,.F.);
#3894=ORIENTED_EDGE('',*,*,#2950,.F.);
#3895=ORIENTED_EDGE('',*,*,#2887,.F.);
#3896=ORIENTED_EDGE('',*,*,#2948,.T.);
#3897=ORIENTED_EDGE('',*,*,#2885,.F.);
#3898=ORIENTED_EDGE('',*,*,#2942,.F.);
#3899=ORIENTED_EDGE('',*,*,#2939,.F.);
#3900=ORIENTED_EDGE('',*,*,#2951,.F.);
#3901=ORIENTED_EDGE('',*,*,#2932,.T.);
#3902=ORIENTED_EDGE('',*,*,#2952,.F.);
#3903=ORIENTED_EDGE('',*,*,#2953,.F.);
#3904=ORIENTED_EDGE('',*,*,#2882,.F.);
#3905=ORIENTED_EDGE('',*,*,#2953,.T.);
#3906=ORIENTED_EDGE('',*,*,#2954,.F.);
#3907=ORIENTED_EDGE('',*,*,#2955,.F.);
#3908=ORIENTED_EDGE('',*,*,#2956,.F.);
#3909=ORIENTED_EDGE('',*,*,#2955,.T.);
#3910=ORIENTED_EDGE('',*,*,#2957,.F.);
#3911=ORIENTED_EDGE('',*,*,#2930,.F.);
#3912=ORIENTED_EDGE('',*,*,#2931,.T.);
#3913=ORIENTED_EDGE('',*,*,#2957,.T.);
#3914=ORIENTED_EDGE('',*,*,#2954,.T.);
#3915=ORIENTED_EDGE('',*,*,#2952,.T.);
#3916=ORIENTED_EDGE('',*,*,#2951,.T.);
#3917=ORIENTED_EDGE('',*,*,#2881,.F.);
#3918=ORIENTED_EDGE('',*,*,#2958,.T.);
#3919=ORIENTED_EDGE('',*,*,#2933,.F.);
#3920=ORIENTED_EDGE('',*,*,#2956,.T.);
#3921=ORIENTED_EDGE('',*,*,#2929,.T.);
#3922=ORIENTED_EDGE('',*,*,#2941,.F.);
#3923=ORIENTED_EDGE('',*,*,#2883,.F.);
#3924=ORIENTED_EDGE('',*,*,#2880,.F.);
#3925=ORIENTED_EDGE('',*,*,#2950,.T.);
#3926=ORIENTED_EDGE('',*,*,#2934,.F.);
#3927=ORIENTED_EDGE('',*,*,#2958,.F.);
#3928=ORIENTED_EDGE('',*,*,#2959,.T.);
#3929=ORIENTED_EDGE('',*,*,#2960,.T.);
#3930=ORIENTED_EDGE('',*,*,#2961,.F.);
#3931=ORIENTED_EDGE('',*,*,#2962,.F.);
#3932=ORIENTED_EDGE('',*,*,#2963,.F.);
#3933=ORIENTED_EDGE('',*,*,#2964,.T.);
#3934=ORIENTED_EDGE('',*,*,#2961,.T.);
#3935=ORIENTED_EDGE('',*,*,#2965,.T.);
#3936=ORIENTED_EDGE('',*,*,#2966,.T.);
#3937=ORIENTED_EDGE('',*,*,#2963,.T.);
#3938=ORIENTED_EDGE('',*,*,#2967,.F.);
#3939=ORIENTED_EDGE('',*,*,#2968,.T.);
#3940=ORIENTED_EDGE('',*,*,#2969,.F.);
#3941=ORIENTED_EDGE('',*,*,#2970,.T.);
#3942=ORIENTED_EDGE('',*,*,#2971,.T.);
#3943=ORIENTED_EDGE('',*,*,#2972,.T.);
#3944=ORIENTED_EDGE('',*,*,#2973,.T.);
#3945=ORIENTED_EDGE('',*,*,#2974,.T.);
#3946=ORIENTED_EDGE('',*,*,#2975,.F.);
#3947=ORIENTED_EDGE('',*,*,#2976,.F.);
#3948=ORIENTED_EDGE('',*,*,#2977,.T.);
#3949=ORIENTED_EDGE('',*,*,#2978,.T.);
#3950=ORIENTED_EDGE('',*,*,#2975,.T.);
#3951=ORIENTED_EDGE('',*,*,#2979,.T.);
#3952=ORIENTED_EDGE('',*,*,#2980,.F.);
#3953=ORIENTED_EDGE('',*,*,#2981,.F.);
#3954=ORIENTED_EDGE('',*,*,#2982,.F.);
#3955=ORIENTED_EDGE('',*,*,#2983,.F.);
#3956=ORIENTED_EDGE('',*,*,#2984,.F.);
#3957=ORIENTED_EDGE('',*,*,#2985,.F.);
#3958=ORIENTED_EDGE('',*,*,#2986,.F.);
#3959=ORIENTED_EDGE('',*,*,#2987,.F.);
#3960=ORIENTED_EDGE('',*,*,#2988,.F.);
#3961=ORIENTED_EDGE('',*,*,#2989,.F.);
#3962=ORIENTED_EDGE('',*,*,#2990,.F.);
#3963=ORIENTED_EDGE('',*,*,#2991,.F.);
#3964=ORIENTED_EDGE('',*,*,#2992,.F.);
#3965=ORIENTED_EDGE('',*,*,#2993,.F.);
#3966=ORIENTED_EDGE('',*,*,#2994,.F.);
#3967=ORIENTED_EDGE('',*,*,#2995,.F.);
#3968=ORIENTED_EDGE('',*,*,#2996,.F.);
#3969=ORIENTED_EDGE('',*,*,#2997,.F.);
#3970=ORIENTED_EDGE('',*,*,#2998,.F.);
#3971=ORIENTED_EDGE('',*,*,#2999,.F.);
#3972=ORIENTED_EDGE('',*,*,#3000,.F.);
#3973=ORIENTED_EDGE('',*,*,#3001,.F.);
#3974=ORIENTED_EDGE('',*,*,#3002,.F.);
#3975=ORIENTED_EDGE('',*,*,#3003,.F.);
#3976=ORIENTED_EDGE('',*,*,#3004,.F.);
#3977=ORIENTED_EDGE('',*,*,#3005,.F.);
#3978=ORIENTED_EDGE('',*,*,#3006,.F.);
#3979=ORIENTED_EDGE('',*,*,#3007,.F.);
#3980=ORIENTED_EDGE('',*,*,#3008,.F.);
#3981=ORIENTED_EDGE('',*,*,#3009,.F.);
#3982=ORIENTED_EDGE('',*,*,#3010,.F.);
#3983=ORIENTED_EDGE('',*,*,#3011,.F.);
#3984=ORIENTED_EDGE('',*,*,#3012,.F.);
#3985=ORIENTED_EDGE('',*,*,#3013,.F.);
#3986=ORIENTED_EDGE('',*,*,#3014,.F.);
#3987=ORIENTED_EDGE('',*,*,#3015,.F.);
#3988=ORIENTED_EDGE('',*,*,#3016,.F.);
#3989=ORIENTED_EDGE('',*,*,#3017,.F.);
#3990=ORIENTED_EDGE('',*,*,#3018,.F.);
#3991=ORIENTED_EDGE('',*,*,#3019,.F.);
#3992=ORIENTED_EDGE('',*,*,#3020,.F.);
#3993=ORIENTED_EDGE('',*,*,#3021,.F.);
#3994=ORIENTED_EDGE('',*,*,#3022,.F.);
#3995=ORIENTED_EDGE('',*,*,#3023,.F.);
#3996=ORIENTED_EDGE('',*,*,#3024,.F.);
#3997=ORIENTED_EDGE('',*,*,#3025,.F.);
#3998=ORIENTED_EDGE('',*,*,#3026,.F.);
#3999=ORIENTED_EDGE('',*,*,#3027,.F.);
#4000=ORIENTED_EDGE('',*,*,#3028,.F.);
#4001=ORIENTED_EDGE('',*,*,#3029,.F.);
#4002=ORIENTED_EDGE('',*,*,#3030,.F.);
#4003=ORIENTED_EDGE('',*,*,#3031,.F.);
#4004=ORIENTED_EDGE('',*,*,#3032,.F.);
#4005=ORIENTED_EDGE('',*,*,#3033,.F.);
#4006=ORIENTED_EDGE('',*,*,#3034,.F.);
#4007=ORIENTED_EDGE('',*,*,#3035,.F.);
#4008=ORIENTED_EDGE('',*,*,#3036,.F.);
#4009=ORIENTED_EDGE('',*,*,#3037,.F.);
#4010=ORIENTED_EDGE('',*,*,#3038,.F.);
#4011=ORIENTED_EDGE('',*,*,#3039,.F.);
#4012=ORIENTED_EDGE('',*,*,#3040,.F.);
#4013=ORIENTED_EDGE('',*,*,#3041,.F.);
#4014=ORIENTED_EDGE('',*,*,#3042,.F.);
#4015=ORIENTED_EDGE('',*,*,#3043,.F.);
#4016=ORIENTED_EDGE('',*,*,#3044,.F.);
#4017=ORIENTED_EDGE('',*,*,#3045,.F.);
#4018=ORIENTED_EDGE('',*,*,#3046,.F.);
#4019=ORIENTED_EDGE('',*,*,#3047,.F.);
#4020=ORIENTED_EDGE('',*,*,#3048,.F.);
#4021=ORIENTED_EDGE('',*,*,#3049,.F.);
#4022=ORIENTED_EDGE('',*,*,#3050,.F.);
#4023=ORIENTED_EDGE('',*,*,#3051,.F.);
#4024=ORIENTED_EDGE('',*,*,#3052,.F.);
#4025=ORIENTED_EDGE('',*,*,#3053,.F.);
#4026=ORIENTED_EDGE('',*,*,#3054,.F.);
#4027=ORIENTED_EDGE('',*,*,#3055,.F.);
#4028=ORIENTED_EDGE('',*,*,#3056,.F.);
#4029=ORIENTED_EDGE('',*,*,#3057,.F.);
#4030=ORIENTED_EDGE('',*,*,#3058,.F.);
#4031=ORIENTED_EDGE('',*,*,#3059,.F.);
#4032=ORIENTED_EDGE('',*,*,#3060,.F.);
#4033=ORIENTED_EDGE('',*,*,#3061,.F.);
#4034=ORIENTED_EDGE('',*,*,#3062,.F.);
#4035=ORIENTED_EDGE('',*,*,#3063,.F.);
#4036=ORIENTED_EDGE('',*,*,#3064,.F.);
#4037=ORIENTED_EDGE('',*,*,#3065,.F.);
#4038=ORIENTED_EDGE('',*,*,#3066,.F.);
#4039=ORIENTED_EDGE('',*,*,#3067,.F.);
#4040=ORIENTED_EDGE('',*,*,#3068,.F.);
#4041=ORIENTED_EDGE('',*,*,#3069,.F.);
#4042=ORIENTED_EDGE('',*,*,#3070,.F.);
#4043=ORIENTED_EDGE('',*,*,#3071,.F.);
#4044=ORIENTED_EDGE('',*,*,#3072,.F.);
#4045=ORIENTED_EDGE('',*,*,#3073,.F.);
#4046=ORIENTED_EDGE('',*,*,#3074,.F.);
#4047=ORIENTED_EDGE('',*,*,#3075,.F.);
#4048=ORIENTED_EDGE('',*,*,#3076,.F.);
#4049=ORIENTED_EDGE('',*,*,#3077,.F.);
#4050=ORIENTED_EDGE('',*,*,#3078,.F.);
#4051=ORIENTED_EDGE('',*,*,#3079,.F.);
#4052=ORIENTED_EDGE('',*,*,#3080,.F.);
#4053=ORIENTED_EDGE('',*,*,#3081,.F.);
#4054=ORIENTED_EDGE('',*,*,#3082,.F.);
#4055=ORIENTED_EDGE('',*,*,#3083,.F.);
#4056=ORIENTED_EDGE('',*,*,#3084,.F.);
#4057=ORIENTED_EDGE('',*,*,#3085,.F.);
#4058=ORIENTED_EDGE('',*,*,#3086,.F.);
#4059=ORIENTED_EDGE('',*,*,#3087,.F.);
#4060=ORIENTED_EDGE('',*,*,#3088,.T.);
#4061=ORIENTED_EDGE('',*,*,#3089,.T.);
#4062=ORIENTED_EDGE('',*,*,#3090,.T.);
#4063=ORIENTED_EDGE('',*,*,#2969,.T.);
#4064=ORIENTED_EDGE('',*,*,#3091,.F.);
#4065=ORIENTED_EDGE('',*,*,#3092,.T.);
#4066=ORIENTED_EDGE('',*,*,#3093,.T.);
#4067=ORIENTED_EDGE('',*,*,#3094,.F.);
#4068=ORIENTED_EDGE('',*,*,#3095,.F.);
#4069=ORIENTED_EDGE('',*,*,#3096,.T.);
#4070=ORIENTED_EDGE('',*,*,#3097,.T.);
#4071=ORIENTED_EDGE('',*,*,#3092,.F.);
#4072=ORIENTED_EDGE('',*,*,#3098,.F.);
#4073=ORIENTED_EDGE('',*,*,#3099,.F.);
#4074=ORIENTED_EDGE('',*,*,#3100,.T.);
#4075=ORIENTED_EDGE('',*,*,#3096,.F.);
#4076=ORIENTED_EDGE('',*,*,#3101,.F.);
#4077=ORIENTED_EDGE('',*,*,#3093,.F.);
#4078=ORIENTED_EDGE('',*,*,#3097,.F.);
#4079=ORIENTED_EDGE('',*,*,#3100,.F.);
#4080=ORIENTED_EDGE('',*,*,#3102,.F.);
#4081=ORIENTED_EDGE('',*,*,#3103,.T.);
#4082=ORIENTED_EDGE('',*,*,#3104,.T.);
#4083=ORIENTED_EDGE('',*,*,#3105,.F.);
#4084=ORIENTED_EDGE('',*,*,#3106,.F.);
#4085=ORIENTED_EDGE('',*,*,#3107,.F.);
#4086=ORIENTED_EDGE('',*,*,#3108,.T.);
#4087=ORIENTED_EDGE('',*,*,#3103,.F.);
#4088=ORIENTED_EDGE('',*,*,#3109,.F.);
#4089=ORIENTED_EDGE('',*,*,#3105,.T.);
#4090=ORIENTED_EDGE('',*,*,#3110,.T.);
#4091=ORIENTED_EDGE('',*,*,#3111,.F.);
#4092=ORIENTED_EDGE('',*,*,#3110,.F.);
#4093=ORIENTED_EDGE('',*,*,#3104,.F.);
#4094=ORIENTED_EDGE('',*,*,#3108,.F.);
#4095=ORIENTED_EDGE('',*,*,#3112,.F.);
#4096=ORIENTED_EDGE('',*,*,#3113,.F.);
#4097=ORIENTED_EDGE('',*,*,#3114,.F.);
#4098=ORIENTED_EDGE('',*,*,#3115,.T.);
#4099=ORIENTED_EDGE('',*,*,#3116,.F.);
#4100=ORIENTED_EDGE('',*,*,#3117,.F.);
#4101=ORIENTED_EDGE('',*,*,#3118,.T.);
#4102=ORIENTED_EDGE('',*,*,#3119,.T.);
#4103=ORIENTED_EDGE('',*,*,#3120,.F.);
#4104=ORIENTED_EDGE('',*,*,#3121,.F.);
#4105=ORIENTED_EDGE('',*,*,#3116,.T.);
#4106=ORIENTED_EDGE('',*,*,#3122,.T.);
#4107=ORIENTED_EDGE('',*,*,#3118,.F.);
#4108=ORIENTED_EDGE('',*,*,#3122,.F.);
#4109=ORIENTED_EDGE('',*,*,#3115,.F.);
#4110=ORIENTED_EDGE('',*,*,#3123,.F.);
#4111=ORIENTED_EDGE('',*,*,#3119,.F.);
#4112=ORIENTED_EDGE('',*,*,#3124,.F.);
#4113=ORIENTED_EDGE('',*,*,#3125,.T.);
#4114=ORIENTED_EDGE('',*,*,#3126,.T.);
#4115=ORIENTED_EDGE('',*,*,#3127,.F.);
#4116=ORIENTED_EDGE('',*,*,#3128,.F.);
#4117=ORIENTED_EDGE('',*,*,#3129,.F.);
#4118=ORIENTED_EDGE('',*,*,#3130,.T.);
#4119=ORIENTED_EDGE('',*,*,#3125,.F.);
#4120=ORIENTED_EDGE('',*,*,#3131,.F.);
#4121=ORIENTED_EDGE('',*,*,#3127,.T.);
#4122=ORIENTED_EDGE('',*,*,#3132,.T.);
#4123=ORIENTED_EDGE('',*,*,#3133,.F.);
#4124=ORIENTED_EDGE('',*,*,#3132,.F.);
#4125=ORIENTED_EDGE('',*,*,#3126,.F.);
#4126=ORIENTED_EDGE('',*,*,#3130,.F.);
#4127=ORIENTED_EDGE('',*,*,#3134,.F.);
#4128=ORIENTED_EDGE('',*,*,#3111,.T.);
#4129=ORIENTED_EDGE('',*,*,#3112,.T.);
#4130=ORIENTED_EDGE('',*,*,#3107,.T.);
#4131=ORIENTED_EDGE('',*,*,#3135,.T.);
#4132=ORIENTED_EDGE('',*,*,#3136,.T.);
#4133=ORIENTED_EDGE('',*,*,#3137,.T.);
#4134=ORIENTED_EDGE('',*,*,#3138,.T.);
#4135=ORIENTED_EDGE('',*,*,#3139,.T.);
#4136=ORIENTED_EDGE('',*,*,#3120,.T.);
#4137=ORIENTED_EDGE('',*,*,#3123,.T.);
#4138=ORIENTED_EDGE('',*,*,#3114,.T.);
#4139=ORIENTED_EDGE('',*,*,#3140,.T.);
#4140=ORIENTED_EDGE('',*,*,#3141,.T.);
#4141=ORIENTED_EDGE('',*,*,#3142,.T.);
#4142=ORIENTED_EDGE('',*,*,#3143,.T.);
#4143=ORIENTED_EDGE('',*,*,#3144,.T.);
#4144=ORIENTED_EDGE('',*,*,#3145,.F.);
#4145=ORIENTED_EDGE('',*,*,#3146,.F.);
#4146=ORIENTED_EDGE('',*,*,#3147,.F.);
#4147=ORIENTED_EDGE('',*,*,#3148,.T.);
#4148=ORIENTED_EDGE('',*,*,#3088,.F.);
#4149=ORIENTED_EDGE('',*,*,#2968,.F.);
#4150=ORIENTED_EDGE('',*,*,#3149,.F.);
#4151=ORIENTED_EDGE('',*,*,#2972,.F.);
#4152=ORIENTED_EDGE('',*,*,#3098,.T.);
#4153=ORIENTED_EDGE('',*,*,#3095,.T.);
#4154=ORIENTED_EDGE('',*,*,#3091,.T.);
#4155=ORIENTED_EDGE('',*,*,#3150,.F.);
#4156=ORIENTED_EDGE('',*,*,#3151,.F.);
#4157=ORIENTED_EDGE('',*,*,#3152,.F.);
#4158=ORIENTED_EDGE('',*,*,#3153,.F.);
#4159=ORIENTED_EDGE('',*,*,#3154,.F.);
#4160=ORIENTED_EDGE('',*,*,#3155,.F.);
#4161=ORIENTED_EDGE('',*,*,#3156,.F.);
#4162=ORIENTED_EDGE('',*,*,#3157,.F.);
#4163=ORIENTED_EDGE('',*,*,#3158,.F.);
#4164=ORIENTED_EDGE('',*,*,#3159,.F.);
#4165=ORIENTED_EDGE('',*,*,#3160,.F.);
#4166=ORIENTED_EDGE('',*,*,#3161,.F.);
#4167=ORIENTED_EDGE('',*,*,#3162,.F.);
#4168=ORIENTED_EDGE('',*,*,#3163,.F.);
#4169=ORIENTED_EDGE('',*,*,#3131,.T.);
#4170=ORIENTED_EDGE('',*,*,#3164,.F.);
#4171=ORIENTED_EDGE('',*,*,#3165,.F.);
#4172=ORIENTED_EDGE('',*,*,#3166,.F.);
#4173=ORIENTED_EDGE('',*,*,#3167,.F.);
#4174=ORIENTED_EDGE('',*,*,#3168,.F.);
#4175=ORIENTED_EDGE('',*,*,#3169,.F.);
#4176=ORIENTED_EDGE('',*,*,#3170,.F.);
#4177=ORIENTED_EDGE('',*,*,#3171,.F.);
#4178=ORIENTED_EDGE('',*,*,#3172,.F.);
#4179=ORIENTED_EDGE('',*,*,#3173,.F.);
#4180=ORIENTED_EDGE('',*,*,#3174,.F.);
#4181=ORIENTED_EDGE('',*,*,#3175,.F.);
#4182=ORIENTED_EDGE('',*,*,#3176,.F.);
#4183=ORIENTED_EDGE('',*,*,#3128,.T.);
#4184=ORIENTED_EDGE('',*,*,#3124,.T.);
#4185=ORIENTED_EDGE('',*,*,#3117,.T.);
#4186=ORIENTED_EDGE('',*,*,#3144,.F.);
#4187=ORIENTED_EDGE('',*,*,#3177,.F.);
#4188=ORIENTED_EDGE('',*,*,#3178,.F.);
#4189=ORIENTED_EDGE('',*,*,#3179,.F.);
#4190=ORIENTED_EDGE('',*,*,#3180,.F.);
#4191=ORIENTED_EDGE('',*,*,#3181,.F.);
#4192=ORIENTED_EDGE('',*,*,#3182,.F.);
#4193=ORIENTED_EDGE('',*,*,#3183,.F.);
#4194=ORIENTED_EDGE('',*,*,#3184,.F.);
#4195=ORIENTED_EDGE('',*,*,#3185,.F.);
#4196=ORIENTED_EDGE('',*,*,#3186,.F.);
#4197=ORIENTED_EDGE('',*,*,#3187,.F.);
#4198=ORIENTED_EDGE('',*,*,#3140,.F.);
#4199=ORIENTED_EDGE('',*,*,#3113,.T.);
#4200=ORIENTED_EDGE('',*,*,#3121,.T.);
#4201=ORIENTED_EDGE('',*,*,#3109,.T.);
#4202=ORIENTED_EDGE('',*,*,#3139,.F.);
#4203=ORIENTED_EDGE('',*,*,#3188,.F.);
#4204=ORIENTED_EDGE('',*,*,#3189,.F.);
#4205=ORIENTED_EDGE('',*,*,#3190,.F.);
#4206=ORIENTED_EDGE('',*,*,#3191,.F.);
#4207=ORIENTED_EDGE('',*,*,#3192,.F.);
#4208=ORIENTED_EDGE('',*,*,#3193,.F.);
#4209=ORIENTED_EDGE('',*,*,#3194,.F.);
#4210=ORIENTED_EDGE('',*,*,#3195,.F.);
#4211=ORIENTED_EDGE('',*,*,#3196,.F.);
#4212=ORIENTED_EDGE('',*,*,#3197,.F.);
#4213=ORIENTED_EDGE('',*,*,#3198,.F.);
#4214=ORIENTED_EDGE('',*,*,#3135,.F.);
#4215=ORIENTED_EDGE('',*,*,#3106,.T.);
#4216=ORIENTED_EDGE('',*,*,#3102,.T.);
#4217=ORIENTED_EDGE('',*,*,#3133,.T.);
#4218=ORIENTED_EDGE('',*,*,#3134,.T.);
#4219=ORIENTED_EDGE('',*,*,#3129,.T.);
#4220=ORIENTED_EDGE('',*,*,#3176,.T.);
#4221=ORIENTED_EDGE('',*,*,#3199,.T.);
#4222=ORIENTED_EDGE('',*,*,#3200,.T.);
#4223=ORIENTED_EDGE('',*,*,#3201,.T.);
#4224=ORIENTED_EDGE('',*,*,#3164,.T.);
#4225=ORIENTED_EDGE('',*,*,#3202,.F.);
#4226=ORIENTED_EDGE('',*,*,#3203,.F.);
#4227=ORIENTED_EDGE('',*,*,#3204,.T.);
#4228=ORIENTED_EDGE('',*,*,#3205,.F.);
#4229=ORIENTED_EDGE('',*,*,#3206,.F.);
#4230=ORIENTED_EDGE('',*,*,#3207,.T.);
#4231=ORIENTED_EDGE('',*,*,#3208,.T.);
#4232=ORIENTED_EDGE('',*,*,#3209,.F.);
#4233=ORIENTED_EDGE('',*,*,#3210,.F.);
#4234=ORIENTED_EDGE('',*,*,#3204,.F.);
#4235=ORIENTED_EDGE('',*,*,#3211,.F.);
#4236=ORIENTED_EDGE('',*,*,#3208,.F.);
#4237=ORIENTED_EDGE('',*,*,#3212,.F.);
#4238=ORIENTED_EDGE('',*,*,#3213,.F.);
#4239=ORIENTED_EDGE('',*,*,#3214,.T.);
#4240=ORIENTED_EDGE('',*,*,#3215,.F.);
#4241=ORIENTED_EDGE('',*,*,#3216,.F.);
#4242=ORIENTED_EDGE('',*,*,#3217,.T.);
#4243=ORIENTED_EDGE('',*,*,#3218,.T.);
#4244=ORIENTED_EDGE('',*,*,#3219,.F.);
#4245=ORIENTED_EDGE('',*,*,#3220,.F.);
#4246=ORIENTED_EDGE('',*,*,#3214,.F.);
#4247=ORIENTED_EDGE('',*,*,#3221,.F.);
#4248=ORIENTED_EDGE('',*,*,#3218,.F.);
#4249=ORIENTED_EDGE('',*,*,#3222,.F.);
#4250=ORIENTED_EDGE('',*,*,#3223,.F.);
#4251=ORIENTED_EDGE('',*,*,#3224,.T.);
#4252=ORIENTED_EDGE('',*,*,#3225,.F.);
#4253=ORIENTED_EDGE('',*,*,#3226,.F.);
#4254=ORIENTED_EDGE('',*,*,#3227,.T.);
#4255=ORIENTED_EDGE('',*,*,#3228,.T.);
#4256=ORIENTED_EDGE('',*,*,#3229,.F.);
#4257=ORIENTED_EDGE('',*,*,#3230,.F.);
#4258=ORIENTED_EDGE('',*,*,#3224,.F.);
#4259=ORIENTED_EDGE('',*,*,#3231,.F.);
#4260=ORIENTED_EDGE('',*,*,#3228,.F.);
#4261=ORIENTED_EDGE('',*,*,#3232,.F.);
#4262=ORIENTED_EDGE('',*,*,#3233,.F.);
#4263=ORIENTED_EDGE('',*,*,#3234,.T.);
#4264=ORIENTED_EDGE('',*,*,#3235,.F.);
#4265=ORIENTED_EDGE('',*,*,#3236,.F.);
#4266=ORIENTED_EDGE('',*,*,#3237,.T.);
#4267=ORIENTED_EDGE('',*,*,#3238,.T.);
#4268=ORIENTED_EDGE('',*,*,#3239,.F.);
#4269=ORIENTED_EDGE('',*,*,#3240,.F.);
#4270=ORIENTED_EDGE('',*,*,#3234,.F.);
#4271=ORIENTED_EDGE('',*,*,#3241,.F.);
#4272=ORIENTED_EDGE('',*,*,#3238,.F.);
#4273=ORIENTED_EDGE('',*,*,#3206,.T.);
#4274=ORIENTED_EDGE('',*,*,#3242,.F.);
#4275=ORIENTED_EDGE('',*,*,#3243,.F.);
#4276=ORIENTED_EDGE('',*,*,#3244,.F.);
#4277=ORIENTED_EDGE('',*,*,#3245,.F.);
#4278=ORIENTED_EDGE('',*,*,#3202,.T.);
#4279=ORIENTED_EDGE('',*,*,#3246,.F.);
#4280=ORIENTED_EDGE('',*,*,#3247,.F.);
#4281=ORIENTED_EDGE('',*,*,#3248,.F.);
#4282=ORIENTED_EDGE('',*,*,#3249,.F.);
#4283=ORIENTED_EDGE('',*,*,#3245,.T.);
#4284=ORIENTED_EDGE('',*,*,#3250,.F.);
#4285=ORIENTED_EDGE('',*,*,#3170,.T.);
#4286=ORIENTED_EDGE('',*,*,#3251,.T.);
#4287=ORIENTED_EDGE('',*,*,#3246,.T.);
#4288=ORIENTED_EDGE('',*,*,#3205,.T.);
#4289=ORIENTED_EDGE('',*,*,#3210,.T.);
#4290=ORIENTED_EDGE('',*,*,#3207,.F.);
#4291=ORIENTED_EDGE('',*,*,#3216,.T.);
#4292=ORIENTED_EDGE('',*,*,#3252,.F.);
#4293=ORIENTED_EDGE('',*,*,#3253,.F.);
#4294=ORIENTED_EDGE('',*,*,#3254,.F.);
#4295=ORIENTED_EDGE('',*,*,#3255,.F.);
#4296=ORIENTED_EDGE('',*,*,#3212,.T.);
#4297=ORIENTED_EDGE('',*,*,#3256,.F.);
#4298=ORIENTED_EDGE('',*,*,#3257,.F.);
#4299=ORIENTED_EDGE('',*,*,#3258,.F.);
#4300=ORIENTED_EDGE('',*,*,#3259,.F.);
#4301=ORIENTED_EDGE('',*,*,#3255,.T.);
#4302=ORIENTED_EDGE('',*,*,#3260,.F.);
#4303=ORIENTED_EDGE('',*,*,#3182,.T.);
#4304=ORIENTED_EDGE('',*,*,#3261,.T.);
#4305=ORIENTED_EDGE('',*,*,#3256,.T.);
#4306=ORIENTED_EDGE('',*,*,#3215,.T.);
#4307=ORIENTED_EDGE('',*,*,#3220,.T.);
#4308=ORIENTED_EDGE('',*,*,#3217,.F.);
#4309=ORIENTED_EDGE('',*,*,#3226,.T.);
#4310=ORIENTED_EDGE('',*,*,#3262,.F.);
#4311=ORIENTED_EDGE('',*,*,#3263,.F.);
#4312=ORIENTED_EDGE('',*,*,#3264,.F.);
#4313=ORIENTED_EDGE('',*,*,#3265,.F.);
#4314=ORIENTED_EDGE('',*,*,#3222,.T.);
#4315=ORIENTED_EDGE('',*,*,#3266,.F.);
#4316=ORIENTED_EDGE('',*,*,#3267,.F.);
#4317=ORIENTED_EDGE('',*,*,#3268,.F.);
#4318=ORIENTED_EDGE('',*,*,#3269,.F.);
#4319=ORIENTED_EDGE('',*,*,#3265,.T.);
#4320=ORIENTED_EDGE('',*,*,#3270,.F.);
#4321=ORIENTED_EDGE('',*,*,#3193,.T.);
#4322=ORIENTED_EDGE('',*,*,#3271,.T.);
#4323=ORIENTED_EDGE('',*,*,#3266,.T.);
#4324=ORIENTED_EDGE('',*,*,#3225,.T.);
#4325=ORIENTED_EDGE('',*,*,#3230,.T.);
#4326=ORIENTED_EDGE('',*,*,#3227,.F.);
#4327=ORIENTED_EDGE('',*,*,#3236,.T.);
#4328=ORIENTED_EDGE('',*,*,#3272,.F.);
#4329=ORIENTED_EDGE('',*,*,#3273,.F.);
#4330=ORIENTED_EDGE('',*,*,#3274,.F.);
#4331=ORIENTED_EDGE('',*,*,#3275,.F.);
#4332=ORIENTED_EDGE('',*,*,#3232,.T.);
#4333=ORIENTED_EDGE('',*,*,#3276,.F.);
#4334=ORIENTED_EDGE('',*,*,#3277,.F.);
#4335=ORIENTED_EDGE('',*,*,#3278,.F.);
#4336=ORIENTED_EDGE('',*,*,#3279,.F.);
#4337=ORIENTED_EDGE('',*,*,#3275,.T.);
#4338=ORIENTED_EDGE('',*,*,#3280,.F.);
#4339=ORIENTED_EDGE('',*,*,#3157,.T.);
#4340=ORIENTED_EDGE('',*,*,#3281,.T.);
#4341=ORIENTED_EDGE('',*,*,#3276,.T.);
#4342=ORIENTED_EDGE('',*,*,#3235,.T.);
#4343=ORIENTED_EDGE('',*,*,#3240,.T.);
#4344=ORIENTED_EDGE('',*,*,#3237,.F.);
#4345=ORIENTED_EDGE('',*,*,#3282,.F.);
#4346=ORIENTED_EDGE('',*,*,#2967,.T.);
#4347=ORIENTED_EDGE('',*,*,#2965,.F.);
#4348=ORIENTED_EDGE('',*,*,#2960,.F.);
#4349=ORIENTED_EDGE('',*,*,#3188,.T.);
#4350=ORIENTED_EDGE('',*,*,#3138,.F.);
#4351=ORIENTED_EDGE('',*,*,#3283,.F.);
#4352=ORIENTED_EDGE('',*,*,#3284,.F.);
#4353=ORIENTED_EDGE('',*,*,#3198,.T.);
#4354=ORIENTED_EDGE('',*,*,#3285,.F.);
#4355=ORIENTED_EDGE('',*,*,#3286,.F.);
#4356=ORIENTED_EDGE('',*,*,#3136,.F.);
#4357=ORIENTED_EDGE('',*,*,#3197,.T.);
#4358=ORIENTED_EDGE('',*,*,#3287,.T.);
#4359=ORIENTED_EDGE('',*,*,#3288,.F.);
#4360=ORIENTED_EDGE('',*,*,#3285,.T.);
#4361=ORIENTED_EDGE('',*,*,#3196,.T.);
#4362=ORIENTED_EDGE('',*,*,#3289,.T.);
#4363=ORIENTED_EDGE('',*,*,#3290,.T.);
#4364=ORIENTED_EDGE('',*,*,#3291,.T.);
#4365=ORIENTED_EDGE('',*,*,#3292,.F.);
#4366=ORIENTED_EDGE('',*,*,#3287,.F.);
#4367=ORIENTED_EDGE('',*,*,#3195,.T.);
#4368=ORIENTED_EDGE('',*,*,#3293,.T.);
#4369=ORIENTED_EDGE('',*,*,#3294,.T.);
#4370=ORIENTED_EDGE('',*,*,#3295,.T.);
#4371=ORIENTED_EDGE('',*,*,#3289,.F.);
#4372=ORIENTED_EDGE('',*,*,#3177,.T.);
#4373=ORIENTED_EDGE('',*,*,#3143,.F.);
#4374=ORIENTED_EDGE('',*,*,#3296,.F.);
#4375=ORIENTED_EDGE('',*,*,#3297,.F.);
#4376=ORIENTED_EDGE('',*,*,#3187,.T.);
#4377=ORIENTED_EDGE('',*,*,#3298,.F.);
#4378=ORIENTED_EDGE('',*,*,#3299,.F.);
#4379=ORIENTED_EDGE('',*,*,#3141,.F.);
#4380=ORIENTED_EDGE('',*,*,#3186,.T.);
#4381=ORIENTED_EDGE('',*,*,#3300,.T.);
#4382=ORIENTED_EDGE('',*,*,#3301,.F.);
#4383=ORIENTED_EDGE('',*,*,#3298,.T.);
#4384=ORIENTED_EDGE('',*,*,#3185,.T.);
#4385=ORIENTED_EDGE('',*,*,#3302,.F.);
#4386=ORIENTED_EDGE('',*,*,#3303,.T.);
#4387=ORIENTED_EDGE('',*,*,#3304,.T.);
#4388=ORIENTED_EDGE('',*,*,#3305,.F.);
#4389=ORIENTED_EDGE('',*,*,#3300,.F.);
#4390=ORIENTED_EDGE('',*,*,#3184,.T.);
#4391=ORIENTED_EDGE('',*,*,#3306,.T.);
#4392=ORIENTED_EDGE('',*,*,#3307,.T.);
#4393=ORIENTED_EDGE('',*,*,#3308,.T.);
#4394=ORIENTED_EDGE('',*,*,#3302,.T.);
#4395=ORIENTED_EDGE('',*,*,#3165,.T.);
#4396=ORIENTED_EDGE('',*,*,#3201,.F.);
#4397=ORIENTED_EDGE('',*,*,#3309,.F.);
#4398=ORIENTED_EDGE('',*,*,#3310,.F.);
#4399=ORIENTED_EDGE('',*,*,#3175,.T.);
#4400=ORIENTED_EDGE('',*,*,#3311,.F.);
#4401=ORIENTED_EDGE('',*,*,#3312,.F.);
#4402=ORIENTED_EDGE('',*,*,#3199,.F.);
#4403=ORIENTED_EDGE('',*,*,#3174,.T.);
#4404=ORIENTED_EDGE('',*,*,#3313,.T.);
#4405=ORIENTED_EDGE('',*,*,#3314,.F.);
#4406=ORIENTED_EDGE('',*,*,#3311,.T.);
#4407=ORIENTED_EDGE('',*,*,#3173,.T.);
#4408=ORIENTED_EDGE('',*,*,#3315,.T.);
#4409=ORIENTED_EDGE('',*,*,#3316,.T.);
#4410=ORIENTED_EDGE('',*,*,#3317,.T.);
#4411=ORIENTED_EDGE('',*,*,#3318,.F.);
#4412=ORIENTED_EDGE('',*,*,#3313,.F.);
#4413=ORIENTED_EDGE('',*,*,#3172,.T.);
#4414=ORIENTED_EDGE('',*,*,#3319,.T.);
#4415=ORIENTED_EDGE('',*,*,#3320,.T.);
#4416=ORIENTED_EDGE('',*,*,#3321,.T.);
#4417=ORIENTED_EDGE('',*,*,#3315,.F.);
#4418=ORIENTED_EDGE('',*,*,#3151,.T.);
#4419=ORIENTED_EDGE('',*,*,#3322,.F.);
#4420=ORIENTED_EDGE('',*,*,#3323,.F.);
#4421=ORIENTED_EDGE('',*,*,#3324,.F.);
#4422=ORIENTED_EDGE('',*,*,#3099,.T.);
#4423=ORIENTED_EDGE('',*,*,#3163,.T.);
#4424=ORIENTED_EDGE('',*,*,#3325,.T.);
#4425=ORIENTED_EDGE('',*,*,#3326,.T.);
#4426=ORIENTED_EDGE('',*,*,#3322,.T.);
#4427=ORIENTED_EDGE('',*,*,#3150,.T.);
#4428=ORIENTED_EDGE('',*,*,#3094,.T.);
#4429=ORIENTED_EDGE('',*,*,#3101,.T.);
#4430=ORIENTED_EDGE('',*,*,#3162,.T.);
#4431=ORIENTED_EDGE('',*,*,#3327,.F.);
#4432=ORIENTED_EDGE('',*,*,#3328,.F.);
#4433=ORIENTED_EDGE('',*,*,#3325,.F.);
#4434=ORIENTED_EDGE('',*,*,#3161,.T.);
#4435=ORIENTED_EDGE('',*,*,#3329,.T.);
#4436=ORIENTED_EDGE('',*,*,#3330,.F.);
#4437=ORIENTED_EDGE('',*,*,#3327,.T.);
#4438=ORIENTED_EDGE('',*,*,#3160,.T.);
#4439=ORIENTED_EDGE('',*,*,#3331,.F.);
#4440=ORIENTED_EDGE('',*,*,#3332,.T.);
#4441=ORIENTED_EDGE('',*,*,#3333,.T.);
#4442=ORIENTED_EDGE('',*,*,#3334,.F.);
#4443=ORIENTED_EDGE('',*,*,#3329,.F.);
#4444=ORIENTED_EDGE('',*,*,#3159,.T.);
#4445=ORIENTED_EDGE('',*,*,#3335,.T.);
#4446=ORIENTED_EDGE('',*,*,#3336,.T.);
#4447=ORIENTED_EDGE('',*,*,#3337,.T.);
#4448=ORIENTED_EDGE('',*,*,#3331,.T.);
#4449=ORIENTED_EDGE('',*,*,#3338,.F.);
#4450=ORIENTED_EDGE('',*,*,#3146,.T.);
#4451=ORIENTED_EDGE('',*,*,#3339,.F.);
#4452=ORIENTED_EDGE('',*,*,#3340,.T.);
#4453=ORIENTED_EDGE('',*,*,#3089,.F.);
#4454=ORIENTED_EDGE('',*,*,#3148,.F.);
#4455=ORIENTED_EDGE('',*,*,#3341,.F.);
#4456=ORIENTED_EDGE('',*,*,#2977,.F.);
#4457=ORIENTED_EDGE('',*,*,#3342,.F.);
#4458=ORIENTED_EDGE('',*,*,#3343,.F.);
#4459=ORIENTED_EDGE('',*,*,#3344,.T.);
#4460=ORIENTED_EDGE('',*,*,#3066,.T.);
#4461=ORIENTED_EDGE('',*,*,#3344,.F.);
#4462=ORIENTED_EDGE('',*,*,#3345,.F.);
#4463=ORIENTED_EDGE('',*,*,#3346,.T.);
#4464=ORIENTED_EDGE('',*,*,#3067,.T.);
#4465=ORIENTED_EDGE('',*,*,#3346,.F.);
#4466=ORIENTED_EDGE('',*,*,#3347,.F.);
#4467=ORIENTED_EDGE('',*,*,#3348,.T.);
#4468=ORIENTED_EDGE('',*,*,#3068,.T.);
#4469=ORIENTED_EDGE('',*,*,#3348,.F.);
#4470=ORIENTED_EDGE('',*,*,#3349,.F.);
#4471=ORIENTED_EDGE('',*,*,#3350,.T.);
#4472=ORIENTED_EDGE('',*,*,#3069,.T.);
#4473=ORIENTED_EDGE('',*,*,#3351,.F.);
#4474=ORIENTED_EDGE('',*,*,#3352,.F.);
#4475=ORIENTED_EDGE('',*,*,#3353,.T.);
#4476=ORIENTED_EDGE('',*,*,#3070,.T.);
#4477=ORIENTED_EDGE('',*,*,#3353,.F.);
#4478=ORIENTED_EDGE('',*,*,#3354,.F.);
#4479=ORIENTED_EDGE('',*,*,#3355,.T.);
#4480=ORIENTED_EDGE('',*,*,#3071,.T.);
#4481=ORIENTED_EDGE('',*,*,#3355,.F.);
#4482=ORIENTED_EDGE('',*,*,#3356,.F.);
#4483=ORIENTED_EDGE('',*,*,#3342,.T.);
#4484=ORIENTED_EDGE('',*,*,#3072,.T.);
#4485=ORIENTED_EDGE('',*,*,#3350,.F.);
#4486=ORIENTED_EDGE('',*,*,#3357,.F.);
#4487=ORIENTED_EDGE('',*,*,#3358,.T.);
#4488=ORIENTED_EDGE('',*,*,#3073,.T.);
#4489=ORIENTED_EDGE('',*,*,#3359,.F.);
#4490=ORIENTED_EDGE('',*,*,#3360,.F.);
#4491=ORIENTED_EDGE('',*,*,#3361,.T.);
#4492=ORIENTED_EDGE('',*,*,#3054,.T.);
#4493=ORIENTED_EDGE('',*,*,#3361,.F.);
#4494=ORIENTED_EDGE('',*,*,#3362,.F.);
#4495=ORIENTED_EDGE('',*,*,#3363,.T.);
#4496=ORIENTED_EDGE('',*,*,#3055,.T.);
#4497=ORIENTED_EDGE('',*,*,#3363,.F.);
#4498=ORIENTED_EDGE('',*,*,#3364,.F.);
#4499=ORIENTED_EDGE('',*,*,#3351,.T.);
#4500=ORIENTED_EDGE('',*,*,#3056,.T.);
#4501=ORIENTED_EDGE('',*,*,#3358,.F.);
#4502=ORIENTED_EDGE('',*,*,#3365,.F.);
#4503=ORIENTED_EDGE('',*,*,#3366,.T.);
#4504=ORIENTED_EDGE('',*,*,#3057,.T.);
#4505=ORIENTED_EDGE('',*,*,#3367,.F.);
#4506=ORIENTED_EDGE('',*,*,#3368,.F.);
#4507=ORIENTED_EDGE('',*,*,#3369,.T.);
#4508=ORIENTED_EDGE('',*,*,#3062,.T.);
#4509=ORIENTED_EDGE('',*,*,#3369,.F.);
#4510=ORIENTED_EDGE('',*,*,#3370,.F.);
#4511=ORIENTED_EDGE('',*,*,#3371,.T.);
#4512=ORIENTED_EDGE('',*,*,#3063,.T.);
#4513=ORIENTED_EDGE('',*,*,#3371,.F.);
#4514=ORIENTED_EDGE('',*,*,#3372,.F.);
#4515=ORIENTED_EDGE('',*,*,#3373,.T.);
#4516=ORIENTED_EDGE('',*,*,#3064,.T.);
#4517=ORIENTED_EDGE('',*,*,#3373,.F.);
#4518=ORIENTED_EDGE('',*,*,#3374,.F.);
#4519=ORIENTED_EDGE('',*,*,#3375,.T.);
#4520=ORIENTED_EDGE('',*,*,#3065,.T.);
#4521=ORIENTED_EDGE('',*,*,#3376,.F.);
#4522=ORIENTED_EDGE('',*,*,#3377,.F.);
#4523=ORIENTED_EDGE('',*,*,#3378,.T.);
#4524=ORIENTED_EDGE('',*,*,#3058,.T.);
#4525=ORIENTED_EDGE('',*,*,#3378,.F.);
#4526=ORIENTED_EDGE('',*,*,#3379,.F.);
#4527=ORIENTED_EDGE('',*,*,#3359,.T.);
#4528=ORIENTED_EDGE('',*,*,#3059,.T.);
#4529=ORIENTED_EDGE('',*,*,#3366,.F.);
#4530=ORIENTED_EDGE('',*,*,#3380,.F.);
#4531=ORIENTED_EDGE('',*,*,#3367,.T.);
#4532=ORIENTED_EDGE('',*,*,#3060,.T.);
#4533=ORIENTED_EDGE('',*,*,#3375,.F.);
#4534=ORIENTED_EDGE('',*,*,#3381,.F.);
#4535=ORIENTED_EDGE('',*,*,#3376,.T.);
#4536=ORIENTED_EDGE('',*,*,#3061,.T.);
#4537=ORIENTED_EDGE('',*,*,#3382,.F.);
#4538=ORIENTED_EDGE('',*,*,#3383,.F.);
#4539=ORIENTED_EDGE('',*,*,#3384,.T.);
#4540=ORIENTED_EDGE('',*,*,#2980,.T.);
#4541=ORIENTED_EDGE('',*,*,#3384,.F.);
#4542=ORIENTED_EDGE('',*,*,#3385,.F.);
#4543=ORIENTED_EDGE('',*,*,#3386,.T.);
#4544=ORIENTED_EDGE('',*,*,#2981,.T.);
#4545=ORIENTED_EDGE('',*,*,#3386,.F.);
#4546=ORIENTED_EDGE('',*,*,#3387,.F.);
#4547=ORIENTED_EDGE('',*,*,#3388,.T.);
#4548=ORIENTED_EDGE('',*,*,#2982,.T.);
#4549=ORIENTED_EDGE('',*,*,#3388,.F.);
#4550=ORIENTED_EDGE('',*,*,#3389,.F.);
#4551=ORIENTED_EDGE('',*,*,#3382,.T.);
#4552=ORIENTED_EDGE('',*,*,#2983,.T.);
#4553=ORIENTED_EDGE('',*,*,#3390,.F.);
#4554=ORIENTED_EDGE('',*,*,#3391,.F.);
#4555=ORIENTED_EDGE('',*,*,#3392,.T.);
#4556=ORIENTED_EDGE('',*,*,#3084,.T.);
#4557=ORIENTED_EDGE('',*,*,#3392,.F.);
#4558=ORIENTED_EDGE('',*,*,#3393,.F.);
#4559=ORIENTED_EDGE('',*,*,#3394,.T.);
#4560=ORIENTED_EDGE('',*,*,#3085,.T.);
#4561=ORIENTED_EDGE('',*,*,#3394,.F.);
#4562=ORIENTED_EDGE('',*,*,#3395,.F.);
#4563=ORIENTED_EDGE('',*,*,#3396,.T.);
#4564=ORIENTED_EDGE('',*,*,#3086,.T.);
#4565=ORIENTED_EDGE('',*,*,#3397,.F.);
#4566=ORIENTED_EDGE('',*,*,#3398,.F.);
#4567=ORIENTED_EDGE('',*,*,#3399,.T.);
#4568=ORIENTED_EDGE('',*,*,#3087,.T.);
#4569=ORIENTED_EDGE('',*,*,#3399,.F.);
#4570=ORIENTED_EDGE('',*,*,#3400,.F.);
#4571=ORIENTED_EDGE('',*,*,#3401,.T.);
#4572=ORIENTED_EDGE('',*,*,#3074,.T.);
#4573=ORIENTED_EDGE('',*,*,#3401,.F.);
#4574=ORIENTED_EDGE('',*,*,#3402,.F.);
#4575=ORIENTED_EDGE('',*,*,#3403,.T.);
#4576=ORIENTED_EDGE('',*,*,#3075,.T.);
#4577=ORIENTED_EDGE('',*,*,#3403,.F.);
#4578=ORIENTED_EDGE('',*,*,#3404,.F.);
#4579=ORIENTED_EDGE('',*,*,#3397,.T.);
#4580=ORIENTED_EDGE('',*,*,#3076,.T.);
#4581=ORIENTED_EDGE('',*,*,#3396,.F.);
#4582=ORIENTED_EDGE('',*,*,#3405,.F.);
#4583=ORIENTED_EDGE('',*,*,#3406,.T.);
#4584=ORIENTED_EDGE('',*,*,#3077,.T.);
#4585=ORIENTED_EDGE('',*,*,#3406,.F.);
#4586=ORIENTED_EDGE('',*,*,#3407,.F.);
#4587=ORIENTED_EDGE('',*,*,#3408,.T.);
#4588=ORIENTED_EDGE('',*,*,#3078,.T.);
#4589=ORIENTED_EDGE('',*,*,#3408,.F.);
#4590=ORIENTED_EDGE('',*,*,#3409,.F.);
#4591=ORIENTED_EDGE('',*,*,#3410,.T.);
#4592=ORIENTED_EDGE('',*,*,#3079,.T.);
#4593=ORIENTED_EDGE('',*,*,#3410,.F.);
#4594=ORIENTED_EDGE('',*,*,#3411,.F.);
#4595=ORIENTED_EDGE('',*,*,#3412,.T.);
#4596=ORIENTED_EDGE('',*,*,#3080,.T.);
#4597=ORIENTED_EDGE('',*,*,#3412,.F.);
#4598=ORIENTED_EDGE('',*,*,#3413,.F.);
#4599=ORIENTED_EDGE('',*,*,#3414,.T.);
#4600=ORIENTED_EDGE('',*,*,#3081,.T.);
#4601=ORIENTED_EDGE('',*,*,#3414,.F.);
#4602=ORIENTED_EDGE('',*,*,#3415,.F.);
#4603=ORIENTED_EDGE('',*,*,#3416,.T.);
#4604=ORIENTED_EDGE('',*,*,#3082,.T.);
#4605=ORIENTED_EDGE('',*,*,#3416,.F.);
#4606=ORIENTED_EDGE('',*,*,#3417,.F.);
#4607=ORIENTED_EDGE('',*,*,#3390,.T.);
#4608=ORIENTED_EDGE('',*,*,#3083,.T.);
#4609=ORIENTED_EDGE('',*,*,#3418,.F.);
#4610=ORIENTED_EDGE('',*,*,#3419,.F.);
#4611=ORIENTED_EDGE('',*,*,#3420,.T.);
#4612=ORIENTED_EDGE('',*,*,#3030,.T.);
#4613=ORIENTED_EDGE('',*,*,#3420,.F.);
#4614=ORIENTED_EDGE('',*,*,#3421,.F.);
#4615=ORIENTED_EDGE('',*,*,#3422,.T.);
#4616=ORIENTED_EDGE('',*,*,#3031,.T.);
#4617=ORIENTED_EDGE('',*,*,#3422,.F.);
#4618=ORIENTED_EDGE('',*,*,#3423,.F.);
#4619=ORIENTED_EDGE('',*,*,#3424,.T.);
#4620=ORIENTED_EDGE('',*,*,#3032,.T.);
#4621=ORIENTED_EDGE('',*,*,#3424,.F.);
#4622=ORIENTED_EDGE('',*,*,#3425,.F.);
#4623=ORIENTED_EDGE('',*,*,#3426,.T.);
#4624=ORIENTED_EDGE('',*,*,#3033,.T.);
#4625=ORIENTED_EDGE('',*,*,#3426,.F.);
#4626=ORIENTED_EDGE('',*,*,#3427,.F.);
#4627=ORIENTED_EDGE('',*,*,#3428,.T.);
#4628=ORIENTED_EDGE('',*,*,#3034,.T.);
#4629=ORIENTED_EDGE('',*,*,#3428,.F.);
#4630=ORIENTED_EDGE('',*,*,#3429,.F.);
#4631=ORIENTED_EDGE('',*,*,#3430,.T.);
#4632=ORIENTED_EDGE('',*,*,#3035,.T.);
#4633=ORIENTED_EDGE('',*,*,#3430,.F.);
#4634=ORIENTED_EDGE('',*,*,#3431,.F.);
#4635=ORIENTED_EDGE('',*,*,#3432,.T.);
#4636=ORIENTED_EDGE('',*,*,#3036,.T.);
#4637=ORIENTED_EDGE('',*,*,#3432,.F.);
#4638=ORIENTED_EDGE('',*,*,#3433,.F.);
#4639=ORIENTED_EDGE('',*,*,#3418,.T.);
#4640=ORIENTED_EDGE('',*,*,#3037,.T.);
#4641=ORIENTED_EDGE('',*,*,#3434,.F.);
#4642=ORIENTED_EDGE('',*,*,#3435,.F.);
#4643=ORIENTED_EDGE('',*,*,#3436,.T.);
#4644=ORIENTED_EDGE('',*,*,#2984,.T.);
#4645=ORIENTED_EDGE('',*,*,#3436,.F.);
#4646=ORIENTED_EDGE('',*,*,#3437,.F.);
#4647=ORIENTED_EDGE('',*,*,#3438,.T.);
#4648=ORIENTED_EDGE('',*,*,#2985,.T.);
#4649=ORIENTED_EDGE('',*,*,#3438,.F.);
#4650=ORIENTED_EDGE('',*,*,#3439,.F.);
#4651=ORIENTED_EDGE('',*,*,#3440,.T.);
#4652=ORIENTED_EDGE('',*,*,#2986,.T.);
#4653=ORIENTED_EDGE('',*,*,#3440,.F.);
#4654=ORIENTED_EDGE('',*,*,#3441,.F.);
#4655=ORIENTED_EDGE('',*,*,#3442,.T.);
#4656=ORIENTED_EDGE('',*,*,#2987,.T.);
#4657=ORIENTED_EDGE('',*,*,#3442,.F.);
#4658=ORIENTED_EDGE('',*,*,#3443,.F.);
#4659=ORIENTED_EDGE('',*,*,#3444,.T.);
#4660=ORIENTED_EDGE('',*,*,#2988,.T.);
#4661=ORIENTED_EDGE('',*,*,#3444,.F.);
#4662=ORIENTED_EDGE('',*,*,#3445,.F.);
#4663=ORIENTED_EDGE('',*,*,#3446,.T.);
#4664=ORIENTED_EDGE('',*,*,#2989,.T.);
#4665=ORIENTED_EDGE('',*,*,#3446,.F.);
#4666=ORIENTED_EDGE('',*,*,#3447,.F.);
#4667=ORIENTED_EDGE('',*,*,#3448,.T.);
#4668=ORIENTED_EDGE('',*,*,#2990,.T.);
#4669=ORIENTED_EDGE('',*,*,#3448,.F.);
#4670=ORIENTED_EDGE('',*,*,#3449,.F.);
#4671=ORIENTED_EDGE('',*,*,#3450,.T.);
#4672=ORIENTED_EDGE('',*,*,#2991,.T.);
#4673=ORIENTED_EDGE('',*,*,#3450,.F.);
#4674=ORIENTED_EDGE('',*,*,#3451,.F.);
#4675=ORIENTED_EDGE('',*,*,#3452,.T.);
#4676=ORIENTED_EDGE('',*,*,#2992,.T.);
#4677=ORIENTED_EDGE('',*,*,#3452,.F.);
#4678=ORIENTED_EDGE('',*,*,#3453,.F.);
#4679=ORIENTED_EDGE('',*,*,#3434,.T.);
#4680=ORIENTED_EDGE('',*,*,#2993,.T.);
#4681=ORIENTED_EDGE('',*,*,#3454,.F.);
#4682=ORIENTED_EDGE('',*,*,#3455,.F.);
#4683=ORIENTED_EDGE('',*,*,#3456,.T.);
#4684=ORIENTED_EDGE('',*,*,#3038,.T.);
#4685=ORIENTED_EDGE('',*,*,#3456,.F.);
#4686=ORIENTED_EDGE('',*,*,#3457,.F.);
#4687=ORIENTED_EDGE('',*,*,#3458,.T.);
#4688=ORIENTED_EDGE('',*,*,#3039,.T.);
#4689=ORIENTED_EDGE('',*,*,#3458,.F.);
#4690=ORIENTED_EDGE('',*,*,#3459,.F.);
#4691=ORIENTED_EDGE('',*,*,#3460,.T.);
#4692=ORIENTED_EDGE('',*,*,#3040,.T.);
#4693=ORIENTED_EDGE('',*,*,#3461,.F.);
#4694=ORIENTED_EDGE('',*,*,#3462,.F.);
#4695=ORIENTED_EDGE('',*,*,#3463,.T.);
#4696=ORIENTED_EDGE('',*,*,#3041,.T.);
#4697=ORIENTED_EDGE('',*,*,#3460,.F.);
#4698=ORIENTED_EDGE('',*,*,#3464,.F.);
#4699=ORIENTED_EDGE('',*,*,#3465,.T.);
#4700=ORIENTED_EDGE('',*,*,#3050,.T.);
#4701=ORIENTED_EDGE('',*,*,#3465,.F.);
#4702=ORIENTED_EDGE('',*,*,#3466,.F.);
#4703=ORIENTED_EDGE('',*,*,#3467,.T.);
#4704=ORIENTED_EDGE('',*,*,#3051,.T.);
#4705=ORIENTED_EDGE('',*,*,#3467,.F.);
#4706=ORIENTED_EDGE('',*,*,#3468,.F.);
#4707=ORIENTED_EDGE('',*,*,#3469,.T.);
#4708=ORIENTED_EDGE('',*,*,#3052,.T.);
#4709=ORIENTED_EDGE('',*,*,#3470,.F.);
#4710=ORIENTED_EDGE('',*,*,#3471,.F.);
#4711=ORIENTED_EDGE('',*,*,#3461,.T.);
#4712=ORIENTED_EDGE('',*,*,#3053,.T.);
#4713=ORIENTED_EDGE('',*,*,#3469,.F.);
#4714=ORIENTED_EDGE('',*,*,#3472,.F.);
#4715=ORIENTED_EDGE('',*,*,#3473,.T.);
#4716=ORIENTED_EDGE('',*,*,#3046,.T.);
#4717=ORIENTED_EDGE('',*,*,#3473,.F.);
#4718=ORIENTED_EDGE('',*,*,#3474,.F.);
#4719=ORIENTED_EDGE('',*,*,#3475,.T.);
#4720=ORIENTED_EDGE('',*,*,#3047,.T.);
#4721=ORIENTED_EDGE('',*,*,#3475,.F.);
#4722=ORIENTED_EDGE('',*,*,#3476,.F.);
#4723=ORIENTED_EDGE('',*,*,#3477,.T.);
#4724=ORIENTED_EDGE('',*,*,#3048,.T.);
#4725=ORIENTED_EDGE('',*,*,#3478,.F.);
#4726=ORIENTED_EDGE('',*,*,#3479,.F.);
#4727=ORIENTED_EDGE('',*,*,#3470,.T.);
#4728=ORIENTED_EDGE('',*,*,#3049,.T.);
#4729=ORIENTED_EDGE('',*,*,#3463,.F.);
#4730=ORIENTED_EDGE('',*,*,#3480,.F.);
#4731=ORIENTED_EDGE('',*,*,#3478,.T.);
#4732=ORIENTED_EDGE('',*,*,#3042,.T.);
#4733=ORIENTED_EDGE('',*,*,#3477,.F.);
#4734=ORIENTED_EDGE('',*,*,#3481,.F.);
#4735=ORIENTED_EDGE('',*,*,#3482,.T.);
#4736=ORIENTED_EDGE('',*,*,#3043,.T.);
#4737=ORIENTED_EDGE('',*,*,#3482,.F.);
#4738=ORIENTED_EDGE('',*,*,#3483,.F.);
#4739=ORIENTED_EDGE('',*,*,#3484,.T.);
#4740=ORIENTED_EDGE('',*,*,#3044,.T.);
#4741=ORIENTED_EDGE('',*,*,#3484,.F.);
#4742=ORIENTED_EDGE('',*,*,#3485,.F.);
#4743=ORIENTED_EDGE('',*,*,#3454,.T.);
#4744=ORIENTED_EDGE('',*,*,#3045,.T.);
#4745=ORIENTED_EDGE('',*,*,#3486,.F.);
#4746=ORIENTED_EDGE('',*,*,#3487,.F.);
#4747=ORIENTED_EDGE('',*,*,#3488,.T.);
#4748=ORIENTED_EDGE('',*,*,#3018,.T.);
#4749=ORIENTED_EDGE('',*,*,#3489,.F.);
#4750=ORIENTED_EDGE('',*,*,#3490,.F.);
#4751=ORIENTED_EDGE('',*,*,#3491,.T.);
#4752=ORIENTED_EDGE('',*,*,#3019,.T.);
#4753=ORIENTED_EDGE('',*,*,#3491,.F.);
#4754=ORIENTED_EDGE('',*,*,#3492,.F.);
#4755=ORIENTED_EDGE('',*,*,#3493,.T.);
#4756=ORIENTED_EDGE('',*,*,#3020,.T.);
#4757=ORIENTED_EDGE('',*,*,#3494,.F.);
#4758=ORIENTED_EDGE('',*,*,#3495,.F.);
#4759=ORIENTED_EDGE('',*,*,#3486,.T.);
#4760=ORIENTED_EDGE('',*,*,#3021,.T.);
#4761=ORIENTED_EDGE('',*,*,#3493,.F.);
#4762=ORIENTED_EDGE('',*,*,#3496,.F.);
#4763=ORIENTED_EDGE('',*,*,#3497,.T.);
#4764=ORIENTED_EDGE('',*,*,#3022,.T.);
#4765=ORIENTED_EDGE('',*,*,#3497,.F.);
#4766=ORIENTED_EDGE('',*,*,#3498,.F.);
#4767=ORIENTED_EDGE('',*,*,#3499,.T.);
#4768=ORIENTED_EDGE('',*,*,#3023,.T.);
#4769=ORIENTED_EDGE('',*,*,#3500,.F.);
#4770=ORIENTED_EDGE('',*,*,#3501,.F.);
#4771=ORIENTED_EDGE('',*,*,#3502,.T.);
#4772=ORIENTED_EDGE('',*,*,#3024,.T.);
#4773=ORIENTED_EDGE('',*,*,#3502,.F.);
#4774=ORIENTED_EDGE('',*,*,#3503,.F.);
#4775=ORIENTED_EDGE('',*,*,#3494,.T.);
#4776=ORIENTED_EDGE('',*,*,#3025,.T.);
#4777=ORIENTED_EDGE('',*,*,#3499,.F.);
#4778=ORIENTED_EDGE('',*,*,#3504,.F.);
#4779=ORIENTED_EDGE('',*,*,#3505,.T.);
#4780=ORIENTED_EDGE('',*,*,#3026,.T.);
#4781=ORIENTED_EDGE('',*,*,#3505,.F.);
#4782=ORIENTED_EDGE('',*,*,#3506,.F.);
#4783=ORIENTED_EDGE('',*,*,#3507,.T.);
#4784=ORIENTED_EDGE('',*,*,#3027,.T.);
#4785=ORIENTED_EDGE('',*,*,#3507,.F.);
#4786=ORIENTED_EDGE('',*,*,#3508,.F.);
#4787=ORIENTED_EDGE('',*,*,#3509,.T.);
#4788=ORIENTED_EDGE('',*,*,#3028,.T.);
#4789=ORIENTED_EDGE('',*,*,#3509,.F.);
#4790=ORIENTED_EDGE('',*,*,#3510,.F.);
#4791=ORIENTED_EDGE('',*,*,#3500,.T.);
#4792=ORIENTED_EDGE('',*,*,#3029,.T.);
#4793=ORIENTED_EDGE('',*,*,#3488,.F.);
#4794=ORIENTED_EDGE('',*,*,#3511,.F.);
#4795=ORIENTED_EDGE('',*,*,#3512,.T.);
#4796=ORIENTED_EDGE('',*,*,#3014,.T.);
#4797=ORIENTED_EDGE('',*,*,#3513,.F.);
#4798=ORIENTED_EDGE('',*,*,#3514,.F.);
#4799=ORIENTED_EDGE('',*,*,#3515,.T.);
#4800=ORIENTED_EDGE('',*,*,#3015,.T.);
#4801=ORIENTED_EDGE('',*,*,#3515,.F.);
#4802=ORIENTED_EDGE('',*,*,#3516,.F.);
#4803=ORIENTED_EDGE('',*,*,#3517,.T.);
#4804=ORIENTED_EDGE('',*,*,#3016,.T.);
#4805=ORIENTED_EDGE('',*,*,#3517,.F.);
#4806=ORIENTED_EDGE('',*,*,#3518,.F.);
#4807=ORIENTED_EDGE('',*,*,#3489,.T.);
#4808=ORIENTED_EDGE('',*,*,#3017,.T.);
#4809=ORIENTED_EDGE('',*,*,#3512,.F.);
#4810=ORIENTED_EDGE('',*,*,#3519,.F.);
#4811=ORIENTED_EDGE('',*,*,#3520,.T.);
#4812=ORIENTED_EDGE('',*,*,#3010,.T.);
#4813=ORIENTED_EDGE('',*,*,#3520,.F.);
#4814=ORIENTED_EDGE('',*,*,#3521,.F.);
#4815=ORIENTED_EDGE('',*,*,#3522,.T.);
#4816=ORIENTED_EDGE('',*,*,#3011,.T.);
#4817=ORIENTED_EDGE('',*,*,#3523,.F.);
#4818=ORIENTED_EDGE('',*,*,#3524,.F.);
#4819=ORIENTED_EDGE('',*,*,#3525,.T.);
#4820=ORIENTED_EDGE('',*,*,#3012,.T.);
#4821=ORIENTED_EDGE('',*,*,#3525,.F.);
#4822=ORIENTED_EDGE('',*,*,#3526,.F.);
#4823=ORIENTED_EDGE('',*,*,#3513,.T.);
#4824=ORIENTED_EDGE('',*,*,#3013,.T.);
#4825=ORIENTED_EDGE('',*,*,#3522,.F.);
#4826=ORIENTED_EDGE('',*,*,#3527,.F.);
#4827=ORIENTED_EDGE('',*,*,#3528,.T.);
#4828=ORIENTED_EDGE('',*,*,#3006,.T.);
#4829=ORIENTED_EDGE('',*,*,#3528,.F.);
#4830=ORIENTED_EDGE('',*,*,#3529,.F.);
#4831=ORIENTED_EDGE('',*,*,#3530,.F.);
#4832=ORIENTED_EDGE('',*,*,#3007,.T.);
#4833=ORIENTED_EDGE('',*,*,#3531,.T.);
#4834=ORIENTED_EDGE('',*,*,#3532,.F.);
#4835=ORIENTED_EDGE('',*,*,#3533,.T.);
#4836=ORIENTED_EDGE('',*,*,#3008,.T.);
#4837=ORIENTED_EDGE('',*,*,#3533,.F.);
#4838=ORIENTED_EDGE('',*,*,#3534,.F.);
#4839=ORIENTED_EDGE('',*,*,#3523,.T.);
#4840=ORIENTED_EDGE('',*,*,#3009,.T.);
#4841=ORIENTED_EDGE('',*,*,#3530,.T.);
#4842=ORIENTED_EDGE('',*,*,#3535,.F.);
#4843=ORIENTED_EDGE('',*,*,#3536,.T.);
#4844=ORIENTED_EDGE('',*,*,#3002,.T.);
#4845=ORIENTED_EDGE('',*,*,#3536,.F.);
#4846=ORIENTED_EDGE('',*,*,#3537,.F.);
#4847=ORIENTED_EDGE('',*,*,#3538,.T.);
#4848=ORIENTED_EDGE('',*,*,#3003,.T.);
#4849=ORIENTED_EDGE('',*,*,#3538,.F.);
#4850=ORIENTED_EDGE('',*,*,#3539,.F.);
#4851=ORIENTED_EDGE('',*,*,#3540,.T.);
#4852=ORIENTED_EDGE('',*,*,#3004,.T.);
#4853=ORIENTED_EDGE('',*,*,#3540,.F.);
#4854=ORIENTED_EDGE('',*,*,#3541,.F.);
#4855=ORIENTED_EDGE('',*,*,#3531,.F.);
#4856=ORIENTED_EDGE('',*,*,#3005,.T.);
#4857=ORIENTED_EDGE('',*,*,#3542,.F.);
#4858=ORIENTED_EDGE('',*,*,#3543,.F.);
#4859=ORIENTED_EDGE('',*,*,#3544,.T.);
#4860=ORIENTED_EDGE('',*,*,#2994,.T.);
#4861=ORIENTED_EDGE('',*,*,#3544,.F.);
#4862=ORIENTED_EDGE('',*,*,#3545,.F.);
#4863=ORIENTED_EDGE('',*,*,#3546,.T.);
#4864=ORIENTED_EDGE('',*,*,#2995,.T.);
#4865=ORIENTED_EDGE('',*,*,#3546,.F.);
#4866=ORIENTED_EDGE('',*,*,#3547,.F.);
#4867=ORIENTED_EDGE('',*,*,#3548,.T.);
#4868=ORIENTED_EDGE('',*,*,#2996,.T.);
#4869=ORIENTED_EDGE('',*,*,#3548,.F.);
#4870=ORIENTED_EDGE('',*,*,#3549,.F.);
#4871=ORIENTED_EDGE('',*,*,#3550,.T.);
#4872=ORIENTED_EDGE('',*,*,#2997,.T.);
#4873=ORIENTED_EDGE('',*,*,#3550,.F.);
#4874=ORIENTED_EDGE('',*,*,#3551,.F.);
#4875=ORIENTED_EDGE('',*,*,#3552,.T.);
#4876=ORIENTED_EDGE('',*,*,#2998,.T.);
#4877=ORIENTED_EDGE('',*,*,#3552,.F.);
#4878=ORIENTED_EDGE('',*,*,#3553,.F.);
#4879=ORIENTED_EDGE('',*,*,#3554,.T.);
#4880=ORIENTED_EDGE('',*,*,#2999,.T.);
#4881=ORIENTED_EDGE('',*,*,#3554,.F.);
#4882=ORIENTED_EDGE('',*,*,#3555,.F.);
#4883=ORIENTED_EDGE('',*,*,#3556,.T.);
#4884=ORIENTED_EDGE('',*,*,#3000,.T.);
#4885=ORIENTED_EDGE('',*,*,#3556,.F.);
#4886=ORIENTED_EDGE('',*,*,#3557,.F.);
#4887=ORIENTED_EDGE('',*,*,#3542,.T.);
#4888=ORIENTED_EDGE('',*,*,#3001,.T.);
#4889=ORIENTED_EDGE('',*,*,#3462,.T.);
#4890=ORIENTED_EDGE('',*,*,#3471,.T.);
#4891=ORIENTED_EDGE('',*,*,#3479,.T.);
#4892=ORIENTED_EDGE('',*,*,#3480,.T.);
#4893=ORIENTED_EDGE('',*,*,#3398,.T.);
#4894=ORIENTED_EDGE('',*,*,#3404,.T.);
#4895=ORIENTED_EDGE('',*,*,#3402,.T.);
#4896=ORIENTED_EDGE('',*,*,#3400,.T.);
#4897=ORIENTED_EDGE('',*,*,#3178,.T.);
#4898=ORIENTED_EDGE('',*,*,#3297,.T.);
#4899=ORIENTED_EDGE('',*,*,#3558,.F.);
#4900=ORIENTED_EDGE('',*,*,#3559,.T.);
#4901=ORIENTED_EDGE('',*,*,#3189,.T.);
#4902=ORIENTED_EDGE('',*,*,#3284,.T.);
#4903=ORIENTED_EDGE('',*,*,#3560,.F.);
#4904=ORIENTED_EDGE('',*,*,#3561,.T.);
#4905=ORIENTED_EDGE('',*,*,#3166,.T.);
#4906=ORIENTED_EDGE('',*,*,#3310,.T.);
#4907=ORIENTED_EDGE('',*,*,#3562,.F.);
#4908=ORIENTED_EDGE('',*,*,#3563,.T.);
#4909=ORIENTED_EDGE('',*,*,#3152,.T.);
#4910=ORIENTED_EDGE('',*,*,#3324,.T.);
#4911=ORIENTED_EDGE('',*,*,#3564,.F.);
#4912=ORIENTED_EDGE('',*,*,#3565,.T.);
#4913=ORIENTED_EDGE('',*,*,#3194,.T.);
#4914=ORIENTED_EDGE('',*,*,#3270,.T.);
#4915=ORIENTED_EDGE('',*,*,#3264,.T.);
#4916=ORIENTED_EDGE('',*,*,#3293,.F.);
#4917=ORIENTED_EDGE('',*,*,#3192,.T.);
#4918=ORIENTED_EDGE('',*,*,#3566,.T.);
#4919=ORIENTED_EDGE('',*,*,#3267,.T.);
#4920=ORIENTED_EDGE('',*,*,#3271,.F.);
#4921=ORIENTED_EDGE('',*,*,#3183,.T.);
#4922=ORIENTED_EDGE('',*,*,#3260,.T.);
#4923=ORIENTED_EDGE('',*,*,#3254,.T.);
#4924=ORIENTED_EDGE('',*,*,#3306,.F.);
#4925=ORIENTED_EDGE('',*,*,#3181,.T.);
#4926=ORIENTED_EDGE('',*,*,#3567,.T.);
#4927=ORIENTED_EDGE('',*,*,#3257,.T.);
#4928=ORIENTED_EDGE('',*,*,#3261,.F.);
#4929=ORIENTED_EDGE('',*,*,#3171,.T.);
#4930=ORIENTED_EDGE('',*,*,#3250,.T.);
#4931=ORIENTED_EDGE('',*,*,#3244,.T.);
#4932=ORIENTED_EDGE('',*,*,#3319,.F.);
#4933=ORIENTED_EDGE('',*,*,#3169,.T.);
#4934=ORIENTED_EDGE('',*,*,#3568,.F.);
#4935=ORIENTED_EDGE('',*,*,#3247,.T.);
#4936=ORIENTED_EDGE('',*,*,#3251,.F.);
#4937=ORIENTED_EDGE('',*,*,#3158,.T.);
#4938=ORIENTED_EDGE('',*,*,#3280,.T.);
#4939=ORIENTED_EDGE('',*,*,#3274,.T.);
#4940=ORIENTED_EDGE('',*,*,#3335,.F.);
#4941=ORIENTED_EDGE('',*,*,#3156,.T.);
#4942=ORIENTED_EDGE('',*,*,#3569,.T.);
#4943=ORIENTED_EDGE('',*,*,#3277,.T.);
#4944=ORIENTED_EDGE('',*,*,#3281,.F.);
#4945=ORIENTED_EDGE('',*,*,#3263,.T.);
#4946=ORIENTED_EDGE('',*,*,#3570,.F.);
#4947=ORIENTED_EDGE('',*,*,#3571,.T.);
#4948=ORIENTED_EDGE('',*,*,#3294,.F.);
#4949=ORIENTED_EDGE('',*,*,#3223,.T.);
#4950=ORIENTED_EDGE('',*,*,#3269,.T.);
#4951=ORIENTED_EDGE('',*,*,#3572,.T.);
#4952=ORIENTED_EDGE('',*,*,#3573,.T.);
#4953=ORIENTED_EDGE('',*,*,#3570,.T.);
#4954=ORIENTED_EDGE('',*,*,#3262,.T.);
#4955=ORIENTED_EDGE('',*,*,#3229,.T.);
#4956=ORIENTED_EDGE('',*,*,#3231,.T.);
#4957=ORIENTED_EDGE('',*,*,#3268,.T.);
#4958=ORIENTED_EDGE('',*,*,#3574,.T.);
#4959=ORIENTED_EDGE('',*,*,#3575,.T.);
#4960=ORIENTED_EDGE('',*,*,#3572,.F.);
#4961=ORIENTED_EDGE('',*,*,#3253,.T.);
#4962=ORIENTED_EDGE('',*,*,#3576,.F.);
#4963=ORIENTED_EDGE('',*,*,#3577,.T.);
#4964=ORIENTED_EDGE('',*,*,#3307,.F.);
#4965=ORIENTED_EDGE('',*,*,#3213,.T.);
#4966=ORIENTED_EDGE('',*,*,#3259,.T.);
#4967=ORIENTED_EDGE('',*,*,#3578,.T.);
#4968=ORIENTED_EDGE('',*,*,#3579,.T.);
#4969=ORIENTED_EDGE('',*,*,#3576,.T.);
#4970=ORIENTED_EDGE('',*,*,#3252,.T.);
#4971=ORIENTED_EDGE('',*,*,#3219,.T.);
#4972=ORIENTED_EDGE('',*,*,#3221,.T.);
#4973=ORIENTED_EDGE('',*,*,#3258,.T.);
#4974=ORIENTED_EDGE('',*,*,#3580,.T.);
#4975=ORIENTED_EDGE('',*,*,#3581,.T.);
#4976=ORIENTED_EDGE('',*,*,#3578,.F.);
#4977=ORIENTED_EDGE('',*,*,#3243,.T.);
#4978=ORIENTED_EDGE('',*,*,#3582,.F.);
#4979=ORIENTED_EDGE('',*,*,#3583,.T.);
#4980=ORIENTED_EDGE('',*,*,#3320,.F.);
#4981=ORIENTED_EDGE('',*,*,#3203,.T.);
#4982=ORIENTED_EDGE('',*,*,#3249,.T.);
#4983=ORIENTED_EDGE('',*,*,#3584,.T.);
#4984=ORIENTED_EDGE('',*,*,#3585,.T.);
#4985=ORIENTED_EDGE('',*,*,#3582,.T.);
#4986=ORIENTED_EDGE('',*,*,#3242,.T.);
#4987=ORIENTED_EDGE('',*,*,#3209,.T.);
#4988=ORIENTED_EDGE('',*,*,#3211,.T.);
#4989=ORIENTED_EDGE('',*,*,#3248,.T.);
#4990=ORIENTED_EDGE('',*,*,#3586,.T.);
#4991=ORIENTED_EDGE('',*,*,#3587,.T.);
#4992=ORIENTED_EDGE('',*,*,#3584,.F.);
#4993=ORIENTED_EDGE('',*,*,#3273,.T.);
#4994=ORIENTED_EDGE('',*,*,#3588,.F.);
#4995=ORIENTED_EDGE('',*,*,#3589,.T.);
#4996=ORIENTED_EDGE('',*,*,#3336,.F.);
#4997=ORIENTED_EDGE('',*,*,#3233,.T.);
#4998=ORIENTED_EDGE('',*,*,#3279,.T.);
#4999=ORIENTED_EDGE('',*,*,#3590,.T.);
#5000=ORIENTED_EDGE('',*,*,#3591,.T.);
#5001=ORIENTED_EDGE('',*,*,#3588,.T.);
#5002=ORIENTED_EDGE('',*,*,#3272,.T.);
#5003=ORIENTED_EDGE('',*,*,#3239,.T.);
#5004=ORIENTED_EDGE('',*,*,#3241,.T.);
#5005=ORIENTED_EDGE('',*,*,#3278,.T.);
#5006=ORIENTED_EDGE('',*,*,#3592,.T.);
#5007=ORIENTED_EDGE('',*,*,#3593,.T.);
#5008=ORIENTED_EDGE('',*,*,#3590,.F.);
#5009=ORIENTED_EDGE('',*,*,#3168,.T.);
#5010=ORIENTED_EDGE('',*,*,#3594,.T.);
#5011=ORIENTED_EDGE('',*,*,#3595,.T.);
#5012=ORIENTED_EDGE('',*,*,#3586,.F.);
#5013=ORIENTED_EDGE('',*,*,#3568,.T.);
#5014=ORIENTED_EDGE('',*,*,#3191,.T.);
#5015=ORIENTED_EDGE('',*,*,#3596,.T.);
#5016=ORIENTED_EDGE('',*,*,#3597,.T.);
#5017=ORIENTED_EDGE('',*,*,#3574,.F.);
#5018=ORIENTED_EDGE('',*,*,#3566,.F.);
#5019=ORIENTED_EDGE('',*,*,#3180,.T.);
#5020=ORIENTED_EDGE('',*,*,#3598,.T.);
#5021=ORIENTED_EDGE('',*,*,#3599,.T.);
#5022=ORIENTED_EDGE('',*,*,#3580,.F.);
#5023=ORIENTED_EDGE('',*,*,#3567,.F.);
#5024=ORIENTED_EDGE('',*,*,#3155,.T.);
#5025=ORIENTED_EDGE('',*,*,#3600,.T.);
#5026=ORIENTED_EDGE('',*,*,#3601,.T.);
#5027=ORIENTED_EDGE('',*,*,#3592,.F.);
#5028=ORIENTED_EDGE('',*,*,#3569,.F.);
#5029=ORIENTED_EDGE('',*,*,#3154,.T.);
#5030=ORIENTED_EDGE('',*,*,#3602,.F.);
#5031=ORIENTED_EDGE('',*,*,#3603,.T.);
#5032=ORIENTED_EDGE('',*,*,#3600,.F.);
#5033=ORIENTED_EDGE('',*,*,#3145,.T.);
#5034=ORIENTED_EDGE('',*,*,#2971,.F.);
#5035=ORIENTED_EDGE('',*,*,#3604,.T.);
#5036=ORIENTED_EDGE('',*,*,#3339,.T.);
#5037=ORIENTED_EDGE('',*,*,#3543,.T.);
#5038=ORIENTED_EDGE('',*,*,#3557,.T.);
#5039=ORIENTED_EDGE('',*,*,#3555,.T.);
#5040=ORIENTED_EDGE('',*,*,#3553,.T.);
#5041=ORIENTED_EDGE('',*,*,#3551,.T.);
#5042=ORIENTED_EDGE('',*,*,#3549,.T.);
#5043=ORIENTED_EDGE('',*,*,#3547,.T.);
#5044=ORIENTED_EDGE('',*,*,#3545,.T.);
#5045=ORIENTED_EDGE('',*,*,#3487,.T.);
#5046=ORIENTED_EDGE('',*,*,#3495,.T.);
#5047=ORIENTED_EDGE('',*,*,#3503,.T.);
#5048=ORIENTED_EDGE('',*,*,#3501,.T.);
#5049=ORIENTED_EDGE('',*,*,#3510,.T.);
#5050=ORIENTED_EDGE('',*,*,#3508,.T.);
#5051=ORIENTED_EDGE('',*,*,#3506,.T.);
#5052=ORIENTED_EDGE('',*,*,#3504,.T.);
#5053=ORIENTED_EDGE('',*,*,#3498,.T.);
#5054=ORIENTED_EDGE('',*,*,#3496,.T.);
#5055=ORIENTED_EDGE('',*,*,#3492,.T.);
#5056=ORIENTED_EDGE('',*,*,#3490,.T.);
#5057=ORIENTED_EDGE('',*,*,#3518,.T.);
#5058=ORIENTED_EDGE('',*,*,#3516,.T.);
#5059=ORIENTED_EDGE('',*,*,#3514,.T.);
#5060=ORIENTED_EDGE('',*,*,#3526,.T.);
#5061=ORIENTED_EDGE('',*,*,#3524,.T.);
#5062=ORIENTED_EDGE('',*,*,#3534,.T.);
#5063=ORIENTED_EDGE('',*,*,#3532,.T.);
#5064=ORIENTED_EDGE('',*,*,#3541,.T.);
#5065=ORIENTED_EDGE('',*,*,#3539,.T.);
#5066=ORIENTED_EDGE('',*,*,#3537,.T.);
#5067=ORIENTED_EDGE('',*,*,#3535,.T.);
#5068=ORIENTED_EDGE('',*,*,#3529,.T.);
#5069=ORIENTED_EDGE('',*,*,#3527,.T.);
#5070=ORIENTED_EDGE('',*,*,#3521,.T.);
#5071=ORIENTED_EDGE('',*,*,#3519,.T.);
#5072=ORIENTED_EDGE('',*,*,#3511,.T.);
#5073=ORIENTED_EDGE('',*,*,#3455,.T.);
#5074=ORIENTED_EDGE('',*,*,#3485,.T.);
#5075=ORIENTED_EDGE('',*,*,#3483,.T.);
#5076=ORIENTED_EDGE('',*,*,#3481,.T.);
#5077=ORIENTED_EDGE('',*,*,#3476,.T.);
#5078=ORIENTED_EDGE('',*,*,#3474,.T.);
#5079=ORIENTED_EDGE('',*,*,#3472,.T.);
#5080=ORIENTED_EDGE('',*,*,#3468,.T.);
#5081=ORIENTED_EDGE('',*,*,#3466,.T.);
#5082=ORIENTED_EDGE('',*,*,#3464,.T.);
#5083=ORIENTED_EDGE('',*,*,#3459,.T.);
#5084=ORIENTED_EDGE('',*,*,#3457,.T.);
#5085=ORIENTED_EDGE('',*,*,#3435,.T.);
#5086=ORIENTED_EDGE('',*,*,#3453,.T.);
#5087=ORIENTED_EDGE('',*,*,#3451,.T.);
#5088=ORIENTED_EDGE('',*,*,#3449,.T.);
#5089=ORIENTED_EDGE('',*,*,#3447,.T.);
#5090=ORIENTED_EDGE('',*,*,#3445,.T.);
#5091=ORIENTED_EDGE('',*,*,#3443,.T.);
#5092=ORIENTED_EDGE('',*,*,#3441,.T.);
#5093=ORIENTED_EDGE('',*,*,#3439,.T.);
#5094=ORIENTED_EDGE('',*,*,#3437,.T.);
#5095=ORIENTED_EDGE('',*,*,#3419,.T.);
#5096=ORIENTED_EDGE('',*,*,#3433,.T.);
#5097=ORIENTED_EDGE('',*,*,#3431,.T.);
#5098=ORIENTED_EDGE('',*,*,#3429,.T.);
#5099=ORIENTED_EDGE('',*,*,#3427,.T.);
#5100=ORIENTED_EDGE('',*,*,#3425,.T.);
#5101=ORIENTED_EDGE('',*,*,#3423,.T.);
#5102=ORIENTED_EDGE('',*,*,#3421,.T.);
#5103=ORIENTED_EDGE('',*,*,#3391,.T.);
#5104=ORIENTED_EDGE('',*,*,#3417,.T.);
#5105=ORIENTED_EDGE('',*,*,#3415,.T.);
#5106=ORIENTED_EDGE('',*,*,#3413,.T.);
#5107=ORIENTED_EDGE('',*,*,#3411,.T.);
#5108=ORIENTED_EDGE('',*,*,#3409,.T.);
#5109=ORIENTED_EDGE('',*,*,#3407,.T.);
#5110=ORIENTED_EDGE('',*,*,#3405,.T.);
#5111=ORIENTED_EDGE('',*,*,#3395,.T.);
#5112=ORIENTED_EDGE('',*,*,#3393,.T.);
#5113=ORIENTED_EDGE('',*,*,#3383,.T.);
#5114=ORIENTED_EDGE('',*,*,#3389,.T.);
#5115=ORIENTED_EDGE('',*,*,#3387,.T.);
#5116=ORIENTED_EDGE('',*,*,#3385,.T.);
#5117=ORIENTED_EDGE('',*,*,#3377,.T.);
#5118=ORIENTED_EDGE('',*,*,#3381,.T.);
#5119=ORIENTED_EDGE('',*,*,#3374,.T.);
#5120=ORIENTED_EDGE('',*,*,#3372,.T.);
#5121=ORIENTED_EDGE('',*,*,#3370,.T.);
#5122=ORIENTED_EDGE('',*,*,#3368,.T.);
#5123=ORIENTED_EDGE('',*,*,#3380,.T.);
#5124=ORIENTED_EDGE('',*,*,#3365,.T.);
#5125=ORIENTED_EDGE('',*,*,#3357,.T.);
#5126=ORIENTED_EDGE('',*,*,#3349,.T.);
#5127=ORIENTED_EDGE('',*,*,#3347,.T.);
#5128=ORIENTED_EDGE('',*,*,#3345,.T.);
#5129=ORIENTED_EDGE('',*,*,#3343,.T.);
#5130=ORIENTED_EDGE('',*,*,#3356,.T.);
#5131=ORIENTED_EDGE('',*,*,#3354,.T.);
#5132=ORIENTED_EDGE('',*,*,#3352,.T.);
#5133=ORIENTED_EDGE('',*,*,#3364,.T.);
#5134=ORIENTED_EDGE('',*,*,#3362,.T.);
#5135=ORIENTED_EDGE('',*,*,#3360,.T.);
#5136=ORIENTED_EDGE('',*,*,#3379,.T.);
#5137=ORIENTED_EDGE('',*,*,#3332,.F.);
#5138=ORIENTED_EDGE('',*,*,#3337,.F.);
#5139=ORIENTED_EDGE('',*,*,#3589,.F.);
#5140=ORIENTED_EDGE('',*,*,#3591,.F.);
#5141=ORIENTED_EDGE('',*,*,#3593,.F.);
#5142=ORIENTED_EDGE('',*,*,#3601,.F.);
#5143=ORIENTED_EDGE('',*,*,#3603,.F.);
#5144=ORIENTED_EDGE('',*,*,#3605,.F.);
#5145=ORIENTED_EDGE('',*,*,#3606,.F.);
#5146=ORIENTED_EDGE('',*,*,#3607,.F.);
#5147=ORIENTED_EDGE('',*,*,#3608,.F.);
#5148=ORIENTED_EDGE('',*,*,#3290,.F.);
#5149=ORIENTED_EDGE('',*,*,#3295,.F.);
#5150=ORIENTED_EDGE('',*,*,#3571,.F.);
#5151=ORIENTED_EDGE('',*,*,#3573,.F.);
#5152=ORIENTED_EDGE('',*,*,#3575,.F.);
#5153=ORIENTED_EDGE('',*,*,#3597,.F.);
#5154=ORIENTED_EDGE('',*,*,#3609,.F.);
#5155=ORIENTED_EDGE('',*,*,#3610,.F.);
#5156=ORIENTED_EDGE('',*,*,#3316,.F.);
#5157=ORIENTED_EDGE('',*,*,#3321,.F.);
#5158=ORIENTED_EDGE('',*,*,#3583,.F.);
#5159=ORIENTED_EDGE('',*,*,#3585,.F.);
#5160=ORIENTED_EDGE('',*,*,#3587,.F.);
#5161=ORIENTED_EDGE('',*,*,#3595,.F.);
#5162=ORIENTED_EDGE('',*,*,#3611,.F.);
#5163=ORIENTED_EDGE('',*,*,#3612,.T.);
#5164=ORIENTED_EDGE('',*,*,#3291,.F.);
#5165=ORIENTED_EDGE('',*,*,#3608,.T.);
#5166=ORIENTED_EDGE('',*,*,#3613,.F.);
#5167=ORIENTED_EDGE('',*,*,#3614,.T.);
#5168=ORIENTED_EDGE('',*,*,#3317,.F.);
#5169=ORIENTED_EDGE('',*,*,#3610,.T.);
#5170=ORIENTED_EDGE('',*,*,#3333,.F.);
#5171=ORIENTED_EDGE('',*,*,#3606,.T.);
#5172=ORIENTED_EDGE('',*,*,#3615,.F.);
#5173=ORIENTED_EDGE('',*,*,#3616,.T.);
#5174=ORIENTED_EDGE('',*,*,#3617,.F.);
#5175=ORIENTED_EDGE('',*,*,#3618,.T.);
#5176=ORIENTED_EDGE('',*,*,#3304,.F.);
#5177=ORIENTED_EDGE('',*,*,#3619,.T.);
#5178=ORIENTED_EDGE('',*,*,#3620,.F.);
#5179=ORIENTED_EDGE('',*,*,#3619,.F.);
#5180=ORIENTED_EDGE('',*,*,#3303,.F.);
#5181=ORIENTED_EDGE('',*,*,#3308,.F.);
#5182=ORIENTED_EDGE('',*,*,#3577,.F.);
#5183=ORIENTED_EDGE('',*,*,#3579,.F.);
#5184=ORIENTED_EDGE('',*,*,#3581,.F.);
#5185=ORIENTED_EDGE('',*,*,#3599,.F.);
#5186=ORIENTED_EDGE('',*,*,#3167,.T.);
#5187=ORIENTED_EDGE('',*,*,#3563,.F.);
#5188=ORIENTED_EDGE('',*,*,#3621,.T.);
#5189=ORIENTED_EDGE('',*,*,#3613,.T.);
#5190=ORIENTED_EDGE('',*,*,#3609,.T.);
#5191=ORIENTED_EDGE('',*,*,#3594,.F.);
#5192=ORIENTED_EDGE('',*,*,#3340,.F.);
#5193=ORIENTED_EDGE('',*,*,#3604,.F.);
#5194=ORIENTED_EDGE('',*,*,#2970,.F.);
#5195=ORIENTED_EDGE('',*,*,#3090,.F.);
#5196=ORIENTED_EDGE('',*,*,#3283,.T.);
#5197=ORIENTED_EDGE('',*,*,#3137,.F.);
#5198=ORIENTED_EDGE('',*,*,#3286,.T.);
#5199=ORIENTED_EDGE('',*,*,#3288,.T.);
#5200=ORIENTED_EDGE('',*,*,#3292,.T.);
#5201=ORIENTED_EDGE('',*,*,#3612,.F.);
#5202=ORIENTED_EDGE('',*,*,#3622,.F.);
#5203=ORIENTED_EDGE('',*,*,#3560,.T.);
#5204=ORIENTED_EDGE('',*,*,#3296,.T.);
#5205=ORIENTED_EDGE('',*,*,#3142,.F.);
#5206=ORIENTED_EDGE('',*,*,#3299,.T.);
#5207=ORIENTED_EDGE('',*,*,#3301,.T.);
#5208=ORIENTED_EDGE('',*,*,#3305,.T.);
#5209=ORIENTED_EDGE('',*,*,#3618,.F.);
#5210=ORIENTED_EDGE('',*,*,#3623,.F.);
#5211=ORIENTED_EDGE('',*,*,#3558,.T.);
#5212=ORIENTED_EDGE('',*,*,#3334,.T.);
#5213=ORIENTED_EDGE('',*,*,#3616,.F.);
#5214=ORIENTED_EDGE('',*,*,#3624,.F.);
#5215=ORIENTED_EDGE('',*,*,#3564,.T.);
#5216=ORIENTED_EDGE('',*,*,#3323,.T.);
#5217=ORIENTED_EDGE('',*,*,#3326,.F.);
#5218=ORIENTED_EDGE('',*,*,#3328,.T.);
#5219=ORIENTED_EDGE('',*,*,#3330,.T.);
#5220=ORIENTED_EDGE('',*,*,#3318,.T.);
#5221=ORIENTED_EDGE('',*,*,#3614,.F.);
#5222=ORIENTED_EDGE('',*,*,#3621,.F.);
#5223=ORIENTED_EDGE('',*,*,#3562,.T.);
#5224=ORIENTED_EDGE('',*,*,#3309,.T.);
#5225=ORIENTED_EDGE('',*,*,#3200,.F.);
#5226=ORIENTED_EDGE('',*,*,#3312,.T.);
#5227=ORIENTED_EDGE('',*,*,#3314,.T.);
#5228=ORIENTED_EDGE('',*,*,#3190,.T.);
#5229=ORIENTED_EDGE('',*,*,#3561,.F.);
#5230=ORIENTED_EDGE('',*,*,#3622,.T.);
#5231=ORIENTED_EDGE('',*,*,#3611,.T.);
#5232=ORIENTED_EDGE('',*,*,#3607,.T.);
#5233=ORIENTED_EDGE('',*,*,#3596,.F.);
#5234=ORIENTED_EDGE('',*,*,#3179,.T.);
#5235=ORIENTED_EDGE('',*,*,#3559,.F.);
#5236=ORIENTED_EDGE('',*,*,#3623,.T.);
#5237=ORIENTED_EDGE('',*,*,#3617,.T.);
#5238=ORIENTED_EDGE('',*,*,#3620,.T.);
#5239=ORIENTED_EDGE('',*,*,#3598,.F.);
#5240=ORIENTED_EDGE('',*,*,#3153,.T.);
#5241=ORIENTED_EDGE('',*,*,#3565,.F.);
#5242=ORIENTED_EDGE('',*,*,#3624,.T.);
#5243=ORIENTED_EDGE('',*,*,#3615,.T.);
#5244=ORIENTED_EDGE('',*,*,#3605,.T.);
#5245=ORIENTED_EDGE('',*,*,#3602,.T.);
#5246=ORIENTED_EDGE('',*,*,#3149,.T.);
#5247=ORIENTED_EDGE('',*,*,#3282,.T.);
#5248=ORIENTED_EDGE('',*,*,#2959,.F.);
#5249=ORIENTED_EDGE('',*,*,#3625,.F.);
#5250=ORIENTED_EDGE('',*,*,#2966,.F.);
#5251=ORIENTED_EDGE('',*,*,#3625,.T.);
#5252=ORIENTED_EDGE('',*,*,#2962,.T.);
#5253=ORIENTED_EDGE('',*,*,#2964,.F.);
#5254=ORIENTED_EDGE('',*,*,#3626,.F.);
#5255=ORIENTED_EDGE('',*,*,#3338,.T.);
#5256=ORIENTED_EDGE('',*,*,#2979,.F.);
#5257=ORIENTED_EDGE('',*,*,#2974,.F.);
#5258=ORIENTED_EDGE('',*,*,#3341,.T.);
#5259=ORIENTED_EDGE('',*,*,#3627,.T.);
#5260=ORIENTED_EDGE('',*,*,#2976,.T.);
#5261=ORIENTED_EDGE('',*,*,#2978,.F.);
#5262=ORIENTED_EDGE('',*,*,#3147,.T.);
#5263=ORIENTED_EDGE('',*,*,#3626,.T.);
#5264=ORIENTED_EDGE('',*,*,#2973,.F.);
#5265=ORIENTED_EDGE('',*,*,#3627,.F.);
#5266=PLANE('',#5899);
#5267=PLANE('',#5900);
#5268=PLANE('',#5901);
#5269=PLANE('',#5902);
#5270=PLANE('',#5903);
#5271=PLANE('',#5904);
#5272=PLANE('',#5905);
#5273=PLANE('',#5906);
#5274=PLANE('',#5907);
#5275=PLANE('',#5908);
#5276=PLANE('',#5909);
#5277=PLANE('',#5910);
#5278=PLANE('',#5911);
#5279=PLANE('',#5912);
#5280=PLANE('',#5913);
#5281=PLANE('',#5914);
#5282=PLANE('',#5915);
#5283=PLANE('',#5916);
#5284=PLANE('',#5917);
#5285=PLANE('',#5918);
#5286=PLANE('',#5919);
#5287=PLANE('',#5920);
#5288=PLANE('',#5921);
#5289=PLANE('',#5922);
#5290=PLANE('',#5923);
#5291=PLANE('',#5924);
#5292=PLANE('',#5925);
#5293=PLANE('',#5926);
#5294=PLANE('',#5927);
#5295=PLANE('',#5928);
#5296=PLANE('',#5929);
#5297=PLANE('',#5930);
#5298=PLANE('',#5931);
#5299=PLANE('',#5932);
#5300=PLANE('',#5933);
#5301=PLANE('',#5934);
#5302=PLANE('',#5935);
#5303=PLANE('',#5936);
#5304=PLANE('',#5937);
#5305=PLANE('',#5938);
#5306=PLANE('',#5939);
#5307=PLANE('',#5940);
#5308=PLANE('',#5941);
#5309=PLANE('',#5942);
#5310=PLANE('',#5943);
#5311=PLANE('',#5944);
#5312=PLANE('',#5945);
#5313=PLANE('',#5946);
#5314=PLANE('',#5947);
#5315=PLANE('',#5948);
#5316=PLANE('',#5949);
#5317=PLANE('',#5950);
#5318=PLANE('',#5951);
#5319=PLANE('',#5952);
#5320=PLANE('',#5953);
#5321=PLANE('',#5954);
#5322=PLANE('',#5955);
#5323=PLANE('',#5956);
#5324=PLANE('',#5957);
#5325=PLANE('',#5958);
#5326=PLANE('',#5959);
#5327=PLANE('',#5960);
#5328=PLANE('',#5961);
#5329=PLANE('',#5962);
#5330=PLANE('',#5963);
#5331=PLANE('',#5964);
#5332=PLANE('',#5965);
#5333=PLANE('',#5966);
#5334=PLANE('',#5967);
#5335=PLANE('',#5968);
#5336=PLANE('',#5969);
#5337=PLANE('',#5970);
#5338=PLANE('',#5971);
#5339=PLANE('',#5972);
#5340=PLANE('',#5973);
#5341=PLANE('',#5974);
#5342=PLANE('',#5975);
#5343=PLANE('',#5976);
#5344=PLANE('',#5977);
#5345=PLANE('',#5978);
#5346=PLANE('',#5979);
#5347=PLANE('',#5980);
#5348=PLANE('',#5981);
#5349=PLANE('',#5982);
#5350=PLANE('',#5983);
#5351=PLANE('',#5984);
#5352=PLANE('',#5985);
#5353=PLANE('',#5986);
#5354=PLANE('',#5987);
#5355=PLANE('',#5988);
#5356=PLANE('',#5989);
#5357=PLANE('',#5990);
#5358=PLANE('',#5991);
#5359=PLANE('',#5992);
#5360=PLANE('',#5993);
#5361=PLANE('',#5994);
#5362=PLANE('',#5995);
#5363=PLANE('',#5996);
#5364=PLANE('',#5997);
#5365=PLANE('',#5998);
#5366=PLANE('',#5999);
#5367=PLANE('',#6000);
#5368=PLANE('',#6001);
#5369=PLANE('',#6002);
#5370=PLANE('',#6003);
#5371=PLANE('',#6004);
#5372=PLANE('',#6005);
#5373=PLANE('',#6006);
#5374=PLANE('',#6007);
#5375=PLANE('',#6008);
#5376=PLANE('',#6009);
#5377=PLANE('',#6010);
#5378=PLANE('',#6011);
#5379=PLANE('',#6012);
#5380=PLANE('',#6013);
#5381=PLANE('',#6014);
#5382=PLANE('',#6015);
#5383=PLANE('',#6016);
#5384=PLANE('',#6017);
#5385=PLANE('',#6018);
#5386=PLANE('',#6019);
#5387=PLANE('',#6020);
#5388=PLANE('',#6021);
#5389=PLANE('',#6022);
#5390=PLANE('',#6023);
#5391=PLANE('',#6024);
#5392=PLANE('',#6025);
#5393=PLANE('',#6026);
#5394=PLANE('',#6027);
#5395=PLANE('',#6028);
#5396=PLANE('',#6029);
#5397=PLANE('',#6030);
#5398=PLANE('',#6031);
#5399=PLANE('',#6032);
#5400=PLANE('',#6033);
#5401=PLANE('',#6034);
#5402=PLANE('',#6035);
#5403=PLANE('',#6036);
#5404=PLANE('',#6037);
#5405=PLANE('',#6038);
#5406=PLANE('',#6039);
#5407=PLANE('',#6040);
#5408=PLANE('',#6041);
#5409=PLANE('',#6042);
#5410=PLANE('',#6043);
#5411=PLANE('',#6044);
#5412=PLANE('',#6045);
#5413=PLANE('',#6046);
#5414=PLANE('',#6047);
#5415=PLANE('',#6048);
#5416=PLANE('',#6049);
#5417=PLANE('',#6050);
#5418=PLANE('',#6051);
#5419=PLANE('',#6052);
#5420=PLANE('',#6053);
#5421=PLANE('',#6054);
#5422=PLANE('',#6055);
#5423=PLANE('',#6056);
#5424=PLANE('',#6057);
#5425=PLANE('',#6058);
#5426=PLANE('',#6059);
#5427=PLANE('',#6060);
#5428=PLANE('',#6061);
#5429=PLANE('',#6062);
#5430=PLANE('',#6063);
#5431=PLANE('',#6064);
#5432=PLANE('',#6065);
#5433=PLANE('',#6066);
#5434=PLANE('',#6067);
#5435=PLANE('',#6068);
#5436=PLANE('',#6069);
#5437=PLANE('',#6070);
#5438=PLANE('',#6071);
#5439=PLANE('',#6072);
#5440=PLANE('',#6073);
#5441=PLANE('',#6074);
#5442=PLANE('',#6075);
#5443=PLANE('',#6076);
#5444=PLANE('',#6077);
#5445=PLANE('',#6078);
#5446=PLANE('',#6079);
#5447=PLANE('',#6080);
#5448=PLANE('',#6081);
#5449=PLANE('',#6082);
#5450=PLANE('',#6083);
#5451=PLANE('',#6084);
#5452=PLANE('',#6085);
#5453=PLANE('',#6086);
#5454=PLANE('',#6087);
#5455=PLANE('',#6088);
#5456=PLANE('',#6089);
#5457=PLANE('',#6090);
#5458=PLANE('',#6091);
#5459=PLANE('',#6092);
#5460=PLANE('',#6093);
#5461=PLANE('',#6094);
#5462=PLANE('',#6095);
#5463=PLANE('',#6096);
#5464=PLANE('',#6097);
#5465=PLANE('',#6098);
#5466=PLANE('',#6099);
#5467=PLANE('',#6100);
#5468=PLANE('',#6101);
#5469=PLANE('',#6102);
#5470=PLANE('',#6103);
#5471=PLANE('',#6104);
#5472=PLANE('',#6105);
#5473=PLANE('',#6106);
#5474=PLANE('',#6107);
#5475=PLANE('',#6108);
#5476=PLANE('',#6109);
#5477=PLANE('',#6110);
#5478=PLANE('',#6111);
#5479=PLANE('',#6112);
#5480=PLANE('',#6113);
#5481=PLANE('',#6114);
#5482=PLANE('',#6115);
#5483=PLANE('',#6116);
#5484=PLANE('',#6117);
#5485=PLANE('',#6118);
#5486=PLANE('',#6119);
#5487=PLANE('',#6120);
#5488=PLANE('',#6121);
#5489=PLANE('',#6122);
#5490=PLANE('',#6123);
#5491=PLANE('',#6124);
#5492=PLANE('',#6125);
#5493=PLANE('',#6126);
#5494=PLANE('',#6127);
#5495=PLANE('',#6128);
#5496=PLANE('',#6129);
#5497=PLANE('',#6130);
#5498=PLANE('',#6131);
#5499=PLANE('',#6132);
#5500=PLANE('',#6133);
#5501=PLANE('',#6134);
#5502=PLANE('',#6135);
#5503=PLANE('',#6136);
#5504=PLANE('',#6137);
#5505=PLANE('',#6138);
#5506=PLANE('',#6139);
#5507=PLANE('',#6140);
#5508=PLANE('',#6141);
#5509=PLANE('',#6142);
#5510=PLANE('',#6143);
#5511=PLANE('',#6144);
#5512=PLANE('',#6145);
#5513=PLANE('',#6146);
#5514=PLANE('',#6147);
#5515=PLANE('',#6148);
#5516=PLANE('',#6149);
#5517=PLANE('',#6150);
#5518=PLANE('',#6151);
#5519=PLANE('',#6152);
#5520=PLANE('',#6153);
#5521=PLANE('',#6154);
#5522=PLANE('',#6155);
#5523=PLANE('',#6156);
#5524=PLANE('',#6157);
#5525=PLANE('',#6158);
#5526=PLANE('',#6159);
#5527=PLANE('',#6160);
#5528=PLANE('',#6161);
#5529=PLANE('',#6162);
#5530=PLANE('',#6163);
#5531=PLANE('',#6164);
#5532=PLANE('',#6165);
#5533=PLANE('',#6166);
#5534=PLANE('',#6167);
#5535=PLANE('',#6168);
#5536=PLANE('',#6169);
#5537=PLANE('',#6170);
#5538=PLANE('',#6171);
#5539=PLANE('',#6172);
#5540=PLANE('',#6173);
#5541=PLANE('',#6174);
#5542=PLANE('',#6175);
#5543=PLANE('',#6176);
#5544=PLANE('',#6177);
#5545=PLANE('',#6178);
#5546=PLANE('',#6179);
#5547=PLANE('',#6180);
#5548=PLANE('',#6181);
#5549=PLANE('',#6182);
#5550=PLANE('',#6183);
#5551=PLANE('',#6184);
#5552=PLANE('',#6185);
#5553=PLANE('',#6186);
#5554=PLANE('',#6187);
#5555=PLANE('',#6188);
#5556=PLANE('',#6189);
#5557=PLANE('',#6190);
#5558=PLANE('',#6191);
#5559=PLANE('',#6192);
#5560=PLANE('',#6193);
#5561=PLANE('',#6194);
#5562=PLANE('',#6195);
#5563=PLANE('',#6196);
#5564=PLANE('',#6197);
#5565=PLANE('',#6198);
#5566=PLANE('',#6199);
#5567=PLANE('',#6200);
#5568=PLANE('',#6201);
#5569=PLANE('',#6202);
#5570=PLANE('',#6203);
#5571=PLANE('',#6204);
#5572=PLANE('',#6205);
#5573=PLANE('',#6206);
#5574=PLANE('',#6207);
#5575=ADVANCED_FACE('',(#59),#5266,.T.);
#5576=ADVANCED_FACE('',(#60),#5267,.T.);
#5577=ADVANCED_FACE('',(#61),#5268,.F.);
#5578=ADVANCED_FACE('',(#62),#5269,.F.);
#5579=ADVANCED_FACE('',(#63),#5270,.T.);
#5580=ADVANCED_FACE('',(#64),#5271,.T.);
#5581=ADVANCED_FACE('',(#65),#5272,.T.);
#5582=ADVANCED_FACE('',(#66),#5273,.F.);
#5583=ADVANCED_FACE('',(#67),#5274,.F.);
#5584=ADVANCED_FACE('',(#68),#5275,.T.);
#5585=ADVANCED_FACE('',(#69),#5276,.T.);
#5586=ADVANCED_FACE('',(#70),#5277,.T.);
#5587=ADVANCED_FACE('',(#71),#5278,.F.);
#5588=ADVANCED_FACE('',(#72),#5279,.F.);
#5589=ADVANCED_FACE('',(#73),#5280,.T.);
#5590=ADVANCED_FACE('',(#74),#5281,.T.);
#5591=ADVANCED_FACE('',(#75),#5282,.T.);
#5592=ADVANCED_FACE('',(#76),#5283,.F.);
#5593=ADVANCED_FACE('',(#77),#5284,.F.);
#5594=ADVANCED_FACE('',(#78),#5285,.T.);
#5595=ADVANCED_FACE('',(#79),#5286,.T.);
#5596=ADVANCED_FACE('',(#80),#5287,.T.);
#5597=ADVANCED_FACE('',(#81),#5288,.T.);
#5598=ADVANCED_FACE('',(#82),#5289,.T.);
#5599=ADVANCED_FACE('',(#83,#35,#36,#37,#38),#5290,.T.);
#5600=ADVANCED_FACE('',(#84),#5291,.T.);
#5601=ADVANCED_FACE('',(#85),#5292,.T.);
#5602=ADVANCED_FACE('',(#86),#5293,.T.);
#5603=ADVANCED_FACE('',(#87),#5294,.T.);
#5604=ADVANCED_FACE('',(#88),#5295,.T.);
#5605=ADVANCED_FACE('',(#89),#5296,.T.);
#5606=ADVANCED_FACE('',(#90),#5297,.T.);
#5607=ADVANCED_FACE('',(#91),#5298,.T.);
#5608=ADVANCED_FACE('',(#92),#5299,.T.);
#5609=ADVANCED_FACE('',(#93),#5300,.T.);
#5610=ADVANCED_FACE('',(#94),#5301,.T.);
#5611=ADVANCED_FACE('',(#95),#5302,.T.);
#5612=ADVANCED_FACE('',(#96),#5303,.T.);
#5613=ADVANCED_FACE('',(#97),#5304,.T.);
#5614=ADVANCED_FACE('',(#98),#5305,.T.);
#5615=ADVANCED_FACE('',(#99),#5306,.T.);
#5616=ADVANCED_FACE('',(#100,#39,#40,#41,#42),#5307,.T.);
#5617=ADVANCED_FACE('',(#101),#5308,.T.);
#5618=ADVANCED_FACE('',(#102),#5309,.T.);
#5619=ADVANCED_FACE('',(#103),#5310,.T.);
#5620=ADVANCED_FACE('',(#104),#5311,.T.);
#5621=ADVANCED_FACE('',(#105),#5312,.T.);
#5622=ADVANCED_FACE('',(#106),#5313,.T.);
#5623=ADVANCED_FACE('',(#107),#5314,.T.);
#5624=ADVANCED_FACE('',(#108),#5315,.T.);
#5625=ADVANCED_FACE('',(#109),#5316,.T.);
#5626=ADVANCED_FACE('',(#110),#5317,.T.);
#5627=ADVANCED_FACE('',(#111),#5318,.T.);
#5628=ADVANCED_FACE('',(#112),#5319,.T.);
#5629=ADVANCED_FACE('',(#113),#5320,.T.);
#5630=ADVANCED_FACE('',(#114),#5321,.T.);
#5631=ADVANCED_FACE('',(#115),#5322,.T.);
#5632=ADVANCED_FACE('',(#116),#5323,.T.);
#5633=ADVANCED_FACE('',(#117),#5324,.T.);
#5634=ADVANCED_FACE('',(#118),#5325,.T.);
#5635=ADVANCED_FACE('',(#119),#5326,.T.);
#5636=ADVANCED_FACE('',(#120),#5327,.T.);
#5637=ADVANCED_FACE('',(#121),#5328,.T.);
#5638=ADVANCED_FACE('',(#122),#5329,.F.);
#5639=ADVANCED_FACE('',(#123),#5330,.T.);
#5640=ADVANCED_FACE('',(#124),#5331,.T.);
#5641=ADVANCED_FACE('',(#125),#5332,.F.);
#5642=ADVANCED_FACE('',(#126),#5333,.F.);
#5643=ADVANCED_FACE('',(#127),#5334,.F.);
#5644=ADVANCED_FACE('',(#128),#5335,.T.);
#5645=ADVANCED_FACE('',(#129),#5336,.T.);
#5646=ADVANCED_FACE('',(#130),#5337,.F.);
#5647=ADVANCED_FACE('',(#131),#5338,.F.);
#5648=ADVANCED_FACE('',(#132),#5339,.T.);
#5649=ADVANCED_FACE('',(#133),#5340,.F.);
#5650=ADVANCED_FACE('',(#134),#5341,.T.);
#5651=ADVANCED_FACE('',(#135),#5342,.T.);
#5652=ADVANCED_FACE('',(#136),#5343,.F.);
#5653=ADVANCED_FACE('',(#137),#5344,.F.);
#5654=ADVANCED_FACE('',(#138),#5345,.F.);
#5655=ADVANCED_FACE('',(#139),#5346,.F.);
#5656=ADVANCED_FACE('',(#140),#5347,.T.);
#5657=ADVANCED_FACE('',(#141),#5348,.F.);
#5658=ADVANCED_FACE('',(#142),#5349,.T.);
#5659=ADVANCED_FACE('',(#143),#5350,.F.);
#5660=ADVANCED_FACE('',(#144),#5351,.F.);
#5661=ADVANCED_FACE('',(#145),#5352,.F.);
#5662=ADVANCED_FACE('',(#146),#5353,.F.);
#5663=ADVANCED_FACE('',(#147),#5354,.F.);
#5664=ADVANCED_FACE('',(#148),#5355,.F.);
#5665=ADVANCED_FACE('',(#149),#5356,.F.);
#5666=ADVANCED_FACE('',(#150),#5357,.F.);
#5667=ADVANCED_FACE('',(#151),#5358,.F.);
#5668=ADVANCED_FACE('',(#152),#5359,.F.);
#5669=ADVANCED_FACE('',(#153),#5360,.F.);
#5670=ADVANCED_FACE('',(#154),#5361,.F.);
#5671=ADVANCED_FACE('',(#155),#5362,.F.);
#5672=ADVANCED_FACE('',(#156),#5363,.F.);
#5673=ADVANCED_FACE('',(#157),#5364,.F.);
#5674=ADVANCED_FACE('',(#158),#5365,.F.);
#5675=ADVANCED_FACE('',(#159),#5366,.T.);
#5676=ADVANCED_FACE('',(#160),#5367,.T.);
#5677=ADVANCED_FACE('',(#161,#43,#44,#45,#46),#5368,.F.);
#5678=ADVANCED_FACE('',(#162),#5369,.T.);
#5679=ADVANCED_FACE('',(#163),#5370,.F.);
#5680=ADVANCED_FACE('',(#164),#5371,.F.);
#5681=ADVANCED_FACE('',(#165),#5372,.F.);
#5682=ADVANCED_FACE('',(#166),#5373,.F.);
#5683=ADVANCED_FACE('',(#167),#5374,.F.);
#5684=ADVANCED_FACE('',(#168),#5375,.F.);
#5685=ADVANCED_FACE('',(#169),#5376,.F.);
#5686=ADVANCED_FACE('',(#170),#5377,.F.);
#5687=ADVANCED_FACE('',(#171),#5378,.F.);
#5688=ADVANCED_FACE('',(#172),#5379,.F.);
#5689=ADVANCED_FACE('',(#173),#5380,.F.);
#5690=ADVANCED_FACE('',(#174),#5381,.F.);
#5691=ADVANCED_FACE('',(#175),#5382,.F.);
#5692=ADVANCED_FACE('',(#176),#5383,.F.);
#5693=ADVANCED_FACE('',(#177),#5384,.F.);
#5694=ADVANCED_FACE('',(#178),#5385,.F.);
#5695=ADVANCED_FACE('',(#179),#5386,.F.);
#5696=ADVANCED_FACE('',(#180),#5387,.F.);
#5697=ADVANCED_FACE('',(#181),#5388,.F.);
#5698=ADVANCED_FACE('',(#182),#5389,.F.);
#5699=ADVANCED_FACE('',(#183),#5390,.F.);
#5700=ADVANCED_FACE('',(#184),#5391,.F.);
#5701=ADVANCED_FACE('',(#185),#5392,.F.);
#5702=ADVANCED_FACE('',(#186),#5393,.F.);
#5703=ADVANCED_FACE('',(#187),#5394,.T.);
#5704=ADVANCED_FACE('',(#188),#5395,.F.);
#5705=ADVANCED_FACE('',(#189),#5396,.F.);
#5706=ADVANCED_FACE('',(#190),#5397,.F.);
#5707=ADVANCED_FACE('',(#191),#5398,.T.);
#5708=ADVANCED_FACE('',(#192),#5399,.F.);
#5709=ADVANCED_FACE('',(#193),#5400,.F.);
#5710=ADVANCED_FACE('',(#194),#5401,.F.);
#5711=ADVANCED_FACE('',(#195),#5402,.F.);
#5712=ADVANCED_FACE('',(#196),#5403,.T.);
#5713=ADVANCED_FACE('',(#197),#5404,.F.);
#5714=ADVANCED_FACE('',(#198),#5405,.F.);
#5715=ADVANCED_FACE('',(#199),#5406,.F.);
#5716=ADVANCED_FACE('',(#200),#5407,.F.);
#5717=ADVANCED_FACE('',(#201),#5408,.T.);
#5718=ADVANCED_FACE('',(#202),#5409,.F.);
#5719=ADVANCED_FACE('',(#203),#5410,.F.);
#5720=ADVANCED_FACE('',(#204),#5411,.T.);
#5721=ADVANCED_FACE('',(#205),#5412,.F.);
#5722=ADVANCED_FACE('',(#206),#5413,.F.);
#5723=ADVANCED_FACE('',(#207),#5414,.T.);
#5724=ADVANCED_FACE('',(#208),#5415,.F.);
#5725=ADVANCED_FACE('',(#209),#5416,.T.);
#5726=ADVANCED_FACE('',(#210),#5417,.T.);
#5727=ADVANCED_FACE('',(#211),#5418,.T.);
#5728=ADVANCED_FACE('',(#212),#5419,.T.);
#5729=ADVANCED_FACE('',(#213),#5420,.T.);
#5730=ADVANCED_FACE('',(#214),#5421,.T.);
#5731=ADVANCED_FACE('',(#215),#5422,.T.);
#5732=ADVANCED_FACE('',(#216),#5423,.T.);
#5733=ADVANCED_FACE('',(#217),#5424,.T.);
#5734=ADVANCED_FACE('',(#218),#5425,.T.);
#5735=ADVANCED_FACE('',(#219),#5426,.T.);
#5736=ADVANCED_FACE('',(#220),#5427,.T.);
#5737=ADVANCED_FACE('',(#221),#5428,.T.);
#5738=ADVANCED_FACE('',(#222),#5429,.T.);
#5739=ADVANCED_FACE('',(#223),#5430,.T.);
#5740=ADVANCED_FACE('',(#224),#5431,.T.);
#5741=ADVANCED_FACE('',(#225),#5432,.T.);
#5742=ADVANCED_FACE('',(#226),#5433,.T.);
#5743=ADVANCED_FACE('',(#227),#5434,.T.);
#5744=ADVANCED_FACE('',(#228),#5435,.T.);
#5745=ADVANCED_FACE('',(#229),#5436,.T.);
#5746=ADVANCED_FACE('',(#230),#5437,.T.);
#5747=ADVANCED_FACE('',(#231),#5438,.T.);
#5748=ADVANCED_FACE('',(#232),#5439,.T.);
#5749=ADVANCED_FACE('',(#233),#5440,.T.);
#5750=ADVANCED_FACE('',(#234),#5441,.T.);
#5751=ADVANCED_FACE('',(#235),#5442,.T.);
#5752=ADVANCED_FACE('',(#236),#5443,.T.);
#5753=ADVANCED_FACE('',(#237),#5444,.T.);
#5754=ADVANCED_FACE('',(#238),#5445,.T.);
#5755=ADVANCED_FACE('',(#239),#5446,.T.);
#5756=ADVANCED_FACE('',(#240),#5447,.T.);
#5757=ADVANCED_FACE('',(#241),#5448,.T.);
#5758=ADVANCED_FACE('',(#242),#5449,.T.);
#5759=ADVANCED_FACE('',(#243),#5450,.T.);
#5760=ADVANCED_FACE('',(#244),#5451,.T.);
#5761=ADVANCED_FACE('',(#245),#5452,.T.);
#5762=ADVANCED_FACE('',(#246),#5453,.T.);
#5763=ADVANCED_FACE('',(#247),#5454,.T.);
#5764=ADVANCED_FACE('',(#248),#5455,.T.);
#5765=ADVANCED_FACE('',(#249),#5456,.T.);
#5766=ADVANCED_FACE('',(#250),#5457,.T.);
#5767=ADVANCED_FACE('',(#251),#5458,.T.);
#5768=ADVANCED_FACE('',(#252),#5459,.T.);
#5769=ADVANCED_FACE('',(#253),#5460,.T.);
#5770=ADVANCED_FACE('',(#254),#5461,.T.);
#5771=ADVANCED_FACE('',(#255),#5462,.T.);
#5772=ADVANCED_FACE('',(#256),#5463,.T.);
#5773=ADVANCED_FACE('',(#257),#5464,.T.);
#5774=ADVANCED_FACE('',(#258),#5465,.T.);
#5775=ADVANCED_FACE('',(#259),#5466,.T.);
#5776=ADVANCED_FACE('',(#260),#5467,.T.);
#5777=ADVANCED_FACE('',(#261),#5468,.T.);
#5778=ADVANCED_FACE('',(#262),#5469,.T.);
#5779=ADVANCED_FACE('',(#263),#5470,.T.);
#5780=ADVANCED_FACE('',(#264),#5471,.T.);
#5781=ADVANCED_FACE('',(#265),#5472,.T.);
#5782=ADVANCED_FACE('',(#266),#5473,.T.);
#5783=ADVANCED_FACE('',(#267),#5474,.T.);
#5784=ADVANCED_FACE('',(#268),#5475,.T.);
#5785=ADVANCED_FACE('',(#269),#5476,.T.);
#5786=ADVANCED_FACE('',(#270),#5477,.T.);
#5787=ADVANCED_FACE('',(#271),#5478,.T.);
#5788=ADVANCED_FACE('',(#272),#5479,.T.);
#5789=ADVANCED_FACE('',(#273),#5480,.T.);
#5790=ADVANCED_FACE('',(#274),#5481,.T.);
#5791=ADVANCED_FACE('',(#275),#5482,.T.);
#5792=ADVANCED_FACE('',(#276),#5483,.T.);
#5793=ADVANCED_FACE('',(#277),#5484,.T.);
#5794=ADVANCED_FACE('',(#278),#5485,.T.);
#5795=ADVANCED_FACE('',(#279),#5486,.T.);
#5796=ADVANCED_FACE('',(#280),#5487,.T.);
#5797=ADVANCED_FACE('',(#281),#5488,.T.);
#5798=ADVANCED_FACE('',(#282),#5489,.T.);
#5799=ADVANCED_FACE('',(#283),#5490,.T.);
#5800=ADVANCED_FACE('',(#284),#5491,.T.);
#5801=ADVANCED_FACE('',(#285),#5492,.T.);
#5802=ADVANCED_FACE('',(#286),#5493,.T.);
#5803=ADVANCED_FACE('',(#287),#5494,.T.);
#5804=ADVANCED_FACE('',(#288),#5495,.T.);
#5805=ADVANCED_FACE('',(#289),#5496,.T.);
#5806=ADVANCED_FACE('',(#290),#5497,.T.);
#5807=ADVANCED_FACE('',(#291),#5498,.T.);
#5808=ADVANCED_FACE('',(#292),#5499,.T.);
#5809=ADVANCED_FACE('',(#293),#5500,.T.);
#5810=ADVANCED_FACE('',(#294),#5501,.T.);
#5811=ADVANCED_FACE('',(#295),#5502,.T.);
#5812=ADVANCED_FACE('',(#296),#5503,.T.);
#5813=ADVANCED_FACE('',(#297),#5504,.T.);
#5814=ADVANCED_FACE('',(#298),#5505,.T.);
#5815=ADVANCED_FACE('',(#299),#5506,.T.);
#5816=ADVANCED_FACE('',(#300),#5507,.T.);
#5817=ADVANCED_FACE('',(#301),#5508,.T.);
#5818=ADVANCED_FACE('',(#302),#5509,.T.);
#5819=ADVANCED_FACE('',(#303),#5510,.T.);
#5820=ADVANCED_FACE('',(#304),#5511,.T.);
#5821=ADVANCED_FACE('',(#305),#5512,.T.);
#5822=ADVANCED_FACE('',(#306),#5513,.T.);
#5823=ADVANCED_FACE('',(#307),#5514,.T.);
#5824=ADVANCED_FACE('',(#308),#5515,.T.);
#5825=ADVANCED_FACE('',(#309),#5516,.T.);
#5826=ADVANCED_FACE('',(#310),#5517,.T.);
#5827=ADVANCED_FACE('',(#311),#5518,.T.);
#5828=ADVANCED_FACE('',(#312),#5519,.T.);
#5829=ADVANCED_FACE('',(#313),#5520,.T.);
#5830=ADVANCED_FACE('',(#314),#5521,.T.);
#5831=ADVANCED_FACE('',(#315),#5522,.T.);
#5832=ADVANCED_FACE('',(#316),#5523,.T.);
#5833=ADVANCED_FACE('',(#317),#5524,.T.);
#5834=ADVANCED_FACE('',(#318),#5525,.T.);
#5835=ADVANCED_FACE('',(#319),#5526,.T.);
#5836=ADVANCED_FACE('',(#320),#5527,.F.);
#5837=ADVANCED_FACE('',(#321),#5528,.F.);
#5838=ADVANCED_FACE('',(#322),#5529,.F.);
#5839=ADVANCED_FACE('',(#323),#5530,.F.);
#5840=ADVANCED_FACE('',(#324),#5531,.F.);
#5841=ADVANCED_FACE('',(#325),#5532,.F.);
#5842=ADVANCED_FACE('',(#326),#5533,.F.);
#5843=ADVANCED_FACE('',(#327),#5534,.F.);
#5844=ADVANCED_FACE('',(#328),#5535,.F.);
#5845=ADVANCED_FACE('',(#329),#5536,.F.);
#5846=ADVANCED_FACE('',(#330),#5537,.F.);
#5847=ADVANCED_FACE('',(#331),#5538,.F.);
#5848=ADVANCED_FACE('',(#332),#5539,.F.);
#5849=ADVANCED_FACE('',(#333),#5540,.T.);
#5850=ADVANCED_FACE('',(#334),#5541,.F.);
#5851=ADVANCED_FACE('',(#335),#5542,.F.);
#5852=ADVANCED_FACE('',(#336),#5543,.T.);
#5853=ADVANCED_FACE('',(#337),#5544,.F.);
#5854=ADVANCED_FACE('',(#338),#5545,.F.);
#5855=ADVANCED_FACE('',(#339),#5546,.T.);
#5856=ADVANCED_FACE('',(#340),#5547,.F.);
#5857=ADVANCED_FACE('',(#341),#5548,.F.);
#5858=ADVANCED_FACE('',(#342),#5549,.T.);
#5859=ADVANCED_FACE('',(#343),#5550,.F.);
#5860=ADVANCED_FACE('',(#344),#5551,.F.);
#5861=ADVANCED_FACE('',(#345),#5552,.F.);
#5862=ADVANCED_FACE('',(#346),#5553,.F.);
#5863=ADVANCED_FACE('',(#347),#5554,.F.);
#5864=ADVANCED_FACE('',(#348),#5555,.F.);
#5865=ADVANCED_FACE('',(#349,#47,#48,#49,#50,#51,#52,#53,#54),#5556,.T.);
#5866=ADVANCED_FACE('',(#350),#5557,.T.);
#5867=ADVANCED_FACE('',(#351),#5558,.T.);
#5868=ADVANCED_FACE('',(#352),#5559,.T.);
#5869=ADVANCED_FACE('',(#353),#5560,.T.);
#5870=ADVANCED_FACE('',(#354),#5561,.T.);
#5871=ADVANCED_FACE('',(#355),#5562,.T.);
#5872=ADVANCED_FACE('',(#356),#5563,.T.);
#5873=ADVANCED_FACE('',(#357),#5564,.T.);
#5874=ADVANCED_FACE('',(#358),#5565,.T.);
#5875=ADVANCED_FACE('',(#359,#55,#56,#57,#58),#5566,.F.);
#5876=ADVANCED_FACE('',(#360),#5567,.T.);
#5877=ADVANCED_FACE('',(#361),#5568,.T.);
#5878=ADVANCED_FACE('',(#362),#5569,.T.);
#5879=ADVANCED_FACE('',(#363),#5570,.T.);
#5880=ADVANCED_FACE('',(#364),#5571,.T.);
#5881=ADVANCED_FACE('',(#365),#5572,.T.);
#5882=ADVANCED_FACE('',(#366),#5573,.T.);
#5883=ADVANCED_FACE('',(#367),#5574,.T.);
#5884=CLOSED_SHELL('',(#5575,#5576,#5577,#5578,#5579,#5580,#5581,#5582,
#5583,#5584,#5585,#5586,#5587,#5588,#5589,#5590,#5591,#5592,#5593,#5594,
#5595,#5596,#5597,#5598,#5599,#5600,#5601,#5602,#5603,#5604,#5605,#5606,
#5607,#5608,#5609,#5610,#5611,#5612,#5613,#5614,#5615,#5616,#5617,#5618,
#5619,#5620,#5621,#5622,#5623,#5624,#5625,#5626,#5627,#5628,#5629,#5630));
#5885=CLOSED_SHELL('',(#5631,#5632,#5633,#5634,#5635,#5636,#5637,#5638,
#5639,#5640,#5641,#5642,#5643,#5644,#5645,#5646,#5647,#5648,#5649,#5650,
#5651,#5652,#5653,#5654,#5655,#5656,#5657,#5658,#5659,#5660,#5661,#5662,
#5663,#5664,#5665,#5666,#5667,#5668,#5669,#5670,#5671,#5672,#5673,#5674,
#5675,#5676,#5677,#5678,#5679,#5680,#5681,#5682,#5683,#5684,#5685,#5686,
#5687,#5688,#5689,#5690,#5691,#5692,#5693,#5694,#5695,#5696,#5697,#5698,
#5699,#5700,#5701,#5702,#5703,#5704,#5705,#5706,#5707,#5708,#5709,#5710,
#5711,#5712,#5713,#5714,#5715,#5716,#5717,#5718,#5719,#5720,#5721,#5722,
#5723,#5724,#5725,#5726,#5727,#5728,#5729,#5730,#5731,#5732,#5733,#5734,
#5735,#5736,#5737,#5738,#5739,#5740,#5741,#5742,#5743,#5744,#5745,#5746,
#5747,#5748,#5749,#5750,#5751,#5752,#5753,#5754,#5755,#5756,#5757,#5758,
#5759,#5760,#5761,#5762,#5763,#5764,#5765,#5766,#5767,#5768,#5769,#5770,
#5771,#5772,#5773,#5774,#5775,#5776,#5777,#5778,#5779,#5780,#5781,#5782,
#5783,#5784,#5785,#5786,#5787,#5788,#5789,#5790,#5791,#5792,#5793,#5794,
#5795,#5796,#5797,#5798,#5799,#5800,#5801,#5802,#5803,#5804,#5805,#5806,
#5807,#5808,#5809,#5810,#5811,#5812,#5813,#5814,#5815,#5816,#5817,#5818,
#5819,#5820,#5821,#5822,#5823,#5824,#5825,#5826,#5827,#5828,#5829,#5830,
#5831,#5832,#5833,#5834,#5835,#5836,#5837,#5838,#5839,#5840,#5841,#5842,
#5843,#5844,#5845,#5846,#5847,#5848,#5849,#5850,#5851,#5852,#5853,#5854,
#5855,#5856,#5857,#5858,#5859,#5860,#5861,#5862,#5863,#5864,#5865,#5866,
#5867,#5868,#5869,#5870,#5871,#5872,#5873,#5874,#5875,#5876,#5877,#5878,
#5879,#5880,#5881,#5882,#5883));
#5886=DERIVED_UNIT_ELEMENT(#5888,1.);
#5887=DERIVED_UNIT_ELEMENT(#9341,-3.);
#5888=(
MASS_UNIT()
NAMED_UNIT(*)
SI_UNIT(.KILO.,.GRAM.)
);
#5889=DERIVED_UNIT((#5886,#5887));
#5890=MEASURE_REPRESENTATION_ITEM('density measure',
POSITIVE_RATIO_MEASURE(7850.),#5889);
#5891=PROPERTY_DEFINITION_REPRESENTATION(#5896,#5893);
#5892=PROPERTY_DEFINITION_REPRESENTATION(#5897,#5894);
#5893=REPRESENTATION('material name',(#5895),#9338);
#5894=REPRESENTATION('density',(#5890),#9338);
#5895=DESCRIPTIVE_REPRESENTATION_ITEM('Steel','Steel');
#5896=PROPERTY_DEFINITION('material property','material name',#9348);
#5897=PROPERTY_DEFINITION('material property','density of part',#9348);
#5898=AXIS2_PLACEMENT_3D('',#7629,#6208,#6209);
#5899=AXIS2_PLACEMENT_3D('',#7630,#6210,#6211);
#5900=AXIS2_PLACEMENT_3D('',#7639,#6216,#6217);
#5901=AXIS2_PLACEMENT_3D('',#7647,#6222,#6223);
#5902=AXIS2_PLACEMENT_3D('',#7653,#6227,#6228);
#5903=AXIS2_PLACEMENT_3D('',#7655,#6230,#6231);
#5904=AXIS2_PLACEMENT_3D('',#7661,#6235,#6236);
#5905=AXIS2_PLACEMENT_3D('',#7670,#6241,#6242);
#5906=AXIS2_PLACEMENT_3D('',#7678,#6247,#6248);
#5907=AXIS2_PLACEMENT_3D('',#7684,#6252,#6253);
#5908=AXIS2_PLACEMENT_3D('',#7686,#6255,#6256);
#5909=AXIS2_PLACEMENT_3D('',#7692,#6260,#6261);
#5910=AXIS2_PLACEMENT_3D('',#7701,#6266,#6267);
#5911=AXIS2_PLACEMENT_3D('',#7709,#6272,#6273);
#5912=AXIS2_PLACEMENT_3D('',#7715,#6277,#6278);
#5913=AXIS2_PLACEMENT_3D('',#7717,#6280,#6281);
#5914=AXIS2_PLACEMENT_3D('',#7723,#6285,#6286);
#5915=AXIS2_PLACEMENT_3D('',#7732,#6291,#6292);
#5916=AXIS2_PLACEMENT_3D('',#7740,#6297,#6298);
#5917=AXIS2_PLACEMENT_3D('',#7746,#6302,#6303);
#5918=AXIS2_PLACEMENT_3D('',#7748,#6305,#6306);
#5919=AXIS2_PLACEMENT_3D('',#7754,#6310,#6311);
#5920=AXIS2_PLACEMENT_3D('',#7763,#6316,#6317);
#5921=AXIS2_PLACEMENT_3D('',#7767,#6320,#6321);
#5922=AXIS2_PLACEMENT_3D('',#7770,#6324,#6325);
#5923=AXIS2_PLACEMENT_3D('',#7776,#6329,#6330);
#5924=AXIS2_PLACEMENT_3D('',#7821,#6355,#6356);
#5925=AXIS2_PLACEMENT_3D('',#7823,#6358,#6359);
#5926=AXIS2_PLACEMENT_3D('',#7829,#6363,#6364);
#5927=AXIS2_PLACEMENT_3D('',#7831,#6366,#6367);
#5928=AXIS2_PLACEMENT_3D('',#7833,#6369,#6370);
#5929=AXIS2_PLACEMENT_3D('',#7837,#6373,#6374);
#5930=AXIS2_PLACEMENT_3D('',#7839,#6376,#6377);
#5931=AXIS2_PLACEMENT_3D('',#7845,#6381,#6382);
#5932=AXIS2_PLACEMENT_3D('',#7847,#6384,#6385);
#5933=AXIS2_PLACEMENT_3D('',#7849,#6387,#6388);
#5934=AXIS2_PLACEMENT_3D('',#7853,#6391,#6392);
#5935=AXIS2_PLACEMENT_3D('',#7855,#6394,#6395);
#5936=AXIS2_PLACEMENT_3D('',#7864,#6401,#6402);
#5937=AXIS2_PLACEMENT_3D('',#7867,#6405,#6406);
#5938=AXIS2_PLACEMENT_3D('',#7868,#6407,#6408);
#5939=AXIS2_PLACEMENT_3D('',#7869,#6409,#6410);
#5940=AXIS2_PLACEMENT_3D('',#7871,#6412,#6413);
#5941=AXIS2_PLACEMENT_3D('',#7896,#6426,#6427);
#5942=AXIS2_PLACEMENT_3D('',#7899,#6430,#6431);
#5943=AXIS2_PLACEMENT_3D('',#7905,#6435,#6436);
#5944=AXIS2_PLACEMENT_3D('',#7908,#6439,#6440);
#5945=AXIS2_PLACEMENT_3D('',#7911,#6443,#6444);
#5946=AXIS2_PLACEMENT_3D('',#7912,#6445,#6446);
#5947=AXIS2_PLACEMENT_3D('',#7914,#6448,#6449);
#5948=AXIS2_PLACEMENT_3D('',#7915,#6450,#6451);
#5949=AXIS2_PLACEMENT_3D('',#7920,#6455,#6456);
#5950=AXIS2_PLACEMENT_3D('',#7924,#6459,#6460);
#5951=AXIS2_PLACEMENT_3D('',#7927,#6463,#6464);
#5952=AXIS2_PLACEMENT_3D('',#7928,#6465,#6466);
#5953=AXIS2_PLACEMENT_3D('',#7930,#6468,#6469);
#5954=AXIS2_PLACEMENT_3D('',#7931,#6470,#6471);
#5955=AXIS2_PLACEMENT_3D('',#7932,#6472,#6473);
#5956=AXIS2_PLACEMENT_3D('',#7941,#6478,#6479);
#5957=AXIS2_PLACEMENT_3D('',#7947,#6483,#6484);
#5958=AXIS2_PLACEMENT_3D('',#7961,#6492,#6493);
#5959=AXIS2_PLACEMENT_3D('',#7970,#6498,#6499);
#5960=AXIS2_PLACEMENT_3D('',#7976,#6503,#6504);
#5961=AXIS2_PLACEMENT_3D('',#7993,#6507,#6508);
#5962=AXIS2_PLACEMENT_3D('',#8018,#6518,#6519);
#5963=AXIS2_PLACEMENT_3D('',#8035,#6528,#6529);
#5964=AXIS2_PLACEMENT_3D('',#8052,#6532,#6533);
#5965=AXIS2_PLACEMENT_3D('',#8068,#6536,#6537);
#5966=AXIS2_PLACEMENT_3D('',#8076,#6542,#6543);
#5967=AXIS2_PLACEMENT_3D('',#8084,#6548,#6549);
#5968=AXIS2_PLACEMENT_3D('',#8092,#6554,#6555);
#5969=AXIS2_PLACEMENT_3D('',#8108,#6558,#6559);
#5970=AXIS2_PLACEMENT_3D('',#8124,#6562,#6563);
#5971=AXIS2_PLACEMENT_3D('',#8141,#6572,#6573);
#5972=AXIS2_PLACEMENT_3D('',#8150,#6578,#6579);
#5973=AXIS2_PLACEMENT_3D('',#8166,#6582,#6583);
#5974=AXIS2_PLACEMENT_3D('',#8174,#6588,#6589);
#5975=AXIS2_PLACEMENT_3D('',#8189,#6592,#6593);
#5976=AXIS2_PLACEMENT_3D('',#8206,#6596,#6597);
#5977=AXIS2_PLACEMENT_3D('',#8214,#6602,#6603);
#5978=AXIS2_PLACEMENT_3D('',#8222,#6608,#6609);
#5979=AXIS2_PLACEMENT_3D('',#8231,#6614,#6615);
#5980=AXIS2_PLACEMENT_3D('',#8238,#6620,#6621);
#5981=AXIS2_PLACEMENT_3D('',#8263,#6631,#6632);
#5982=AXIS2_PLACEMENT_3D('',#8270,#6637,#6638);
#5983=AXIS2_PLACEMENT_3D('',#8276,#6642,#6643);
#5984=AXIS2_PLACEMENT_3D('',#8285,#6648,#6649);
#5985=AXIS2_PLACEMENT_3D('',#8291,#6653,#6654);
#5986=AXIS2_PLACEMENT_3D('',#8297,#6658,#6659);
#5987=AXIS2_PLACEMENT_3D('',#8299,#6661,#6662);
#5988=AXIS2_PLACEMENT_3D('',#8308,#6667,#6668);
#5989=AXIS2_PLACEMENT_3D('',#8314,#6672,#6673);
#5990=AXIS2_PLACEMENT_3D('',#8320,#6677,#6678);
#5991=AXIS2_PLACEMENT_3D('',#8322,#6680,#6681);
#5992=AXIS2_PLACEMENT_3D('',#8331,#6686,#6687);
#5993=AXIS2_PLACEMENT_3D('',#8340,#6692,#6693);
#5994=AXIS2_PLACEMENT_3D('',#8343,#6696,#6697);
#5995=AXIS2_PLACEMENT_3D('',#8345,#6699,#6700);
#5996=AXIS2_PLACEMENT_3D('',#8354,#6705,#6706);
#5997=AXIS2_PLACEMENT_3D('',#8360,#6710,#6711);
#5998=AXIS2_PLACEMENT_3D('',#8366,#6715,#6716);
#5999=AXIS2_PLACEMENT_3D('',#8368,#6718,#6719);
#6000=AXIS2_PLACEMENT_3D('',#8378,#6725,#6726);
#6001=AXIS2_PLACEMENT_3D('',#8388,#6732,#6733);
#6002=AXIS2_PLACEMENT_3D('',#8491,#6788,#6789);
#6003=AXIS2_PLACEMENT_3D('',#8497,#6793,#6794);
#6004=AXIS2_PLACEMENT_3D('',#8506,#6799,#6800);
#6005=AXIS2_PLACEMENT_3D('',#8515,#6805,#6806);
#6006=AXIS2_PLACEMENT_3D('',#8518,#6809,#6810);
#6007=AXIS2_PLACEMENT_3D('',#8527,#6815,#6816);
#6008=AXIS2_PLACEMENT_3D('',#8536,#6821,#6822);
#6009=AXIS2_PLACEMENT_3D('',#8539,#6825,#6826);
#6010=AXIS2_PLACEMENT_3D('',#8548,#6831,#6832);
#6011=AXIS2_PLACEMENT_3D('',#8557,#6837,#6838);
#6012=AXIS2_PLACEMENT_3D('',#8560,#6841,#6842);
#6013=AXIS2_PLACEMENT_3D('',#8569,#6847,#6848);
#6014=AXIS2_PLACEMENT_3D('',#8578,#6853,#6854);
#6015=AXIS2_PLACEMENT_3D('',#8581,#6857,#6858);
#6016=AXIS2_PLACEMENT_3D('',#8589,#6863,#6864);
#6017=AXIS2_PLACEMENT_3D('',#8597,#6869,#6870);
#6018=AXIS2_PLACEMENT_3D('',#8600,#6873,#6874);
#6019=AXIS2_PLACEMENT_3D('',#8608,#6879,#6880);
#6020=AXIS2_PLACEMENT_3D('',#8616,#6885,#6886);
#6021=AXIS2_PLACEMENT_3D('',#8619,#6889,#6890);
#6022=AXIS2_PLACEMENT_3D('',#8627,#6895,#6896);
#6023=AXIS2_PLACEMENT_3D('',#8635,#6901,#6902);
#6024=AXIS2_PLACEMENT_3D('',#8638,#6905,#6906);
#6025=AXIS2_PLACEMENT_3D('',#8646,#6911,#6912);
#6026=AXIS2_PLACEMENT_3D('',#8654,#6917,#6918);
#6027=AXIS2_PLACEMENT_3D('',#8657,#6921,#6922);
#6028=AXIS2_PLACEMENT_3D('',#8659,#6924,#6925);
#6029=AXIS2_PLACEMENT_3D('',#8663,#6928,#6929);
#6030=AXIS2_PLACEMENT_3D('',#8667,#6932,#6933);
#6031=AXIS2_PLACEMENT_3D('',#8671,#6936,#6937);
#6032=AXIS2_PLACEMENT_3D('',#8679,#6942,#6943);
#6033=AXIS2_PLACEMENT_3D('',#8684,#6947,#6948);
#6034=AXIS2_PLACEMENT_3D('',#8688,#6951,#6952);
#6035=AXIS2_PLACEMENT_3D('',#8692,#6955,#6956);
#6036=AXIS2_PLACEMENT_3D('',#8696,#6959,#6960);
#6037=AXIS2_PLACEMENT_3D('',#8704,#6965,#6966);
#6038=AXIS2_PLACEMENT_3D('',#8709,#6970,#6971);
#6039=AXIS2_PLACEMENT_3D('',#8713,#6974,#6975);
#6040=AXIS2_PLACEMENT_3D('',#8717,#6978,#6979);
#6041=AXIS2_PLACEMENT_3D('',#8721,#6982,#6983);
#6042=AXIS2_PLACEMENT_3D('',#8729,#6988,#6989);
#6043=AXIS2_PLACEMENT_3D('',#8734,#6993,#6994);
#6044=AXIS2_PLACEMENT_3D('',#8740,#6998,#6999);
#6045=AXIS2_PLACEMENT_3D('',#8744,#7002,#7003);
#6046=AXIS2_PLACEMENT_3D('',#8748,#7006,#7007);
#6047=AXIS2_PLACEMENT_3D('',#8752,#7010,#7011);
#6048=AXIS2_PLACEMENT_3D('',#8760,#7016,#7017);
#6049=AXIS2_PLACEMENT_3D('',#8765,#7021,#7022);
#6050=AXIS2_PLACEMENT_3D('',#8771,#7027,#7028);
#6051=AXIS2_PLACEMENT_3D('',#8777,#7032,#7033);
#6052=AXIS2_PLACEMENT_3D('',#8781,#7036,#7037);
#6053=AXIS2_PLACEMENT_3D('',#8785,#7040,#7041);
#6054=AXIS2_PLACEMENT_3D('',#8788,#7044,#7045);
#6055=AXIS2_PLACEMENT_3D('',#8794,#7049,#7050);
#6056=AXIS2_PLACEMENT_3D('',#8798,#7053,#7054);
#6057=AXIS2_PLACEMENT_3D('',#8800,#7056,#7057);
#6058=AXIS2_PLACEMENT_3D('',#8803,#7060,#7061);
#6059=AXIS2_PLACEMENT_3D('',#8809,#7065,#7066);
#6060=AXIS2_PLACEMENT_3D('',#8813,#7069,#7070);
#6061=AXIS2_PLACEMENT_3D('',#8815,#7072,#7073);
#6062=AXIS2_PLACEMENT_3D('',#8818,#7076,#7077);
#6063=AXIS2_PLACEMENT_3D('',#8824,#7081,#7082);
#6064=AXIS2_PLACEMENT_3D('',#8828,#7085,#7086);
#6065=AXIS2_PLACEMENT_3D('',#8832,#7089,#7090);
#6066=AXIS2_PLACEMENT_3D('',#8835,#7093,#7094);
#6067=AXIS2_PLACEMENT_3D('',#8841,#7098,#7099);
#6068=AXIS2_PLACEMENT_3D('',#8843,#7101,#7102);
#6069=AXIS2_PLACEMENT_3D('',#8845,#7104,#7105);
#6070=AXIS2_PLACEMENT_3D('',#8847,#7107,#7108);
#6071=AXIS2_PLACEMENT_3D('',#8853,#7112,#7113);
#6072=AXIS2_PLACEMENT_3D('',#8857,#7116,#7117);
#6073=AXIS2_PLACEMENT_3D('',#8861,#7120,#7121);
#6074=AXIS2_PLACEMENT_3D('',#8863,#7123,#7124);
#6075=AXIS2_PLACEMENT_3D('',#8869,#7128,#7129);
#6076=AXIS2_PLACEMENT_3D('',#8873,#7132,#7133);
#6077=AXIS2_PLACEMENT_3D('',#8877,#7136,#7137);
#6078=AXIS2_PLACEMENT_3D('',#8881,#7141,#7142);
#6079=AXIS2_PLACEMENT_3D('',#8885,#7145,#7146);
#6080=AXIS2_PLACEMENT_3D('',#8889,#7149,#7150);
#6081=AXIS2_PLACEMENT_3D('',#8891,#7152,#7153);
#6082=AXIS2_PLACEMENT_3D('',#8895,#7156,#7157);
#6083=AXIS2_PLACEMENT_3D('',#8899,#7160,#7161);
#6084=AXIS2_PLACEMENT_3D('',#8903,#7164,#7165);
#6085=AXIS2_PLACEMENT_3D('',#8907,#7168,#7169);
#6086=AXIS2_PLACEMENT_3D('',#8911,#7172,#7173);
#6087=AXIS2_PLACEMENT_3D('',#8915,#7176,#7177);
#6088=AXIS2_PLACEMENT_3D('',#8917,#7179,#7180);
#6089=AXIS2_PLACEMENT_3D('',#8923,#7184,#7185);
#6090=AXIS2_PLACEMENT_3D('',#8927,#7188,#7189);
#6091=AXIS2_PLACEMENT_3D('',#8931,#7192,#7193);
#6092=AXIS2_PLACEMENT_3D('',#8935,#7196,#7197);
#6093=AXIS2_PLACEMENT_3D('',#8939,#7200,#7201);
#6094=AXIS2_PLACEMENT_3D('',#8943,#7204,#7205);
#6095=AXIS2_PLACEMENT_3D('',#8947,#7208,#7209);
#6096=AXIS2_PLACEMENT_3D('',#8949,#7211,#7212);
#6097=AXIS2_PLACEMENT_3D('',#8955,#7216,#7217);
#6098=AXIS2_PLACEMENT_3D('',#8959,#7220,#7221);
#6099=AXIS2_PLACEMENT_3D('',#8963,#7224,#7225);
#6100=AXIS2_PLACEMENT_3D('',#8967,#7228,#7229);
#6101=AXIS2_PLACEMENT_3D('',#8971,#7232,#7233);
#6102=AXIS2_PLACEMENT_3D('',#8975,#7236,#7237);
#6103=AXIS2_PLACEMENT_3D('',#8979,#7240,#7241);
#6104=AXIS2_PLACEMENT_3D('',#8983,#7244,#7245);
#6105=AXIS2_PLACEMENT_3D('',#8987,#7248,#7249);
#6106=AXIS2_PLACEMENT_3D('',#8989,#7251,#7252);
#6107=AXIS2_PLACEMENT_3D('',#8995,#7256,#7257);
#6108=AXIS2_PLACEMENT_3D('',#8999,#7260,#7261);
#6109=AXIS2_PLACEMENT_3D('',#9003,#7264,#7265);
#6110=AXIS2_PLACEMENT_3D('',#9007,#7269,#7270);
#6111=AXIS2_PLACEMENT_3D('',#9011,#7273,#7274);
#6112=AXIS2_PLACEMENT_3D('',#9015,#7277,#7278);
#6113=AXIS2_PLACEMENT_3D('',#9019,#7281,#7282);
#6114=AXIS2_PLACEMENT_3D('',#9022,#7285,#7286);
#6115=AXIS2_PLACEMENT_3D('',#9026,#7289,#7290);
#6116=AXIS2_PLACEMENT_3D('',#9030,#7293,#7294);
#6117=AXIS2_PLACEMENT_3D('',#9034,#7297,#7298);
#6118=AXIS2_PLACEMENT_3D('',#9037,#7301,#7302);
#6119=AXIS2_PLACEMENT_3D('',#9039,#7304,#7305);
#6120=AXIS2_PLACEMENT_3D('',#9043,#7308,#7309);
#6121=AXIS2_PLACEMENT_3D('',#9047,#7312,#7313);
#6122=AXIS2_PLACEMENT_3D('',#9049,#7315,#7316);
#6123=AXIS2_PLACEMENT_3D('',#9055,#7320,#7321);
#6124=AXIS2_PLACEMENT_3D('',#9060,#7325,#7326);
#6125=AXIS2_PLACEMENT_3D('',#9064,#7329,#7330);
#6126=AXIS2_PLACEMENT_3D('',#9067,#7333,#7334);
#6127=AXIS2_PLACEMENT_3D('',#9071,#7337,#7338);
#6128=AXIS2_PLACEMENT_3D('',#9075,#7341,#7342);
#6129=AXIS2_PLACEMENT_3D('',#9080,#7346,#7347);
#6130=AXIS2_PLACEMENT_3D('',#9082,#7349,#7350);
#6131=AXIS2_PLACEMENT_3D('',#9086,#7353,#7354);
#6132=AXIS2_PLACEMENT_3D('',#9090,#7357,#7358);
#6133=AXIS2_PLACEMENT_3D('',#9094,#7361,#7362);
#6134=AXIS2_PLACEMENT_3D('',#9096,#7364,#7365);
#6135=AXIS2_PLACEMENT_3D('',#9100,#7368,#7369);
#6136=AXIS2_PLACEMENT_3D('',#9105,#7373,#7374);
#6137=AXIS2_PLACEMENT_3D('',#9109,#7377,#7378);
#6138=AXIS2_PLACEMENT_3D('',#9111,#7380,#7381);
#6139=AXIS2_PLACEMENT_3D('',#9115,#7384,#7385);
#6140=AXIS2_PLACEMENT_3D('',#9119,#7388,#7389);
#6141=AXIS2_PLACEMENT_3D('',#9124,#7393,#7394);
#6142=AXIS2_PLACEMENT_3D('',#9126,#7396,#7397);
#6143=AXIS2_PLACEMENT_3D('',#9130,#7400,#7401);
#6144=AXIS2_PLACEMENT_3D('',#9134,#7404,#7405);
#6145=AXIS2_PLACEMENT_3D('',#9139,#7409,#7410);
#6146=AXIS2_PLACEMENT_3D('',#9141,#7412,#7413);
#6147=AXIS2_PLACEMENT_3D('',#9145,#7416,#7417);
#6148=AXIS2_PLACEMENT_3D('',#9149,#7420,#7421);
#6149=AXIS2_PLACEMENT_3D('',#9153,#7424,#7425);
#6150=AXIS2_PLACEMENT_3D('',#9155,#7427,#7428);
#6151=AXIS2_PLACEMENT_3D('',#9161,#7432,#7433);
#6152=AXIS2_PLACEMENT_3D('',#9165,#7436,#7437);
#6153=AXIS2_PLACEMENT_3D('',#9169,#7440,#7441);
#6154=AXIS2_PLACEMENT_3D('',#9173,#7444,#7445);
#6155=AXIS2_PLACEMENT_3D('',#9177,#7448,#7449);
#6156=AXIS2_PLACEMENT_3D('',#9181,#7452,#7453);
#6157=AXIS2_PLACEMENT_3D('',#9185,#7456,#7457);
#6158=AXIS2_PLACEMENT_3D('',#9187,#7459,#7460);
#6159=AXIS2_PLACEMENT_3D('',#9188,#7461,#7462);
#6160=AXIS2_PLACEMENT_3D('',#9189,#7463,#7464);
#6161=AXIS2_PLACEMENT_3D('',#9193,#7467,#7468);
#6162=AXIS2_PLACEMENT_3D('',#9197,#7471,#7472);
#6163=AXIS2_PLACEMENT_3D('',#9201,#7475,#7476);
#6164=AXIS2_PLACEMENT_3D('',#9205,#7479,#7480);
#6165=AXIS2_PLACEMENT_3D('',#9206,#7481,#7482);
#6166=AXIS2_PLACEMENT_3D('',#9208,#7484,#7485);
#6167=AXIS2_PLACEMENT_3D('',#9209,#7486,#7487);
#6168=AXIS2_PLACEMENT_3D('',#9211,#7489,#7490);
#6169=AXIS2_PLACEMENT_3D('',#9212,#7491,#7492);
#6170=AXIS2_PLACEMENT_3D('',#9214,#7494,#7495);
#6171=AXIS2_PLACEMENT_3D('',#9215,#7496,#7497);
#6172=AXIS2_PLACEMENT_3D('',#9217,#7499,#7500);
#6173=AXIS2_PLACEMENT_3D('',#9221,#7503,#7504);
#6174=AXIS2_PLACEMENT_3D('',#9225,#7507,#7508);
#6175=AXIS2_PLACEMENT_3D('',#9229,#7511,#7512);
#6176=AXIS2_PLACEMENT_3D('',#9233,#7515,#7516);
#6177=AXIS2_PLACEMENT_3D('',#9237,#7519,#7520);
#6178=AXIS2_PLACEMENT_3D('',#9241,#7523,#7524);
#6179=AXIS2_PLACEMENT_3D('',#9245,#7527,#7528);
#6180=AXIS2_PLACEMENT_3D('',#9249,#7531,#7532);
#6181=AXIS2_PLACEMENT_3D('',#9253,#7535,#7536);
#6182=AXIS2_PLACEMENT_3D('',#9257,#7539,#7540);
#6183=AXIS2_PLACEMENT_3D('',#9261,#7543,#7544);
#6184=AXIS2_PLACEMENT_3D('',#9265,#7547,#7548);
#6185=AXIS2_PLACEMENT_3D('',#9269,#7551,#7552);
#6186=AXIS2_PLACEMENT_3D('',#9273,#7555,#7556);
#6187=AXIS2_PLACEMENT_3D('',#9277,#7559,#7560);
#6188=AXIS2_PLACEMENT_3D('',#9281,#7563,#7564);
#6189=AXIS2_PLACEMENT_3D('',#9285,#7567,#7568);
#6190=AXIS2_PLACEMENT_3D('',#9287,#7570,#7571);
#6191=AXIS2_PLACEMENT_3D('',#9291,#7574,#7575);
#6192=AXIS2_PLACEMENT_3D('',#9295,#7578,#7579);
#6193=AXIS2_PLACEMENT_3D('',#9299,#7582,#7583);
#6194=AXIS2_PLACEMENT_3D('',#9303,#7586,#7587);
#6195=AXIS2_PLACEMENT_3D('',#9307,#7590,#7591);
#6196=AXIS2_PLACEMENT_3D('',#9311,#7594,#7595);
#6197=AXIS2_PLACEMENT_3D('',#9317,#7599,#7600);
#6198=AXIS2_PLACEMENT_3D('',#9319,#7602,#7603);
#6199=AXIS2_PLACEMENT_3D('',#9321,#7605,#7606);
#6200=AXIS2_PLACEMENT_3D('',#9325,#7610,#7611);
#6201=AXIS2_PLACEMENT_3D('',#9326,#7612,#7613);
#6202=AXIS2_PLACEMENT_3D('',#9327,#7614,#7615);
#6203=AXIS2_PLACEMENT_3D('',#9328,#7616,#7617);
#6204=AXIS2_PLACEMENT_3D('',#9330,#7619,#7620);
#6205=AXIS2_PLACEMENT_3D('',#9331,#7621,#7622);
#6206=AXIS2_PLACEMENT_3D('',#9333,#7624,#7625);
#6207=AXIS2_PLACEMENT_3D('',#9335,#7627,#7628);
#6208=DIRECTION('axis',(0.,0.,1.));
#6209=DIRECTION('refdir',(1.,0.,0.));
#6210=DIRECTION('center_axis',(-1.,0.,0.));
#6211=DIRECTION('ref_axis',(0.,0.,1.));
#6212=DIRECTION('',(0.,0.,-1.));
#6213=DIRECTION('',(0.,1.,0.));
#6214=DIRECTION('',(0.,0.,1.));
#6215=DIRECTION('',(0.,-1.,0.));
#6216=DIRECTION('center_axis',(0.,0.,-1.));
#6217=DIRECTION('ref_axis',(0.,-1.,0.));
#6218=DIRECTION('',(0.,1.,0.));
#6219=DIRECTION('',(1.,0.,0.));
#6220=DIRECTION('',(0.,-1.,0.));
#6221=DIRECTION('',(-1.,0.,0.));
#6222=DIRECTION('center_axis',(-1.,0.,0.));
#6223=DIRECTION('ref_axis',(0.,1.,0.));
#6224=DIRECTION('',(0.,0.,1.));
#6225=DIRECTION('',(0.,-1.,0.));
#6226=DIRECTION('',(0.,0.,-1.));
#6227=DIRECTION('center_axis',(0.,-1.,0.));
#6228=DIRECTION('ref_axis',(-1.,0.,0.));
#6229=DIRECTION('',(0.999999398053112,0.,0.00109722076762328));
#6230=DIRECTION('center_axis',(0.,-1.,0.));
#6231=DIRECTION('ref_axis',(0.,0.,-1.));
#6232=DIRECTION('',(-1.,0.,0.));
#6233=DIRECTION('',(0.,0.,-1.));
#6234=DIRECTION('',(0.999999398053112,0.,0.00109722076762328));
#6235=DIRECTION('center_axis',(-1.,0.,0.));
#6236=DIRECTION('ref_axis',(0.,0.,1.));
#6237=DIRECTION('',(0.,0.,-1.));
#6238=DIRECTION('',(0.,1.,0.));
#6239=DIRECTION('',(0.,0.,1.));
#6240=DIRECTION('',(0.,-1.,0.));
#6241=DIRECTION('center_axis',(0.,0.,-1.));
#6242=DIRECTION('ref_axis',(0.,-1.,0.));
#6243=DIRECTION('',(0.,1.,0.));
#6244=DIRECTION('',(1.,0.,0.));
#6245=DIRECTION('',(0.,-1.,0.));
#6246=DIRECTION('',(-1.,0.,0.));
#6247=DIRECTION('center_axis',(-1.,0.,0.));
#6248=DIRECTION('ref_axis',(0.,1.,0.));
#6249=DIRECTION('',(0.,0.,1.));
#6250=DIRECTION('',(0.,-1.,0.));
#6251=DIRECTION('',(0.,0.,-1.));
#6252=DIRECTION('center_axis',(0.,-1.,0.));
#6253=DIRECTION('ref_axis',(-1.,0.,0.));
#6254=DIRECTION('',(0.999999398053112,0.,0.00109722076762328));
#6255=DIRECTION('center_axis',(0.,-1.,0.));
#6256=DIRECTION('ref_axis',(0.,0.,-1.));
#6257=DIRECTION('',(-1.,0.,0.));
#6258=DIRECTION('',(0.,0.,-1.));
#6259=DIRECTION('',(0.999999398053112,0.,0.00109722076762328));
#6260=DIRECTION('center_axis',(-1.,0.,0.));
#6261=DIRECTION('ref_axis',(0.,0.,1.));
#6262=DIRECTION('',(0.,0.,-1.));
#6263=DIRECTION('',(0.,1.,0.));
#6264=DIRECTION('',(0.,0.,1.));
#6265=DIRECTION('',(0.,-1.,0.));
#6266=DIRECTION('center_axis',(0.,0.,-1.));
#6267=DIRECTION('ref_axis',(0.,-1.,0.));
#6268=DIRECTION('',(0.,1.,0.));
#6269=DIRECTION('',(1.,0.,0.));
#6270=DIRECTION('',(0.,-1.,0.));
#6271=DIRECTION('',(-1.,0.,0.));
#6272=DIRECTION('center_axis',(-1.,0.,0.));
#6273=DIRECTION('ref_axis',(0.,1.,0.));
#6274=DIRECTION('',(0.,0.,1.));
#6275=DIRECTION('',(0.,-1.,0.));
#6276=DIRECTION('',(0.,0.,-1.));
#6277=DIRECTION('center_axis',(0.,-1.,0.));
#6278=DIRECTION('ref_axis',(-1.,0.,0.));
#6279=DIRECTION('',(0.999999398053112,0.,0.00109722076762328));
#6280=DIRECTION('center_axis',(0.,-1.,0.));
#6281=DIRECTION('ref_axis',(0.,0.,-1.));
#6282=DIRECTION('',(-1.,0.,0.));
#6283=DIRECTION('',(0.,0.,-1.));
#6284=DIRECTION('',(0.999999398053112,0.,0.00109722076762328));
#6285=DIRECTION('center_axis',(-1.,0.,0.));
#6286=DIRECTION('ref_axis',(0.,0.,1.));
#6287=DIRECTION('',(0.,0.,-1.));
#6288=DIRECTION('',(0.,1.,0.));
#6289=DIRECTION('',(0.,0.,1.));
#6290=DIRECTION('',(0.,-1.,0.));
#6291=DIRECTION('center_axis',(0.,0.,-1.));
#6292=DIRECTION('ref_axis',(0.,-1.,0.));
#6293=DIRECTION('',(0.,1.,0.));
#6294=DIRECTION('',(1.,0.,0.));
#6295=DIRECTION('',(0.,-1.,0.));
#6296=DIRECTION('',(-1.,0.,0.));
#6297=DIRECTION('center_axis',(-1.,0.,0.));
#6298=DIRECTION('ref_axis',(0.,1.,0.));
#6299=DIRECTION('',(0.,0.,1.));
#6300=DIRECTION('',(0.,-1.,0.));
#6301=DIRECTION('',(0.,0.,-1.));
#6302=DIRECTION('center_axis',(0.,-1.,0.));
#6303=DIRECTION('ref_axis',(-1.,0.,0.));
#6304=DIRECTION('',(0.999999398053112,0.,0.00109722076762328));
#6305=DIRECTION('center_axis',(0.,-1.,0.));
#6306=DIRECTION('ref_axis',(0.,0.,-1.));
#6307=DIRECTION('',(-1.,0.,0.));
#6308=DIRECTION('',(0.,0.,-1.));
#6309=DIRECTION('',(0.999999398053112,0.,0.00109722076762328));
#6310=DIRECTION('center_axis',(0.,0.,-1.));
#6311=DIRECTION('ref_axis',(0.,1.,0.));
#6312=DIRECTION('',(0.,-1.,0.));
#6313=DIRECTION('',(1.,0.,0.));
#6314=DIRECTION('',(0.,1.,0.));
#6315=DIRECTION('',(1.,0.,0.));
#6316=DIRECTION('center_axis',(0.,-1.,0.));
#6317=DIRECTION('ref_axis',(0.,0.,-1.));
#6318=DIRECTION('',(0.999999398053112,0.,0.00109722076762328));
#6319=DIRECTION('',(0.,0.,-1.));
#6320=DIRECTION('center_axis',(0.,1.,0.));
#6321=DIRECTION('ref_axis',(0.,0.,1.));
#6322=DIRECTION('',(0.999999398053112,0.,0.00109722076762328));
#6323=DIRECTION('',(0.,0.,1.));
#6324=DIRECTION('center_axis',(1.,0.,0.));
#6325=DIRECTION('ref_axis',(0.,0.,-1.));
#6326=DIRECTION('',(0.,1.,0.));
#6327=DIRECTION('',(0.,-1.,0.));
#6328=DIRECTION('',(0.,0.,1.));
#6329=DIRECTION('center_axis',(0.00109722076762328,0.,-0.999999398053112));
#6330=DIRECTION('ref_axis',(-0.999999398053112,0.,-0.00109722076762328));
#6331=DIRECTION('',(0.999999398053112,0.,0.00109722076762328));
#6332=DIRECTION('',(0.,-1.,0.));
#6333=DIRECTION('',(0.,-1.,0.));
#6334=DIRECTION('',(0.,-1.,0.));
#6335=DIRECTION('',(0.999999398053112,0.,0.00109722076762328));
#6336=DIRECTION('',(0.,1.,0.));
#6337=DIRECTION('',(0.,1.,0.));
#6338=DIRECTION('',(0.,1.,0.));
#6339=DIRECTION('',(0.999999398053112,0.,0.00109722076762328));
#6340=DIRECTION('',(0.,1.,0.));
#6341=DIRECTION('',(0.999999398053112,0.,0.00109722076762328));
#6342=DIRECTION('',(0.999999398053112,0.,0.00109722076762328));
#6343=DIRECTION('',(0.,-1.,0.));
#6344=DIRECTION('',(0.999999398053112,0.,0.00109722076762328));
#6345=DIRECTION('',(0.999999398053112,0.,0.00109722076762328));
#6346=DIRECTION('',(0.,1.,0.));
#6347=DIRECTION('',(0.999999398053112,0.,0.00109722076762328));
#6348=DIRECTION('',(0.999999398053112,0.,0.00109722076762328));
#6349=DIRECTION('',(0.,-1.,0.));
#6350=DIRECTION('',(0.999999398053112,0.,0.00109722076762328));
#6351=DIRECTION('',(0.,1.,0.));
#6352=DIRECTION('',(0.999999398053112,0.,0.00109722076762328));
#6353=DIRECTION('',(0.999999398053112,0.,0.00109722076762328));
#6354=DIRECTION('',(0.,-1.,0.));
#6355=DIRECTION('center_axis',(0.,1.,0.));
#6356=DIRECTION('ref_axis',(0.,0.,1.));
#6357=DIRECTION('',(-1.,0.,0.));
#6358=DIRECTION('center_axis',(0.,0.,-1.));
#6359=DIRECTION('ref_axis',(0.,1.,0.));
#6360=DIRECTION('',(1.,0.,0.));
#6361=DIRECTION('',(0.,1.,0.));
#6362=DIRECTION('',(1.,0.,0.));
#6363=DIRECTION('center_axis',(0.,-1.,0.));
#6364=DIRECTION('ref_axis',(0.,0.,-1.));
#6365=DIRECTION('',(0.,0.,-1.));
#6366=DIRECTION('center_axis',(0.,1.,0.));
#6367=DIRECTION('ref_axis',(0.,0.,1.));
#6368=DIRECTION('',(0.,0.,1.));
#6369=DIRECTION('center_axis',(1.,0.,0.));
#6370=DIRECTION('ref_axis',(0.,0.,-1.));
#6371=DIRECTION('',(0.,-1.,0.));
#6372=DIRECTION('',(0.,0.,1.));
#6373=DIRECTION('center_axis',(0.,1.,0.));
#6374=DIRECTION('ref_axis',(0.,0.,1.));
#6375=DIRECTION('',(-1.,0.,0.));
#6376=DIRECTION('center_axis',(0.,0.,-1.));
#6377=DIRECTION('ref_axis',(0.,1.,0.));
#6378=DIRECTION('',(1.,0.,0.));
#6379=DIRECTION('',(0.,1.,0.));
#6380=DIRECTION('',(1.,0.,0.));
#6381=DIRECTION('center_axis',(0.,-1.,0.));
#6382=DIRECTION('ref_axis',(0.,0.,-1.));
#6383=DIRECTION('',(0.,0.,-1.));
#6384=DIRECTION('center_axis',(0.,1.,0.));
#6385=DIRECTION('ref_axis',(0.,0.,1.));
#6386=DIRECTION('',(0.,0.,1.));
#6387=DIRECTION('center_axis',(1.,0.,0.));
#6388=DIRECTION('ref_axis',(0.,0.,-1.));
#6389=DIRECTION('',(0.,-1.,0.));
#6390=DIRECTION('',(0.,0.,1.));
#6391=DIRECTION('center_axis',(0.,1.,0.));
#6392=DIRECTION('ref_axis',(0.,0.,1.));
#6393=DIRECTION('',(-1.,0.,0.));
#6394=DIRECTION('center_axis',(1.,0.,0.));
#6395=DIRECTION('ref_axis',(0.,0.,-1.));
#6396=DIRECTION('',(0.,0.,1.));
#6397=DIRECTION('',(0.,0.,-1.));
#6398=DIRECTION('',(0.,1.,0.));
#6399=DIRECTION('',(0.,0.,1.));
#6400=DIRECTION('',(0.,-1.,0.));
#6401=DIRECTION('center_axis',(0.,0.,-1.));
#6402=DIRECTION('ref_axis',(0.,1.,0.));
#6403=DIRECTION('',(1.,0.,0.));
#6404=DIRECTION('',(1.,0.,0.));
#6405=DIRECTION('center_axis',(0.,-1.,0.));
#6406=DIRECTION('ref_axis',(0.,0.,-1.));
#6407=DIRECTION('center_axis',(0.,1.,0.));
#6408=DIRECTION('ref_axis',(0.,0.,1.));
#6409=DIRECTION('center_axis',(0.,1.,0.));
#6410=DIRECTION('ref_axis',(0.,0.,1.));
#6411=DIRECTION('',(-1.,0.,0.));
#6412=DIRECTION('center_axis',(0.,0.,1.));
#6413=DIRECTION('ref_axis',(1.,0.,0.));
#6414=DIRECTION('',(0.,-1.,0.));
#6415=DIRECTION('',(1.,0.,0.));
#6416=DIRECTION('',(0.,-1.,0.));
#6417=DIRECTION('',(1.,0.,0.));
#6418=DIRECTION('',(0.,1.,0.));
#6419=DIRECTION('',(-1.,0.,0.));
#6420=DIRECTION('',(0.,-1.,0.));
#6421=DIRECTION('',(-1.,0.,0.));
#6422=DIRECTION('',(0.,1.,0.));
#6423=DIRECTION('',(-1.,0.,0.));
#6424=DIRECTION('',(0.,-1.,0.));
#6425=DIRECTION('',(-1.,0.,0.));
#6426=DIRECTION('center_axis',(0.,-1.,0.));
#6427=DIRECTION('ref_axis',(0.,0.,-1.));
#6428=DIRECTION('',(0.,0.,1.));
#6429=DIRECTION('',(0.,0.,-1.));
#6430=DIRECTION('center_axis',(0.,0.,-1.));
#6431=DIRECTION('ref_axis',(0.,-1.,0.));
#6432=DIRECTION('',(-1.,0.,0.));
#6433=DIRECTION('',(0.,-1.,0.));
#6434=DIRECTION('',(-1.,0.,0.));
#6435=DIRECTION('center_axis',(0.,1.,0.));
#6436=DIRECTION('ref_axis',(0.,0.,-1.));
#6437=DIRECTION('',(0.,0.,1.));
#6438=DIRECTION('',(0.,0.,-1.));
#6439=DIRECTION('center_axis',(0.,-1.,0.));
#6440=DIRECTION('ref_axis',(0.,0.,1.));
#6441=DIRECTION('',(0.,0.,-1.));
#6442=DIRECTION('',(0.,0.,1.));
#6443=DIRECTION('center_axis',(-1.,0.,0.));
#6444=DIRECTION('ref_axis',(0.,0.,1.));
#6445=DIRECTION('center_axis',(-1.,0.,0.));
#6446=DIRECTION('ref_axis',(0.,0.,1.));
#6447=DIRECTION('',(0.,0.,1.));
#6448=DIRECTION('center_axis',(-1.,0.,0.));
#6449=DIRECTION('ref_axis',(0.,0.,1.));
#6450=DIRECTION('center_axis',(0.,1.,0.));
#6451=DIRECTION('ref_axis',(0.,0.,1.));
#6452=DIRECTION('',(0.,0.,-1.));
#6453=DIRECTION('',(0.,0.,1.));
#6454=DIRECTION('',(1.,0.,0.));
#6455=DIRECTION('center_axis',(0.,0.,-1.));
#6456=DIRECTION('ref_axis',(0.,1.,0.));
#6457=DIRECTION('',(0.,1.,0.));
#6458=DIRECTION('',(1.,0.,0.));
#6459=DIRECTION('center_axis',(0.,-1.,0.));
#6460=DIRECTION('ref_axis',(0.,0.,-1.));
#6461=DIRECTION('',(0.,0.,1.));
#6462=DIRECTION('',(0.,0.,-1.));
#6463=DIRECTION('center_axis',(1.,0.,0.));
#6464=DIRECTION('ref_axis',(0.,0.,-1.));
#6465=DIRECTION('center_axis',(1.,0.,0.));
#6466=DIRECTION('ref_axis',(0.,0.,-1.));
#6467=DIRECTION('',(0.,0.,1.));
#6468=DIRECTION('center_axis',(1.,0.,0.));
#6469=DIRECTION('ref_axis',(0.,0.,-1.));
#6470=DIRECTION('center_axis',(0.,1.,0.));
#6471=DIRECTION('ref_axis',(0.,0.,1.));
#6472=DIRECTION('center_axis',(1.,0.,0.));
#6473=DIRECTION('ref_axis',(0.,-1.,0.));
#6474=DIRECTION('',(0.,-1.,0.));
#6475=DIRECTION('',(0.,0.,-1.));
#6476=DIRECTION('',(0.,-1.,0.));
#6477=DIRECTION('',(0.,0.,-1.));
#6478=DIRECTION('center_axis',(0.,0.,-1.));
#6479=DIRECTION('ref_axis',(-1.,0.,0.));
#6480=DIRECTION('',(0.,-1.,0.));
#6481=DIRECTION('',(1.,0.,0.));
#6482=DIRECTION('',(-1.,0.,0.));
#6483=DIRECTION('center_axis',(1.,0.,0.));
#6484=DIRECTION('ref_axis',(0.,0.,-1.));
#6485=DIRECTION('',(0.,0.,-1.));
#6486=DIRECTION('',(0.,0.,-1.));
#6487=DIRECTION('',(0.,-1.,0.));
#6488=DIRECTION('',(0.,0.,1.));
#6489=DIRECTION('',(0.,1.,0.));
#6490=DIRECTION('',(0.,0.,1.));
#6491=DIRECTION('',(0.,-1.,0.));
#6492=DIRECTION('center_axis',(-1.,0.,0.));
#6493=DIRECTION('ref_axis',(0.,1.,0.));
#6494=DIRECTION('',(0.,1.,0.));
#6495=DIRECTION('',(0.,0.,-1.));
#6496=DIRECTION('',(0.,1.,0.));
#6497=DIRECTION('',(0.,0.,-1.));
#6498=DIRECTION('center_axis',(0.,0.,-1.));
#6499=DIRECTION('ref_axis',(-1.,0.,0.));
#6500=DIRECTION('',(0.,-1.,0.));
#6501=DIRECTION('',(-1.,0.,0.));
#6502=DIRECTION('',(1.,0.,0.));
#6503=DIRECTION('center_axis',(0.,1.,0.));
#6504=DIRECTION('ref_axis',(0.,0.,1.));
#6505=DIRECTION('',(-1.,0.,0.));
#6506=DIRECTION('',(1.,0.,0.));
#6507=DIRECTION('center_axis',(0.,1.,0.));
#6508=DIRECTION('ref_axis',(0.,0.,1.));
#6509=DIRECTION('',(0.,0.,1.));
#6510=DIRECTION('',(1.,0.,0.));
#6511=DIRECTION('',(0.,0.,1.));
#6512=DIRECTION('',(1.,0.,0.));
#6513=DIRECTION('',(0.,0.,-1.));
#6514=DIRECTION('',(-1.,0.,0.));
#6515=DIRECTION('',(1.,0.,0.));
#6516=DIRECTION('',(0.,0.,-1.));
#6517=DIRECTION('',(-1.,0.,0.));
#6518=DIRECTION('center_axis',(0.,-1.,0.));
#6519=DIRECTION('ref_axis',(0.,0.,-1.));
#6520=DIRECTION('',(0.,0.,1.));
#6521=DIRECTION('',(1.,0.,0.));
#6522=DIRECTION('',(0.,0.,-1.));
#6523=DIRECTION('',(-1.,0.,0.));
#6524=DIRECTION('',(0.,0.,-1.));
#6525=DIRECTION('',(-1.,0.,0.));
#6526=DIRECTION('',(0.,0.,1.));
#6527=DIRECTION('',(-1.,0.,0.));
#6528=DIRECTION('center_axis',(0.,1.,0.));
#6529=DIRECTION('ref_axis',(0.,0.,1.));
#6530=DIRECTION('',(1.,0.,0.));
#6531=DIRECTION('',(-1.,0.,0.));
#6532=DIRECTION('center_axis',(0.,1.,0.));
#6533=DIRECTION('ref_axis',(0.,0.,1.));
#6534=DIRECTION('',(1.,0.,0.));
#6535=DIRECTION('',(-1.,0.,0.));
#6536=DIRECTION('center_axis',(0.,-1.,0.));
#6537=DIRECTION('ref_axis',(0.,0.,-1.));
#6538=DIRECTION('',(0.,0.,1.));
#6539=DIRECTION('',(1.,0.,0.));
#6540=DIRECTION('',(0.,0.,-1.));
#6541=DIRECTION('',(-1.,0.,0.));
#6542=DIRECTION('center_axis',(0.,-1.,0.));
#6543=DIRECTION('ref_axis',(0.,0.,-1.));
#6544=DIRECTION('',(1.,0.,0.));
#6545=DIRECTION('',(0.,0.,-1.));
#6546=DIRECTION('',(-1.,0.,0.));
#6547=DIRECTION('',(0.,0.,1.));
#6548=DIRECTION('center_axis',(0.,-1.,0.));
#6549=DIRECTION('ref_axis',(0.,0.,-1.));
#6550=DIRECTION('',(0.,0.,-1.));
#6551=DIRECTION('',(-1.,0.,0.));
#6552=DIRECTION('',(0.,0.,1.));
#6553=DIRECTION('',(1.,0.,0.));
#6554=DIRECTION('center_axis',(0.,1.,0.));
#6555=DIRECTION('ref_axis',(0.,0.,1.));
#6556=DIRECTION('',(-1.,0.,0.));
#6557=DIRECTION('',(1.,0.,0.));
#6558=DIRECTION('center_axis',(0.,1.,0.));
#6559=DIRECTION('ref_axis',(0.,0.,1.));
#6560=DIRECTION('',(-1.,0.,0.));
#6561=DIRECTION('',(1.,0.,0.));
#6562=DIRECTION('center_axis',(0.,-1.,0.));
#6563=DIRECTION('ref_axis',(0.,0.,-1.));
#6564=DIRECTION('',(0.,0.,1.));
#6565=DIRECTION('',(1.,0.,0.));
#6566=DIRECTION('',(0.,0.,-1.));
#6567=DIRECTION('',(-1.,0.,0.));
#6568=DIRECTION('',(0.,0.,-1.));
#6569=DIRECTION('',(-1.,0.,0.));
#6570=DIRECTION('',(0.,0.,1.));
#6571=DIRECTION('',(-1.,0.,0.));
#6572=DIRECTION('center_axis',(0.,-1.,0.));
#6573=DIRECTION('ref_axis',(0.,0.,-1.));
#6574=DIRECTION('',(0.,0.,-1.));
#6575=DIRECTION('',(-1.,0.,0.));
#6576=DIRECTION('',(0.,0.,1.));
#6577=DIRECTION('',(1.,0.,0.));
#6578=DIRECTION('center_axis',(0.,1.,0.));
#6579=DIRECTION('ref_axis',(0.,0.,1.));
#6580=DIRECTION('',(1.,0.,0.));
#6581=DIRECTION('',(-1.,0.,0.));
#6582=DIRECTION('center_axis',(0.,-1.,0.));
#6583=DIRECTION('ref_axis',(0.,0.,-1.));
#6584=DIRECTION('',(0.,0.,1.));
#6585=DIRECTION('',(1.,0.,0.));
#6586=DIRECTION('',(0.,0.,-1.));
#6587=DIRECTION('',(-1.,0.,0.));
#6588=DIRECTION('center_axis',(0.,1.,0.));
#6589=DIRECTION('ref_axis',(0.,0.,1.));
#6590=DIRECTION('',(-1.,0.,0.));
#6591=DIRECTION('',(1.,0.,0.));
#6592=DIRECTION('center_axis',(0.,1.,0.));
#6593=DIRECTION('ref_axis',(0.,0.,1.));
#6594=DIRECTION('',(1.,0.,0.));
#6595=DIRECTION('',(-1.,0.,0.));
#6596=DIRECTION('center_axis',(0.,-1.,0.));
#6597=DIRECTION('ref_axis',(0.,0.,-1.));
#6598=DIRECTION('',(1.,0.,0.));
#6599=DIRECTION('',(0.,0.,-1.));
#6600=DIRECTION('',(-1.,0.,0.));
#6601=DIRECTION('',(0.,0.,1.));
#6602=DIRECTION('center_axis',(0.,-1.,0.));
#6603=DIRECTION('ref_axis',(0.,0.,-1.));
#6604=DIRECTION('',(0.,0.,-1.));
#6605=DIRECTION('',(-1.,0.,0.));
#6606=DIRECTION('',(0.,0.,1.));
#6607=DIRECTION('',(1.,0.,0.));
#6608=DIRECTION('center_axis',(0.,-1.,0.));
#6609=DIRECTION('ref_axis',(0.,0.,-1.));
#6610=DIRECTION('',(-1.,0.,0.));
#6611=DIRECTION('',(0.,0.,1.));
#6612=DIRECTION('',(1.,0.,0.));
#6613=DIRECTION('',(0.,0.,-1.));
#6614=DIRECTION('center_axis',(0.,-1.,0.));
#6615=DIRECTION('ref_axis',(0.,0.,-1.));
#6616=DIRECTION('',(0.,0.,-1.));
#6617=DIRECTION('',(-1.,0.,0.));
#6618=DIRECTION('',(0.,0.,1.));
#6619=DIRECTION('',(1.,0.,0.));
#6620=DIRECTION('center_axis',(0.,1.,0.));
#6621=DIRECTION('ref_axis',(0.,0.,1.));
#6622=DIRECTION('',(1.,0.,0.));
#6623=DIRECTION('',(0.,0.,1.));
#6624=DIRECTION('',(-1.,0.,0.));
#6625=DIRECTION('',(0.,0.,1.));
#6626=DIRECTION('',(1.,0.,0.));
#6627=DIRECTION('',(-1.,0.,0.));
#6628=DIRECTION('',(0.,0.,1.));
#6629=DIRECTION('',(-1.,0.,0.));
#6630=DIRECTION('',(0.,0.,1.));
#6631=DIRECTION('center_axis',(0.,-1.,0.));
#6632=DIRECTION('ref_axis',(0.,0.,-1.));
#6633=DIRECTION('',(-1.,0.,0.));
#6634=DIRECTION('',(0.,0.,1.));
#6635=DIRECTION('',(1.,0.,0.));
#6636=DIRECTION('',(0.,0.,-1.));
#6637=DIRECTION('center_axis',(0.,-1.,0.));
#6638=DIRECTION('ref_axis',(0.,0.,-1.));
#6639=DIRECTION('',(-0.999999398053112,0.,-0.00109722076762328));
#6640=DIRECTION('',(0.,0.,-1.));
#6641=DIRECTION('',(1.,0.,0.));
#6642=DIRECTION('center_axis',(-0.999999398053112,6.73323164151006E-35,
-0.00109722076762322));
#6643=DIRECTION('ref_axis',(1.18960913995338E-21,1.,-1.08420151985338E-18));
#6644=DIRECTION('',(6.73322758846223E-35,1.,7.38784159028305E-38));
#6645=DIRECTION('',(0.00109722076762322,0.,-0.999999398053112));
#6646=DIRECTION('',(1.18960913995338E-21,1.,-1.08420151985338E-18));
#6647=DIRECTION('',(0.00109722076762322,0.,-0.999999398053112));
#6648=DIRECTION('center_axis',(0.,-1.,0.));
#6649=DIRECTION('ref_axis',(-0.999999398053112,0.,-0.00109722076762328));
#6650=DIRECTION('',(-0.999999398053112,0.,-0.00109722076762328));
#6651=DIRECTION('',(0.00109722076762322,0.,-0.999999398053112));
#6652=DIRECTION('',(-0.999999398053112,0.,-0.00109722076762328));
#6653=DIRECTION('center_axis',(0.999999398053112,0.,0.00109722076762322));
#6654=DIRECTION('ref_axis',(0.,-1.,0.));
#6655=DIRECTION('',(0.,-1.,0.));
#6656=DIRECTION('',(-0.00109722076762322,0.,0.999999398053112));
#6657=DIRECTION('',(0.,-1.,0.));
#6658=DIRECTION('center_axis',(0.00109722076762322,0.,-0.999999398053112));
#6659=DIRECTION('ref_axis',(-0.999999398053112,0.,-0.00109722076762322));
#6660=DIRECTION('',(0.999999398053112,0.,0.00109722076762322));
#6661=DIRECTION('center_axis',(0.,-1.,0.));
#6662=DIRECTION('ref_axis',(-0.999999398053112,0.,-0.00109722076762328));
#6663=DIRECTION('',(-0.999999398053112,0.,-0.00109722076762328));
#6664=DIRECTION('',(0.00109722076762322,0.,-0.999999398053112));
#6665=DIRECTION('',(-0.999999398053112,0.,-0.00109722076762328));
#6666=DIRECTION('',(0.00109722076762322,0.,-0.999999398053112));
#6667=DIRECTION('center_axis',(0.999999398053112,0.,0.00109722076762322));
#6668=DIRECTION('ref_axis',(0.,-1.,0.));
#6669=DIRECTION('',(0.,-1.,0.));
#6670=DIRECTION('',(-0.00109722076762322,0.,0.999999398053112));
#6671=DIRECTION('',(0.,-1.,0.));
#6672=DIRECTION('center_axis',(-0.999999398053112,0.,-0.00109722076762322));
#6673=DIRECTION('ref_axis',(0.,1.,0.));
#6674=DIRECTION('',(0.,1.,0.));
#6675=DIRECTION('',(0.,1.,0.));
#6676=DIRECTION('',(0.00109722076762322,0.,-0.999999398053112));
#6677=DIRECTION('center_axis',(0.00109722076762322,0.,-0.999999398053112));
#6678=DIRECTION('ref_axis',(-0.999999398053112,0.,-0.00109722076762322));
#6679=DIRECTION('',(0.999999398053112,0.,0.00109722076762322));
#6680=DIRECTION('center_axis',(0.999999398053112,0.,0.0010972207676233));
#6681=DIRECTION('ref_axis',(0.,-1.,0.));
#6682=DIRECTION('',(0.,-1.,0.));
#6683=DIRECTION('',(-0.0010972207676233,0.,0.999999398053112));
#6684=DIRECTION('',(0.,-1.,0.));
#6685=DIRECTION('',(0.0010972207676233,0.,-0.999999398053112));
#6686=DIRECTION('center_axis',(-0.999999398053112,2.22044604925031E-15,
-0.0010972207676233));
#6687=DIRECTION('ref_axis',(2.22044590226886E-15,1.,1.35211799877113E-18));
#6688=DIRECTION('',(2.22044471265972E-15,1.,2.43631951862452E-18));
#6689=DIRECTION('',(0.0010972207676233,0.,-0.999999398053112));
#6690=DIRECTION('',(2.22044590226887E-15,1.,1.35211799877114E-18));
#6691=DIRECTION('',(0.0010972207676233,0.,-0.999999398053112));
#6692=DIRECTION('center_axis',(0.,-1.,0.));
#6693=DIRECTION('ref_axis',(-0.999999398053112,0.,-0.00109722076762328));
#6694=DIRECTION('',(-0.999999398053112,0.,-0.00109722076762328));
#6695=DIRECTION('',(-0.999999398053112,0.,-0.00109722076762328));
#6696=DIRECTION('center_axis',(0.0010972207676233,0.,-0.999999398053112));
#6697=DIRECTION('ref_axis',(-0.999999398053112,0.,-0.0010972207676233));
#6698=DIRECTION('',(0.999999398053112,0.,0.0010972207676233));
#6699=DIRECTION('center_axis',(0.,-1.,0.));
#6700=DIRECTION('ref_axis',(-0.999999398053112,0.,-0.00109722076762328));
#6701=DIRECTION('',(-0.999999398053112,0.,-0.00109722076762328));
#6702=DIRECTION('',(0.0010972207676233,0.,-0.999999398053112));
#6703=DIRECTION('',(-0.999999398053112,0.,-0.00109722076762328));
#6704=DIRECTION('',(0.0010972207676233,0.,-0.999999398053112));
#6705=DIRECTION('center_axis',(0.999999398053112,0.,0.0010972207676233));
#6706=DIRECTION('ref_axis',(0.,-1.,0.));
#6707=DIRECTION('',(0.,-1.,0.));
#6708=DIRECTION('',(-0.0010972207676233,0.,0.999999398053112));
#6709=DIRECTION('',(0.,-1.,0.));
#6710=DIRECTION('center_axis',(-0.999999398053112,0.,-0.0010972207676233));
#6711=DIRECTION('ref_axis',(0.,1.,0.));
#6712=DIRECTION('',(0.,1.,0.));
#6713=DIRECTION('',(0.,1.,0.));
#6714=DIRECTION('',(0.0010972207676233,0.,-0.999999398053112));
#6715=DIRECTION('center_axis',(0.0010972207676233,0.,-0.999999398053112));
#6716=DIRECTION('ref_axis',(-0.999999398053112,0.,-0.0010972207676233));
#6717=DIRECTION('',(0.999999398053112,0.,0.0010972207676233));
#6718=DIRECTION('center_axis',(0.,1.,0.));
#6719=DIRECTION('ref_axis',(0.,0.,1.));
#6720=DIRECTION('',(0.999999398053112,0.,0.00109722076762328));
#6721=DIRECTION('',(0.,0.,-1.));
#6722=DIRECTION('',(-1.,0.,0.));
#6723=DIRECTION('',(0.,0.,1.));
#6724=DIRECTION('',(0.999999398053112,0.,0.00109722076762328));
#6725=DIRECTION('center_axis',(0.,1.,0.));
#6726=DIRECTION('ref_axis',(0.,0.,1.));
#6727=DIRECTION('',(0.999999398053112,0.,0.00109722076762328));
#6728=DIRECTION('',(0.,0.,-1.));
#6729=DIRECTION('',(-1.,0.,0.));
#6730=DIRECTION('',(0.,0.,1.));
#6731=DIRECTION('',(0.999999398053112,0.,0.00109722076762328));
#6732=DIRECTION('center_axis',(0.00109722076762328,0.,-0.999999398053112));
#6733=DIRECTION('ref_axis',(-0.999999398053112,0.,-0.00109722076762328));
#6734=DIRECTION('',(0.999999398053112,0.,0.00109722076762328));
#6735=DIRECTION('',(0.,1.,0.));
#6736=DIRECTION('',(0.,1.,0.));
#6737=DIRECTION('',(0.,-1.,0.));
#6738=DIRECTION('',(0.,-1.,0.));
#6739=DIRECTION('',(0.999999398053112,0.,0.00109722076762328));
#6740=DIRECTION('',(0.,1.,0.));
#6741=DIRECTION('',(0.999999398053112,0.,0.00109722076762328));
#6742=DIRECTION('',(0.,-1.,0.));
#6743=DIRECTION('',(0.0384336195784295,-0.999261154607631,4.21701909606008E-5));
#6744=DIRECTION('',(-0.999999398053112,0.,-0.00109722076762328));
#6745=DIRECTION('',(0.,-1.,0.));
#6746=DIRECTION('',(-0.999999398053112,0.,-0.00109722076762328));
#6747=DIRECTION('',(0.,1.,0.));
#6748=DIRECTION('',(-0.999999398053112,0.,-0.00109722076762328));
#6749=DIRECTION('',(0.,1.,0.));
#6750=DIRECTION('',(0.999999398053112,0.,0.00109722076762328));
#6751=DIRECTION('',(0.,-1.,0.));
#6752=DIRECTION('',(0.999999398053112,0.,0.00109722076762328));
#6753=DIRECTION('',(0.999999398053112,0.,0.00109722076762328));
#6754=DIRECTION('',(0.,1.,0.));
#6755=DIRECTION('',(0.999999398053112,0.,0.00109722076762328));
#6756=DIRECTION('',(0.,-1.,0.));
#6757=DIRECTION('',(-0.999999398053112,0.,-0.00109722076762328));
#6758=DIRECTION('',(0.,-1.,0.));
#6759=DIRECTION('',(-0.999999398053112,0.,-0.00109722076762328));
#6760=DIRECTION('',(0.,1.,0.));
#6761=DIRECTION('',(-0.999999398053112,0.,-0.00109722076762328));
#6762=DIRECTION('',(0.,1.,0.));
#6763=DIRECTION('',(0.999999398053112,0.,0.00109722076762328));
#6764=DIRECTION('',(0.,-1.,0.));
#6765=DIRECTION('',(0.999999398053112,0.,0.00109722076762328));
#6766=DIRECTION('',(0.,1.,0.));
#6767=DIRECTION('',(0.999999398053112,0.,0.00109722076762328));
#6768=DIRECTION('',(0.,-1.,0.));
#6769=DIRECTION('',(-0.999999398053112,0.,-0.00109722076762328));
#6770=DIRECTION('',(0.,-1.,0.));
#6771=DIRECTION('',(-0.999999398053112,0.,-0.00109722076762328));
#6772=DIRECTION('',(0.,1.,0.));
#6773=DIRECTION('',(-0.999999398053112,0.,-0.00109722076762328));
#6774=DIRECTION('',(0.,1.,0.));
#6775=DIRECTION('',(0.999999398053112,0.,0.00109722076762328));
#6776=DIRECTION('',(0.,-1.,0.));
#6777=DIRECTION('',(0.,1.,0.));
#6778=DIRECTION('',(0.999999398053112,0.,0.00109722076762328));
#6779=DIRECTION('',(0.,-1.,0.));
#6780=DIRECTION('',(-0.999999398053112,0.,-0.00109722076762328));
#6781=DIRECTION('',(0.,-1.,0.));
#6782=DIRECTION('',(-0.999999398053112,0.,-0.00109722076762328));
#6783=DIRECTION('',(0.,1.,0.));
#6784=DIRECTION('',(-0.999999398053112,0.,-0.00109722076762328));
#6785=DIRECTION('',(0.,1.,0.));
#6786=DIRECTION('',(0.999999398053112,0.,0.00109722076762328));
#6787=DIRECTION('',(0.,-1.,0.));
#6788=DIRECTION('center_axis',(0.,1.,0.));
#6789=DIRECTION('ref_axis',(0.,0.,1.));
#6790=DIRECTION('',(0.,0.,-1.));
#6791=DIRECTION('',(-1.,0.,0.));
#6792=DIRECTION('',(0.,0.,1.));
#6793=DIRECTION('center_axis',(-1.,0.,0.));
#6794=DIRECTION('ref_axis',(0.,1.,0.));
#6795=DIRECTION('',(0.,1.,0.));
#6796=DIRECTION('',(0.,0.,1.));
#6797=DIRECTION('',(0.,1.,0.));
#6798=DIRECTION('',(0.,0.,-1.));
#6799=DIRECTION('center_axis',(1.,0.,0.));
#6800=DIRECTION('ref_axis',(0.,-1.,0.));
#6801=DIRECTION('',(0.,-1.,0.));
#6802=DIRECTION('',(0.,0.,-1.));
#6803=DIRECTION('',(0.,-1.,0.));
#6804=DIRECTION('',(0.,0.,-1.));
#6805=DIRECTION('center_axis',(0.,0.,-1.));
#6806=DIRECTION('ref_axis',(-1.,0.,0.));
#6807=DIRECTION('',(1.,0.,0.));
#6808=DIRECTION('',(-1.,0.,0.));
#6809=DIRECTION('center_axis',(-1.,0.,0.));
#6810=DIRECTION('ref_axis',(0.,1.,0.));
#6811=DIRECTION('',(0.,1.,0.));
#6812=DIRECTION('',(0.,0.,1.));
#6813=DIRECTION('',(0.,1.,0.));
#6814=DIRECTION('',(0.,0.,-1.));
#6815=DIRECTION('center_axis',(1.,0.,0.));
#6816=DIRECTION('ref_axis',(0.,-1.,0.));
#6817=DIRECTION('',(0.,-1.,0.));
#6818=DIRECTION('',(0.,0.,-1.));
#6819=DIRECTION('',(0.,-1.,0.));
#6820=DIRECTION('',(0.,0.,-1.));
#6821=DIRECTION('center_axis',(0.,0.,-1.));
#6822=DIRECTION('ref_axis',(-1.,0.,0.));
#6823=DIRECTION('',(1.,0.,0.));
#6824=DIRECTION('',(-1.,0.,0.));
#6825=DIRECTION('center_axis',(-1.,0.,0.));
#6826=DIRECTION('ref_axis',(0.,1.,0.));
#6827=DIRECTION('',(0.,1.,0.));
#6828=DIRECTION('',(0.,0.,1.));
#6829=DIRECTION('',(0.,1.,0.));
#6830=DIRECTION('',(0.,0.,-1.));
#6831=DIRECTION('center_axis',(1.,0.,0.));
#6832=DIRECTION('ref_axis',(0.,-1.,0.));
#6833=DIRECTION('',(0.,-1.,0.));
#6834=DIRECTION('',(0.,0.,-1.));
#6835=DIRECTION('',(0.,-1.,0.));
#6836=DIRECTION('',(0.,0.,-1.));
#6837=DIRECTION('center_axis',(0.,0.,-1.));
#6838=DIRECTION('ref_axis',(-1.,0.,0.));
#6839=DIRECTION('',(1.,0.,0.));
#6840=DIRECTION('',(-1.,0.,0.));
#6841=DIRECTION('center_axis',(-1.,0.,0.));
#6842=DIRECTION('ref_axis',(0.,1.,0.));
#6843=DIRECTION('',(0.,1.,0.));
#6844=DIRECTION('',(0.,0.,1.));
#6845=DIRECTION('',(0.,1.,0.));
#6846=DIRECTION('',(0.,0.,-1.));
#6847=DIRECTION('center_axis',(1.,0.,0.));
#6848=DIRECTION('ref_axis',(0.,-1.,0.));
#6849=DIRECTION('',(0.,-1.,0.));
#6850=DIRECTION('',(0.,0.,-1.));
#6851=DIRECTION('',(0.,-1.,0.));
#6852=DIRECTION('',(0.,0.,-1.));
#6853=DIRECTION('center_axis',(0.,0.,-1.));
#6854=DIRECTION('ref_axis',(-1.,0.,0.));
#6855=DIRECTION('',(1.,0.,0.));
#6856=DIRECTION('',(-1.,0.,0.));
#6857=DIRECTION('center_axis',(0.,0.,-1.));
#6858=DIRECTION('ref_axis',(-1.,0.,0.));
#6859=DIRECTION('',(-1.,0.,0.));
#6860=DIRECTION('',(0.,-1.,0.));
#6861=DIRECTION('',(0.,-1.,0.));
#6862=DIRECTION('',(1.,0.,0.));
#6863=DIRECTION('center_axis',(0.,0.,-1.));
#6864=DIRECTION('ref_axis',(-1.,0.,0.));
#6865=DIRECTION('',(1.,0.,0.));
#6866=DIRECTION('',(0.,1.,0.));
#6867=DIRECTION('',(0.,1.,0.));
#6868=DIRECTION('',(-1.,0.,0.));
#6869=DIRECTION('center_axis',(0.,1.,0.));
#6870=DIRECTION('ref_axis',(1.,0.,0.));
#6871=DIRECTION('',(0.,0.,-1.));
#6872=DIRECTION('',(0.,0.,-1.));
#6873=DIRECTION('center_axis',(0.,0.,-1.));
#6874=DIRECTION('ref_axis',(-1.,0.,0.));
#6875=DIRECTION('',(-1.,0.,0.));
#6876=DIRECTION('',(0.,-1.,0.));
#6877=DIRECTION('',(0.,-1.,0.));
#6878=DIRECTION('',(1.,0.,0.));
#6879=DIRECTION('center_axis',(0.,0.,-1.));
#6880=DIRECTION('ref_axis',(-1.,0.,0.));
#6881=DIRECTION('',(1.,0.,0.));
#6882=DIRECTION('',(0.,1.,0.));
#6883=DIRECTION('',(0.,1.,0.));
#6884=DIRECTION('',(-1.,0.,0.));
#6885=DIRECTION('center_axis',(0.,1.,0.));
#6886=DIRECTION('ref_axis',(1.,0.,0.));
#6887=DIRECTION('',(0.,0.,-1.));
#6888=DIRECTION('',(0.,0.,-1.));
#6889=DIRECTION('center_axis',(0.,0.,-1.));
#6890=DIRECTION('ref_axis',(-1.,0.,0.));
#6891=DIRECTION('',(-1.,0.,0.));
#6892=DIRECTION('',(0.,-1.,0.));
#6893=DIRECTION('',(0.,-1.,0.));
#6894=DIRECTION('',(1.,0.,0.));
#6895=DIRECTION('center_axis',(0.,0.,-1.));
#6896=DIRECTION('ref_axis',(-1.,0.,0.));
#6897=DIRECTION('',(1.,0.,0.));
#6898=DIRECTION('',(0.,1.,0.));
#6899=DIRECTION('',(0.,1.,0.));
#6900=DIRECTION('',(-1.,0.,0.));
#6901=DIRECTION('center_axis',(0.,1.,0.));
#6902=DIRECTION('ref_axis',(1.,0.,0.));
#6903=DIRECTION('',(0.,0.,-1.));
#6904=DIRECTION('',(0.,0.,-1.));
#6905=DIRECTION('center_axis',(0.,0.,-1.));
#6906=DIRECTION('ref_axis',(-1.,0.,0.));
#6907=DIRECTION('',(-1.,0.,0.));
#6908=DIRECTION('',(0.,-1.,0.));
#6909=DIRECTION('',(0.,-1.,0.));
#6910=DIRECTION('',(1.,0.,0.));
#6911=DIRECTION('center_axis',(0.,0.,-1.));
#6912=DIRECTION('ref_axis',(-1.,0.,0.));
#6913=DIRECTION('',(1.,0.,0.));
#6914=DIRECTION('',(0.,1.,0.));
#6915=DIRECTION('',(0.,1.,0.));
#6916=DIRECTION('',(-1.,0.,0.));
#6917=DIRECTION('center_axis',(0.,1.,0.));
#6918=DIRECTION('ref_axis',(1.,0.,0.));
#6919=DIRECTION('',(0.,0.,-1.));
#6920=DIRECTION('',(0.,0.,-1.));
#6921=DIRECTION('center_axis',(0.,-1.,0.));
#6922=DIRECTION('ref_axis',(0.,0.,-1.));
#6923=DIRECTION('',(1.,0.,0.));
#6924=DIRECTION('center_axis',(1.,0.,0.));
#6925=DIRECTION('ref_axis',(0.,-1.,0.));
#6926=DIRECTION('',(0.,1.,0.));
#6927=DIRECTION('',(0.,0.,-1.));
#6928=DIRECTION('center_axis',(-1.,0.,0.));
#6929=DIRECTION('ref_axis',(0.,1.,0.));
#6930=DIRECTION('',(0.,0.,1.));
#6931=DIRECTION('',(0.,-1.,0.));
#6932=DIRECTION('center_axis',(0.,-1.,0.));
#6933=DIRECTION('ref_axis',(-1.,0.,0.));
#6934=DIRECTION('',(0.,0.,-1.));
#6935=DIRECTION('',(1.,0.,0.));
#6936=DIRECTION('center_axis',(-1.,0.,0.));
#6937=DIRECTION('ref_axis',(0.,0.,1.));
#6938=DIRECTION('',(0.,0.,-1.));
#6939=DIRECTION('',(0.,-1.,0.));
#6940=DIRECTION('',(0.,0.,-1.));
#6941=DIRECTION('',(0.,1.,0.));
#6942=DIRECTION('center_axis',(0.,1.,0.));
#6943=DIRECTION('ref_axis',(1.,0.,0.));
#6944=DIRECTION('',(0.,0.,-1.));
#6945=DIRECTION('',(0.,0.,-1.));
#6946=DIRECTION('',(1.,0.,0.));
#6947=DIRECTION('center_axis',(1.,0.,0.));
#6948=DIRECTION('ref_axis',(0.,-1.,0.));
#6949=DIRECTION('',(0.,1.,0.));
#6950=DIRECTION('',(0.,0.,-1.));
#6951=DIRECTION('center_axis',(-1.,0.,0.));
#6952=DIRECTION('ref_axis',(0.,1.,0.));
#6953=DIRECTION('',(0.,0.,1.));
#6954=DIRECTION('',(0.,-1.,0.));
#6955=DIRECTION('center_axis',(0.,-1.,0.));
#6956=DIRECTION('ref_axis',(-1.,0.,0.));
#6957=DIRECTION('',(0.,0.,-1.));
#6958=DIRECTION('',(1.,0.,0.));
#6959=DIRECTION('center_axis',(-1.,0.,0.));
#6960=DIRECTION('ref_axis',(0.,0.,1.));
#6961=DIRECTION('',(0.,0.,1.));
#6962=DIRECTION('',(0.,-1.,0.));
#6963=DIRECTION('',(0.,0.,-1.));
#6964=DIRECTION('',(0.,1.,0.));
#6965=DIRECTION('center_axis',(0.,1.,0.));
#6966=DIRECTION('ref_axis',(1.,0.,0.));
#6967=DIRECTION('',(0.,0.,-1.));
#6968=DIRECTION('',(0.,0.,-1.));
#6969=DIRECTION('',(1.,0.,0.));
#6970=DIRECTION('center_axis',(1.,0.,0.));
#6971=DIRECTION('ref_axis',(0.,-1.,0.));
#6972=DIRECTION('',(0.,1.,0.));
#6973=DIRECTION('',(0.,0.,-1.));
#6974=DIRECTION('center_axis',(-1.,0.,0.));
#6975=DIRECTION('ref_axis',(0.,1.,0.));
#6976=DIRECTION('',(0.,0.,1.));
#6977=DIRECTION('',(0.,-1.,0.));
#6978=DIRECTION('center_axis',(0.,-1.,0.));
#6979=DIRECTION('ref_axis',(-1.,0.,0.));
#6980=DIRECTION('',(0.,0.,-1.));
#6981=DIRECTION('',(1.,0.,0.));
#6982=DIRECTION('center_axis',(-1.,0.,0.));
#6983=DIRECTION('ref_axis',(0.,0.,1.));
#6984=DIRECTION('',(0.,0.,-1.));
#6985=DIRECTION('',(0.,-1.,0.));
#6986=DIRECTION('',(0.,0.,-1.));
#6987=DIRECTION('',(0.,1.,0.));
#6988=DIRECTION('center_axis',(0.,1.,0.));
#6989=DIRECTION('ref_axis',(1.,0.,0.));
#6990=DIRECTION('',(0.,0.,-1.));
#6991=DIRECTION('',(0.,0.,-1.));
#6992=DIRECTION('',(1.,0.,0.));
#6993=DIRECTION('center_axis',(1.,0.,0.));
#6994=DIRECTION('ref_axis',(0.,-1.,0.));
#6995=DIRECTION('',(0.,0.,1.));
#6996=DIRECTION('',(0.,1.,0.));
#6997=DIRECTION('',(0.,0.,-1.));
#6998=DIRECTION('center_axis',(0.,1.,0.));
#6999=DIRECTION('ref_axis',(0.,0.,1.));
#7000=DIRECTION('',(0.,0.,-1.));
#7001=DIRECTION('',(-1.,0.,0.));
#7002=DIRECTION('center_axis',(-1.,0.,0.));
#7003=DIRECTION('ref_axis',(0.,1.,0.));
#7004=DIRECTION('',(0.,0.,1.));
#7005=DIRECTION('',(0.,-1.,0.));
#7006=DIRECTION('center_axis',(0.,-1.,0.));
#7007=DIRECTION('ref_axis',(-1.,0.,0.));
#7008=DIRECTION('',(0.,0.,-1.));
#7009=DIRECTION('',(1.,0.,0.));
#7010=DIRECTION('center_axis',(-1.,0.,0.));
#7011=DIRECTION('ref_axis',(0.,0.,1.));
#7012=DIRECTION('',(0.,0.,1.));
#7013=DIRECTION('',(0.,-1.,0.));
#7014=DIRECTION('',(0.,0.,-1.));
#7015=DIRECTION('',(0.,1.,0.));
#7016=DIRECTION('center_axis',(0.,1.,0.));
#7017=DIRECTION('ref_axis',(1.,0.,0.));
#7018=DIRECTION('',(0.,0.,-1.));
#7019=DIRECTION('',(0.,0.,-1.));
#7020=DIRECTION('',(1.,0.,0.));
#7021=DIRECTION('center_axis',(-1.,0.,0.));
#7022=DIRECTION('ref_axis',(0.,0.,1.));
#7023=DIRECTION('',(0.,0.,-1.));
#7024=DIRECTION('',(0.,0.,1.));
#7025=DIRECTION('',(0.,-1.,0.));
#7026=DIRECTION('',(0.,0.,1.));
#7027=DIRECTION('center_axis',(0.,0.,-1.));
#7028=DIRECTION('ref_axis',(-1.,0.,0.));
#7029=DIRECTION('',(0.,-1.,0.));
#7030=DIRECTION('',(-1.,0.,0.));
#7031=DIRECTION('',(0.,-1.,0.));
#7032=DIRECTION('center_axis',(-1.,0.,0.));
#7033=DIRECTION('ref_axis',(0.,0.,1.));
#7034=DIRECTION('',(0.,0.,1.));
#7035=DIRECTION('',(0.,-1.,0.));
#7036=DIRECTION('center_axis',(0.,0.,1.));
#7037=DIRECTION('ref_axis',(1.,0.,0.));
#7038=DIRECTION('',(1.,0.,0.));
#7039=DIRECTION('',(0.,-1.,0.));
#7040=DIRECTION('center_axis',(1.,0.,0.));
#7041=DIRECTION('ref_axis',(0.,0.,-1.));
#7042=DIRECTION('',(0.,0.,-1.));
#7043=DIRECTION('',(0.,-1.,0.));
#7044=DIRECTION('center_axis',(1.,0.,0.));
#7045=DIRECTION('ref_axis',(0.,0.,-1.));
#7046=DIRECTION('',(0.,-1.,0.));
#7047=DIRECTION('',(0.,0.,-1.));
#7048=DIRECTION('',(0.,-1.,0.));
#7049=DIRECTION('center_axis',(0.,0.,-1.));
#7050=DIRECTION('ref_axis',(-1.,0.,0.));
#7051=DIRECTION('',(-1.,0.,0.));
#7052=DIRECTION('',(0.,-1.,0.));
#7053=DIRECTION('center_axis',(-1.,0.,0.));
#7054=DIRECTION('ref_axis',(0.,0.,1.));
#7055=DIRECTION('',(0.,0.,1.));
#7056=DIRECTION('center_axis',(0.,0.,1.));
#7057=DIRECTION('ref_axis',(1.,0.,0.));
#7058=DIRECTION('',(1.,0.,0.));
#7059=DIRECTION('',(0.,-1.,0.));
#7060=DIRECTION('center_axis',(0.,0.,1.));
#7061=DIRECTION('ref_axis',(1.,0.,0.));
#7062=DIRECTION('',(0.,-1.,0.));
#7063=DIRECTION('',(1.,0.,0.));
#7064=DIRECTION('',(0.,-1.,0.));
#7065=DIRECTION('center_axis',(1.,0.,0.));
#7066=DIRECTION('ref_axis',(0.,0.,-1.));
#7067=DIRECTION('',(0.,0.,-1.));
#7068=DIRECTION('',(0.,-1.,0.));
#7069=DIRECTION('center_axis',(0.,0.,-1.));
#7070=DIRECTION('ref_axis',(-1.,0.,0.));
#7071=DIRECTION('',(-1.,0.,0.));
#7072=DIRECTION('center_axis',(-1.,0.,0.));
#7073=DIRECTION('ref_axis',(0.,0.,1.));
#7074=DIRECTION('',(0.,0.,1.));
#7075=DIRECTION('',(0.,-1.,0.));
#7076=DIRECTION('center_axis',(1.,0.,0.));
#7077=DIRECTION('ref_axis',(0.,0.,-1.));
#7078=DIRECTION('',(0.,-1.,0.));
#7079=DIRECTION('',(0.,0.,-1.));
#7080=DIRECTION('',(0.,-1.,0.));
#7081=DIRECTION('center_axis',(0.,0.,-1.));
#7082=DIRECTION('ref_axis',(-1.,0.,0.));
#7083=DIRECTION('',(-1.,0.,0.));
#7084=DIRECTION('',(0.,-1.,0.));
#7085=DIRECTION('center_axis',(-1.,0.,0.));
#7086=DIRECTION('ref_axis',(0.,0.,1.));
#7087=DIRECTION('',(0.,0.,1.));
#7088=DIRECTION('',(0.,-1.,0.));
#7089=DIRECTION('center_axis',(0.,0.,1.));
#7090=DIRECTION('ref_axis',(1.,0.,0.));
#7091=DIRECTION('',(1.,0.,0.));
#7092=DIRECTION('',(0.,-1.,0.));
#7093=DIRECTION('center_axis',(0.,0.,1.));
#7094=DIRECTION('ref_axis',(1.,0.,0.));
#7095=DIRECTION('',(0.,-1.,0.));
#7096=DIRECTION('',(1.,0.,0.));
#7097=DIRECTION('',(0.,-1.,0.));
#7098=DIRECTION('center_axis',(1.,0.,0.));
#7099=DIRECTION('ref_axis',(0.,0.,-1.));
#7100=DIRECTION('',(0.,0.,-1.));
#7101=DIRECTION('center_axis',(0.,0.,-1.));
#7102=DIRECTION('ref_axis',(-1.,0.,0.));
#7103=DIRECTION('',(-1.,0.,0.));
#7104=DIRECTION('center_axis',(-1.,0.,0.));
#7105=DIRECTION('ref_axis',(0.,0.,1.));
#7106=DIRECTION('',(0.,0.,1.));
#7107=DIRECTION('center_axis',(1.,0.,0.));
#7108=DIRECTION('ref_axis',(0.,0.,-1.));
#7109=DIRECTION('',(0.,-1.,0.));
#7110=DIRECTION('',(0.,0.,-1.));
#7111=DIRECTION('',(0.,-1.,0.));
#7112=DIRECTION('center_axis',(0.,0.,-1.));
#7113=DIRECTION('ref_axis',(-1.,0.,0.));
#7114=DIRECTION('',(-1.,0.,0.));
#7115=DIRECTION('',(0.,-1.,0.));
#7116=DIRECTION('center_axis',(-1.,0.,0.));
#7117=DIRECTION('ref_axis',(0.,0.,1.));
#7118=DIRECTION('',(0.,0.,1.));
#7119=DIRECTION('',(0.,-1.,0.));
#7120=DIRECTION('center_axis',(0.,0.,1.));
#7121=DIRECTION('ref_axis',(1.,0.,0.));
#7122=DIRECTION('',(1.,0.,0.));
#7123=DIRECTION('center_axis',(0.,0.,-1.));
#7124=DIRECTION('ref_axis',(-1.,0.,0.));
#7125=DIRECTION('',(0.,-1.,0.));
#7126=DIRECTION('',(-1.,0.,0.));
#7127=DIRECTION('',(0.,-1.,0.));
#7128=DIRECTION('center_axis',(-1.,0.,0.));
#7129=DIRECTION('ref_axis',(0.,0.,1.));
#7130=DIRECTION('',(0.,0.,1.));
#7131=DIRECTION('',(0.,-1.,0.));
#7132=DIRECTION('center_axis',(0.,0.,1.));
#7133=DIRECTION('ref_axis',(1.,0.,0.));
#7134=DIRECTION('',(1.,0.,0.));
#7135=DIRECTION('',(0.,-1.,0.));
#7136=DIRECTION('center_axis',(1.,0.,0.));
#7137=DIRECTION('ref_axis',(0.,0.,-1.));
#7138=DIRECTION('',(0.,-1.,0.));
#7139=DIRECTION('',(0.,0.,-1.));
#7140=DIRECTION('',(0.,-1.,0.));
#7141=DIRECTION('center_axis',(0.,0.,1.));
#7142=DIRECTION('ref_axis',(1.,0.,0.));
#7143=DIRECTION('',(1.,0.,0.));
#7144=DIRECTION('',(0.,-1.,0.));
#7145=DIRECTION('center_axis',(-1.,0.,0.));
#7146=DIRECTION('ref_axis',(0.,0.,1.));
#7147=DIRECTION('',(0.,0.,1.));
#7148=DIRECTION('',(0.,-1.,0.));
#7149=DIRECTION('center_axis',(0.,0.,-1.));
#7150=DIRECTION('ref_axis',(-1.,0.,0.));
#7151=DIRECTION('',(-1.,0.,0.));
#7152=DIRECTION('center_axis',(-1.,0.,0.));
#7153=DIRECTION('ref_axis',(0.,0.,1.));
#7154=DIRECTION('',(0.,0.,1.));
#7155=DIRECTION('',(0.,-1.,0.));
#7156=DIRECTION('center_axis',(0.,0.,1.));
#7157=DIRECTION('ref_axis',(1.,0.,0.));
#7158=DIRECTION('',(1.,0.,0.));
#7159=DIRECTION('',(0.,-1.,0.));
#7160=DIRECTION('center_axis',(1.,0.,0.));
#7161=DIRECTION('ref_axis',(0.,0.,-1.));
#7162=DIRECTION('',(0.,0.,-1.));
#7163=DIRECTION('',(0.,-1.,0.));
#7164=DIRECTION('center_axis',(0.,0.,-1.));
#7165=DIRECTION('ref_axis',(-1.,0.,0.));
#7166=DIRECTION('',(-1.,0.,0.));
#7167=DIRECTION('',(0.,-1.,0.));
#7168=DIRECTION('center_axis',(-1.,0.,0.));
#7169=DIRECTION('ref_axis',(0.,0.,1.));
#7170=DIRECTION('',(0.,0.,1.));
#7171=DIRECTION('',(0.,-1.,0.));
#7172=DIRECTION('center_axis',(0.,0.,-1.));
#7173=DIRECTION('ref_axis',(-1.,0.,0.));
#7174=DIRECTION('',(-1.,0.,0.));
#7175=DIRECTION('',(0.,-1.,0.));
#7176=DIRECTION('center_axis',(-1.,0.,0.));
#7177=DIRECTION('ref_axis',(0.,0.,1.));
#7178=DIRECTION('',(0.,0.,1.));
#7179=DIRECTION('center_axis',(-1.,0.,0.));
#7180=DIRECTION('ref_axis',(0.,0.,1.));
#7181=DIRECTION('',(0.,-1.,0.));
#7182=DIRECTION('',(0.,0.,1.));
#7183=DIRECTION('',(0.,-1.,0.));
#7184=DIRECTION('center_axis',(0.,0.,1.));
#7185=DIRECTION('ref_axis',(1.,0.,0.));
#7186=DIRECTION('',(1.,0.,0.));
#7187=DIRECTION('',(0.,-1.,0.));
#7188=DIRECTION('center_axis',(1.,0.,0.));
#7189=DIRECTION('ref_axis',(0.,0.,-1.));
#7190=DIRECTION('',(0.,0.,-1.));
#7191=DIRECTION('',(0.,-1.,0.));
#7192=DIRECTION('center_axis',(0.,0.,-1.));
#7193=DIRECTION('ref_axis',(-1.,0.,0.));
#7194=DIRECTION('',(-1.,0.,0.));
#7195=DIRECTION('',(0.,-1.,0.));
#7196=DIRECTION('center_axis',(1.,0.,0.));
#7197=DIRECTION('ref_axis',(0.,0.,-1.));
#7198=DIRECTION('',(0.,0.,-1.));
#7199=DIRECTION('',(0.,-1.,0.));
#7200=DIRECTION('center_axis',(0.,0.,-1.));
#7201=DIRECTION('ref_axis',(-1.,0.,0.));
#7202=DIRECTION('',(-1.,0.,0.));
#7203=DIRECTION('',(0.,-1.,0.));
#7204=DIRECTION('center_axis',(-1.,0.,0.));
#7205=DIRECTION('ref_axis',(0.,0.,1.));
#7206=DIRECTION('',(0.,0.,1.));
#7207=DIRECTION('',(0.,-1.,0.));
#7208=DIRECTION('center_axis',(0.,0.,-1.));
#7209=DIRECTION('ref_axis',(-1.,0.,0.));
#7210=DIRECTION('',(-1.,0.,0.));
#7211=DIRECTION('center_axis',(-1.,0.,0.));
#7212=DIRECTION('ref_axis',(0.,0.,1.));
#7213=DIRECTION('',(0.,-1.,0.));
#7214=DIRECTION('',(0.,0.,1.));
#7215=DIRECTION('',(0.,-1.,0.));
#7216=DIRECTION('center_axis',(0.,0.,1.));
#7217=DIRECTION('ref_axis',(1.,0.,0.));
#7218=DIRECTION('',(1.,0.,0.));
#7219=DIRECTION('',(0.,-1.,0.));
#7220=DIRECTION('center_axis',(-1.,0.,0.));
#7221=DIRECTION('ref_axis',(0.,0.,1.));
#7222=DIRECTION('',(0.,0.,1.));
#7223=DIRECTION('',(0.,-1.,0.));
#7224=DIRECTION('center_axis',(0.,0.,1.));
#7225=DIRECTION('ref_axis',(1.,0.,0.));
#7226=DIRECTION('',(1.,0.,0.));
#7227=DIRECTION('',(0.,-1.,0.));
#7228=DIRECTION('center_axis',(1.,0.,0.));
#7229=DIRECTION('ref_axis',(0.,0.,-1.));
#7230=DIRECTION('',(0.,0.,-1.));
#7231=DIRECTION('',(0.,-1.,0.));
#7232=DIRECTION('center_axis',(0.,0.,-1.));
#7233=DIRECTION('ref_axis',(-1.,0.,0.));
#7234=DIRECTION('',(-1.,0.,0.));
#7235=DIRECTION('',(0.,-1.,0.));
#7236=DIRECTION('center_axis',(1.,0.,0.));
#7237=DIRECTION('ref_axis',(0.,0.,-1.));
#7238=DIRECTION('',(0.,0.,-1.));
#7239=DIRECTION('',(0.,-1.,0.));
#7240=DIRECTION('center_axis',(0.,0.,1.));
#7241=DIRECTION('ref_axis',(1.,0.,0.));
#7242=DIRECTION('',(1.,0.,0.));
#7243=DIRECTION('',(0.,-1.,0.));
#7244=DIRECTION('center_axis',(1.,0.,0.));
#7245=DIRECTION('ref_axis',(0.,0.,-1.));
#7246=DIRECTION('',(0.,0.,-1.));
#7247=DIRECTION('',(0.,-1.,0.));
#7248=DIRECTION('center_axis',(0.,0.,-1.));
#7249=DIRECTION('ref_axis',(-1.,0.,0.));
#7250=DIRECTION('',(-1.,0.,0.));
#7251=DIRECTION('center_axis',(1.,0.,0.));
#7252=DIRECTION('ref_axis',(0.,0.,-1.));
#7253=DIRECTION('',(0.,-1.,0.));
#7254=DIRECTION('',(0.,0.,-1.));
#7255=DIRECTION('',(0.,-1.,0.));
#7256=DIRECTION('center_axis',(0.,0.,-1.));
#7257=DIRECTION('ref_axis',(-1.,0.,0.));
#7258=DIRECTION('',(-1.,0.,0.));
#7259=DIRECTION('',(0.,-1.,0.));
#7260=DIRECTION('center_axis',(-1.,0.,0.));
#7261=DIRECTION('ref_axis',(0.,0.,1.));
#7262=DIRECTION('',(0.,0.,1.));
#7263=DIRECTION('',(0.,-1.,0.));
#7264=DIRECTION('center_axis',(0.,0.,1.));
#7265=DIRECTION('ref_axis',(1.,0.,0.));
#7266=DIRECTION('',(0.,-1.,0.));
#7267=DIRECTION('',(1.,0.,0.));
#7268=DIRECTION('',(0.,-1.,0.));
#7269=DIRECTION('center_axis',(0.,0.,-1.));
#7270=DIRECTION('ref_axis',(-1.,0.,0.));
#7271=DIRECTION('',(-1.,0.,0.));
#7272=DIRECTION('',(0.,-1.,0.));
#7273=DIRECTION('center_axis',(-1.,0.,0.));
#7274=DIRECTION('ref_axis',(0.,0.,1.));
#7275=DIRECTION('',(0.,0.,1.));
#7276=DIRECTION('',(0.,-1.,0.));
#7277=DIRECTION('center_axis',(0.,0.,1.));
#7278=DIRECTION('ref_axis',(1.,0.,0.));
#7279=DIRECTION('',(1.,0.,0.));
#7280=DIRECTION('',(0.,-1.,0.));
#7281=DIRECTION('center_axis',(1.,0.,5.55111545399806E-16));
#7282=DIRECTION('ref_axis',(5.55111545399806E-16,0.,-1.));
#7283=DIRECTION('',(0.,-1.,0.));
#7284=DIRECTION('',(5.55111545399806E-16,0.,-1.));
#7285=DIRECTION('center_axis',(-1.,0.,0.));
#7286=DIRECTION('ref_axis',(0.,0.,1.));
#7287=DIRECTION('',(0.,0.,1.));
#7288=DIRECTION('',(0.,-1.,0.));
#7289=DIRECTION('center_axis',(0.,0.,1.));
#7290=DIRECTION('ref_axis',(1.,0.,0.));
#7291=DIRECTION('',(1.,0.,0.));
#7292=DIRECTION('',(0.,-1.,0.));
#7293=DIRECTION('center_axis',(1.,0.,0.));
#7294=DIRECTION('ref_axis',(0.,0.,-1.));
#7295=DIRECTION('',(0.,0.,-1.));
#7296=DIRECTION('',(0.,-1.,0.));
#7297=DIRECTION('center_axis',(0.,0.,-1.));
#7298=DIRECTION('ref_axis',(-1.,0.,0.));
#7299=DIRECTION('',(0.,-1.,0.));
#7300=DIRECTION('',(-1.,0.,0.));
#7301=DIRECTION('center_axis',(-1.,0.,4.16333659049853E-16));
#7302=DIRECTION('ref_axis',(4.16333659049853E-16,0.,1.));
#7303=DIRECTION('',(4.16333659049853E-16,0.,1.));
#7304=DIRECTION('center_axis',(0.,0.,1.));
#7305=DIRECTION('ref_axis',(1.,0.,0.));
#7306=DIRECTION('',(1.,0.,0.));
#7307=DIRECTION('',(0.,-1.,0.));
#7308=DIRECTION('center_axis',(1.,0.,2.77555772699903E-16));
#7309=DIRECTION('ref_axis',(2.77555772699903E-16,0.,-1.));
#7310=DIRECTION('',(2.77555772699903E-16,0.,-1.));
#7311=DIRECTION('',(0.,-1.,0.));
#7312=DIRECTION('center_axis',(0.,0.,-1.));
#7313=DIRECTION('ref_axis',(-1.,0.,0.));
#7314=DIRECTION('',(-1.,0.,0.));
#7315=DIRECTION('center_axis',(1.,0.,0.));
#7316=DIRECTION('ref_axis',(0.,0.,-1.));
#7317=DIRECTION('',(0.,-1.,0.));
#7318=DIRECTION('',(0.,0.,-1.));
#7319=DIRECTION('',(0.,-1.,0.));
#7320=DIRECTION('center_axis',(0.,0.,-1.));
#7321=DIRECTION('ref_axis',(-1.,0.,0.));
#7322=DIRECTION('',(0.,-1.,0.));
#7323=DIRECTION('',(-1.,0.,0.));
#7324=DIRECTION('',(0.,-1.,0.));
#7325=DIRECTION('center_axis',(-1.,0.,0.));
#7326=DIRECTION('ref_axis',(0.,0.,1.));
#7327=DIRECTION('',(0.,0.,1.));
#7328=DIRECTION('',(0.,-1.,0.));
#7329=DIRECTION('center_axis',(0.,0.,1.));
#7330=DIRECTION('ref_axis',(1.,0.,0.));
#7331=DIRECTION('',(0.,-1.,0.));
#7332=DIRECTION('',(1.,0.,0.));
#7333=DIRECTION('center_axis',(0.,0.,-1.));
#7334=DIRECTION('ref_axis',(-1.,0.,0.));
#7335=DIRECTION('',(-1.,0.,0.));
#7336=DIRECTION('',(0.,-1.,0.));
#7337=DIRECTION('center_axis',(-1.,0.,0.));
#7338=DIRECTION('ref_axis',(0.,0.,1.));
#7339=DIRECTION('',(0.,0.,1.));
#7340=DIRECTION('',(0.,-1.,0.));
#7341=DIRECTION('center_axis',(0.,0.,1.));
#7342=DIRECTION('ref_axis',(1.,0.,0.));
#7343=DIRECTION('',(0.,-1.,0.));
#7344=DIRECTION('',(1.,0.,0.));
#7345=DIRECTION('',(0.,-1.,0.));
#7346=DIRECTION('center_axis',(1.,0.,0.));
#7347=DIRECTION('ref_axis',(0.,0.,-1.));
#7348=DIRECTION('',(0.,0.,-1.));
#7349=DIRECTION('center_axis',(0.,0.,-1.));
#7350=DIRECTION('ref_axis',(-1.,0.,0.));
#7351=DIRECTION('',(-1.,0.,0.));
#7352=DIRECTION('',(0.,-1.,0.));
#7353=DIRECTION('center_axis',(-1.,0.,0.));
#7354=DIRECTION('ref_axis',(0.,0.,1.));
#7355=DIRECTION('',(0.,0.,1.));
#7356=DIRECTION('',(0.,-1.,0.));
#7357=DIRECTION('center_axis',(0.,0.,1.));
#7358=DIRECTION('ref_axis',(1.,0.,0.));
#7359=DIRECTION('',(1.,0.,0.));
#7360=DIRECTION('',(0.,-1.,0.));
#7361=DIRECTION('center_axis',(1.,0.,0.));
#7362=DIRECTION('ref_axis',(0.,0.,-1.));
#7363=DIRECTION('',(0.,0.,-1.));
#7364=DIRECTION('center_axis',(0.,0.,1.));
#7365=DIRECTION('ref_axis',(1.,0.,0.));
#7366=DIRECTION('',(1.,0.,0.));
#7367=DIRECTION('',(0.,-1.,0.));
#7368=DIRECTION('center_axis',(1.,0.,0.));
#7369=DIRECTION('ref_axis',(0.,0.,-1.));
#7370=DIRECTION('',(0.,-1.,0.));
#7371=DIRECTION('',(0.,0.,-1.));
#7372=DIRECTION('',(0.,-1.,0.));
#7373=DIRECTION('center_axis',(0.,0.,-1.));
#7374=DIRECTION('ref_axis',(-1.,0.,0.));
#7375=DIRECTION('',(-1.,0.,0.));
#7376=DIRECTION('',(0.,-1.,0.));
#7377=DIRECTION('center_axis',(-1.,0.,0.));
#7378=DIRECTION('ref_axis',(0.,0.,1.));
#7379=DIRECTION('',(0.,0.,1.));
#7380=DIRECTION('center_axis',(-1.,0.,0.));
#7381=DIRECTION('ref_axis',(0.,0.,1.));
#7382=DIRECTION('',(0.,0.,1.));
#7383=DIRECTION('',(0.,-1.,0.));
#7384=DIRECTION('center_axis',(0.,0.,1.));
#7385=DIRECTION('ref_axis',(1.,0.,0.));
#7386=DIRECTION('',(1.,0.,0.));
#7387=DIRECTION('',(0.,-1.,0.));
#7388=DIRECTION('center_axis',(1.,0.,0.));
#7389=DIRECTION('ref_axis',(0.,0.,-1.));
#7390=DIRECTION('',(0.,-1.,0.));
#7391=DIRECTION('',(0.,0.,-1.));
#7392=DIRECTION('',(0.,-1.,0.));
#7393=DIRECTION('center_axis',(0.,0.,-1.));
#7394=DIRECTION('ref_axis',(-1.,0.,0.));
#7395=DIRECTION('',(-1.,0.,0.));
#7396=DIRECTION('center_axis',(-1.,0.,1.33226770895953E-14));
#7397=DIRECTION('ref_axis',(1.33226770895953E-14,0.,1.));
#7398=DIRECTION('',(1.33226770895953E-14,0.,1.));
#7399=DIRECTION('',(0.,-1.,0.));
#7400=DIRECTION('center_axis',(0.,0.,1.));
#7401=DIRECTION('ref_axis',(1.,0.,0.));
#7402=DIRECTION('',(1.,0.,0.));
#7403=DIRECTION('',(0.,1.,0.));
#7404=DIRECTION('center_axis',(1.,0.,0.));
#7405=DIRECTION('ref_axis',(0.,0.,-1.));
#7406=DIRECTION('',(0.,1.,0.));
#7407=DIRECTION('',(0.,0.,-1.));
#7408=DIRECTION('',(0.,-1.,0.));
#7409=DIRECTION('center_axis',(0.,0.,-1.));
#7410=DIRECTION('ref_axis',(-1.,0.,0.));
#7411=DIRECTION('',(-1.,0.,0.));
#7412=DIRECTION('center_axis',(-1.,0.,0.));
#7413=DIRECTION('ref_axis',(0.,0.,1.));
#7414=DIRECTION('',(0.,0.,1.));
#7415=DIRECTION('',(0.,-1.,0.));
#7416=DIRECTION('center_axis',(0.,0.,1.));
#7417=DIRECTION('ref_axis',(1.,0.,0.));
#7418=DIRECTION('',(1.,0.,0.));
#7419=DIRECTION('',(0.,-1.,0.));
#7420=DIRECTION('center_axis',(1.,0.,0.));
#7421=DIRECTION('ref_axis',(0.,0.,-1.));
#7422=DIRECTION('',(0.,0.,-1.));
#7423=DIRECTION('',(0.,-1.,0.));
#7424=DIRECTION('center_axis',(0.,0.,-1.));
#7425=DIRECTION('ref_axis',(-1.,0.,0.));
#7426=DIRECTION('',(-1.,0.,0.));
#7427=DIRECTION('center_axis',(-1.,0.,0.));
#7428=DIRECTION('ref_axis',(0.,0.,1.));
#7429=DIRECTION('',(0.,-1.,0.));
#7430=DIRECTION('',(0.,0.,1.));
#7431=DIRECTION('',(0.,-1.,0.));
#7432=DIRECTION('center_axis',(0.,0.,1.));
#7433=DIRECTION('ref_axis',(1.,0.,0.));
#7434=DIRECTION('',(1.,0.,0.));
#7435=DIRECTION('',(0.,-1.,0.));
#7436=DIRECTION('center_axis',(1.,0.,0.));
#7437=DIRECTION('ref_axis',(0.,0.,-1.));
#7438=DIRECTION('',(0.,0.,-1.));
#7439=DIRECTION('',(0.,-1.,0.));
#7440=DIRECTION('center_axis',(0.,0.,-1.));
#7441=DIRECTION('ref_axis',(-1.,0.,0.));
#7442=DIRECTION('',(-1.,0.,0.));
#7443=DIRECTION('',(0.,-1.,0.));
#7444=DIRECTION('center_axis',(1.,0.,0.));
#7445=DIRECTION('ref_axis',(0.,0.,-1.));
#7446=DIRECTION('',(0.,0.,-1.));
#7447=DIRECTION('',(0.,-1.,0.));
#7448=DIRECTION('center_axis',(0.,0.,-1.));
#7449=DIRECTION('ref_axis',(-1.,0.,0.));
#7450=DIRECTION('',(-1.,0.,0.));
#7451=DIRECTION('',(0.,-1.,0.));
#7452=DIRECTION('center_axis',(-1.,0.,0.));
#7453=DIRECTION('ref_axis',(0.,0.,1.));
#7454=DIRECTION('',(0.,0.,1.));
#7455=DIRECTION('',(0.,-1.,0.));
#7456=DIRECTION('center_axis',(0.,0.,-1.));
#7457=DIRECTION('ref_axis',(-1.,0.,0.));
#7458=DIRECTION('',(-1.,0.,0.));
#7459=DIRECTION('center_axis',(0.,1.,0.));
#7460=DIRECTION('ref_axis',(0.,0.,1.));
#7461=DIRECTION('center_axis',(0.,1.,0.));
#7462=DIRECTION('ref_axis',(0.,0.,1.));
#7463=DIRECTION('center_axis',(0.,-1.,0.));
#7464=DIRECTION('ref_axis',(-1.,0.,0.));
#7465=DIRECTION('',(1.,0.,0.));
#7466=DIRECTION('',(0.,0.,1.));
#7467=DIRECTION('center_axis',(0.,-1.,0.));
#7468=DIRECTION('ref_axis',(-1.,0.,0.));
#7469=DIRECTION('',(1.,0.,0.));
#7470=DIRECTION('',(0.,0.,1.));
#7471=DIRECTION('center_axis',(0.,-1.,0.));
#7472=DIRECTION('ref_axis',(-1.,0.,0.));
#7473=DIRECTION('',(1.,0.,0.));
#7474=DIRECTION('',(0.,0.,1.));
#7475=DIRECTION('center_axis',(0.,-1.,0.));
#7476=DIRECTION('ref_axis',(-1.,0.,0.));
#7477=DIRECTION('',(1.,0.,0.));
#7478=DIRECTION('',(0.,0.,1.));
#7479=DIRECTION('center_axis',(1.,0.,0.));
#7480=DIRECTION('ref_axis',(0.,-1.,0.));
#7481=DIRECTION('center_axis',(-1.,0.,0.));
#7482=DIRECTION('ref_axis',(0.,1.,0.));
#7483=DIRECTION('',(0.,0.,-1.));
#7484=DIRECTION('center_axis',(1.,0.,0.));
#7485=DIRECTION('ref_axis',(0.,-1.,0.));
#7486=DIRECTION('center_axis',(-1.,0.,0.));
#7487=DIRECTION('ref_axis',(0.,1.,0.));
#7488=DIRECTION('',(0.,0.,-1.));
#7489=DIRECTION('center_axis',(1.,0.,0.));
#7490=DIRECTION('ref_axis',(0.,-1.,0.));
#7491=DIRECTION('center_axis',(-1.,0.,0.));
#7492=DIRECTION('ref_axis',(0.,1.,0.));
#7493=DIRECTION('',(0.,0.,1.));
#7494=DIRECTION('center_axis',(1.,0.,0.));
#7495=DIRECTION('ref_axis',(0.,-1.,0.));
#7496=DIRECTION('center_axis',(-1.,0.,0.));
#7497=DIRECTION('ref_axis',(0.,1.,0.));
#7498=DIRECTION('',(0.,0.,-1.));
#7499=DIRECTION('center_axis',(-1.,0.,0.));
#7500=DIRECTION('ref_axis',(0.,1.,0.));
#7501=DIRECTION('',(0.,0.,1.));
#7502=DIRECTION('',(0.,1.,0.));
#7503=DIRECTION('center_axis',(0.,-1.,0.));
#7504=DIRECTION('ref_axis',(0.,0.,-1.));
#7505=DIRECTION('',(0.,0.,-1.));
#7506=DIRECTION('',(1.,0.,9.96833243210017E-17));
#7507=DIRECTION('center_axis',(1.,0.,0.));
#7508=DIRECTION('ref_axis',(0.,-1.,0.));
#7509=DIRECTION('',(0.,0.,-1.));
#7510=DIRECTION('',(0.,-1.,0.));
#7511=DIRECTION('center_axis',(-1.,0.,0.));
#7512=DIRECTION('ref_axis',(0.,1.,0.));
#7513=DIRECTION('',(0.,0.,1.));
#7514=DIRECTION('',(0.,1.,0.));
#7515=DIRECTION('center_axis',(0.,-1.,0.));
#7516=DIRECTION('ref_axis',(0.,0.,-1.));
#7517=DIRECTION('',(0.,0.,-1.));
#7518=DIRECTION('',(1.,0.,9.96833243210017E-17));
#7519=DIRECTION('center_axis',(1.,0.,0.));
#7520=DIRECTION('ref_axis',(0.,-1.,0.));
#7521=DIRECTION('',(0.,0.,-1.));
#7522=DIRECTION('',(0.,-1.,0.));
#7523=DIRECTION('center_axis',(-1.,0.,0.));
#7524=DIRECTION('ref_axis',(0.,1.,0.));
#7525=DIRECTION('',(0.,0.,1.));
#7526=DIRECTION('',(0.,1.,0.));
#7527=DIRECTION('center_axis',(0.,-1.,0.));
#7528=DIRECTION('ref_axis',(0.,0.,-1.));
#7529=DIRECTION('',(0.,0.,-1.));
#7530=DIRECTION('',(1.,0.,9.96833243210017E-17));
#7531=DIRECTION('center_axis',(1.,0.,0.));
#7532=DIRECTION('ref_axis',(0.,-1.,0.));
#7533=DIRECTION('',(0.,0.,-1.));
#7534=DIRECTION('',(0.,-1.,0.));
#7535=DIRECTION('center_axis',(-1.,0.,0.));
#7536=DIRECTION('ref_axis',(0.,1.,0.));
#7537=DIRECTION('',(0.,0.,1.));
#7538=DIRECTION('',(0.,1.,0.));
#7539=DIRECTION('center_axis',(0.,-1.,0.));
#7540=DIRECTION('ref_axis',(0.,0.,-1.));
#7541=DIRECTION('',(0.,0.,-1.));
#7542=DIRECTION('',(1.,0.,9.96833243210017E-17));
#7543=DIRECTION('center_axis',(1.,0.,0.));
#7544=DIRECTION('ref_axis',(0.,-1.,0.));
#7545=DIRECTION('',(0.,0.,-1.));
#7546=DIRECTION('',(0.,-1.,0.));
#7547=DIRECTION('center_axis',(0.,1.,0.));
#7548=DIRECTION('ref_axis',(1.,0.,0.));
#7549=DIRECTION('',(0.,0.,-1.));
#7550=DIRECTION('',(1.,0.,0.));
#7551=DIRECTION('center_axis',(0.,1.,0.));
#7552=DIRECTION('ref_axis',(1.,0.,0.));
#7553=DIRECTION('',(0.,0.,-1.));
#7554=DIRECTION('',(1.,0.,0.));
#7555=DIRECTION('center_axis',(0.,1.,0.));
#7556=DIRECTION('ref_axis',(1.,0.,0.));
#7557=DIRECTION('',(0.,0.,-1.));
#7558=DIRECTION('',(1.,0.,0.));
#7559=DIRECTION('center_axis',(0.,1.,0.));
#7560=DIRECTION('ref_axis',(1.,0.,0.));
#7561=DIRECTION('',(0.,0.,-1.));
#7562=DIRECTION('',(1.,0.,0.));
#7563=DIRECTION('center_axis',(-0.999261155496136,-0.0384336196126032,0.));
#7564=DIRECTION('ref_axis',(-0.0384336196126032,0.999261155496136,0.));
#7565=DIRECTION('',(0.,0.,1.));
#7566=DIRECTION('',(-0.0384336196126032,0.999261155496136,0.));
#7567=DIRECTION('center_axis',(0.,1.,0.));
#7568=DIRECTION('ref_axis',(0.,0.,1.));
#7569=DIRECTION('',(-1.,0.,0.));
#7570=DIRECTION('center_axis',(-9.96833243210017E-17,0.,1.));
#7571=DIRECTION('ref_axis',(-1.,0.,-9.96833243210017E-17));
#7572=DIRECTION('',(0.,1.,0.));
#7573=DIRECTION('',(-1.,0.,-9.96833243210017E-17));
#7574=DIRECTION('center_axis',(-9.96833243210017E-17,0.,1.));
#7575=DIRECTION('ref_axis',(-1.,0.,-9.96833243210017E-17));
#7576=DIRECTION('',(0.,1.,0.));
#7577=DIRECTION('',(-1.,0.,-9.96833243210017E-17));
#7578=DIRECTION('center_axis',(-9.96833243210017E-17,0.,1.));
#7579=DIRECTION('ref_axis',(-1.,0.,-9.96833243210017E-17));
#7580=DIRECTION('',(0.,1.,0.));
#7581=DIRECTION('',(-1.,0.,-9.96833243210017E-17));
#7582=DIRECTION('center_axis',(0.,-1.,0.));
#7583=DIRECTION('ref_axis',(0.,0.,-1.));
#7584=DIRECTION('',(0.,0.,1.));
#7585=DIRECTION('',(1.,0.,0.));
#7586=DIRECTION('center_axis',(0.,-1.,0.));
#7587=DIRECTION('ref_axis',(0.,0.,-1.));
#7588=DIRECTION('',(0.,0.,1.));
#7589=DIRECTION('',(1.,0.,0.));
#7590=DIRECTION('center_axis',(0.,-1.,0.));
#7591=DIRECTION('ref_axis',(0.,0.,-1.));
#7592=DIRECTION('',(0.,0.,1.));
#7593=DIRECTION('',(1.,0.,0.));
#7594=DIRECTION('center_axis',(0.,-1.,0.));
#7595=DIRECTION('ref_axis',(0.,0.,-1.));
#7596=DIRECTION('',(0.,0.,1.));
#7597=DIRECTION('',(1.,0.,0.));
#7598=DIRECTION('',(-1.,0.,-9.96833243210017E-17));
#7599=DIRECTION('center_axis',(-9.96833243210017E-17,0.,1.));
#7600=DIRECTION('ref_axis',(-1.,0.,-9.96833243210017E-17));
#7601=DIRECTION('',(0.,1.,0.));
#7602=DIRECTION('center_axis',(1.,0.,0.));
#7603=DIRECTION('ref_axis',(0.,0.,-1.));
#7604=DIRECTION('',(0.,1.,0.));
#7605=DIRECTION('center_axis',(0.,0.,1.));
#7606=DIRECTION('ref_axis',(1.,0.,0.));
#7607=DIRECTION('',(0.,1.,0.));
#7608=DIRECTION('',(0.,1.,0.));
#7609=DIRECTION('',(0.,1.,0.));
#7610=DIRECTION('center_axis',(1.,0.,0.));
#7611=DIRECTION('ref_axis',(0.,0.,-1.));
#7612=DIRECTION('center_axis',(1.,0.,0.));
#7613=DIRECTION('ref_axis',(0.,0.,-1.));
#7614=DIRECTION('center_axis',(1.,0.,0.));
#7615=DIRECTION('ref_axis',(0.,0.,-1.));
#7616=DIRECTION('center_axis',(0.,0.,1.));
#7617=DIRECTION('ref_axis',(0.,-1.,0.));
#7618=DIRECTION('',(1.,0.,0.));
#7619=DIRECTION('center_axis',(0.,1.,0.));
#7620=DIRECTION('ref_axis',(0.,0.,1.));
#7621=DIRECTION('center_axis',(0.,1.,0.));
#7622=DIRECTION('ref_axis',(0.,0.,-1.));
#7623=DIRECTION('',(-1.,0.,0.));
#7624=DIRECTION('center_axis',(0.,-1.,0.));
#7625=DIRECTION('ref_axis',(0.,0.,1.));
#7626=DIRECTION('',(-1.,0.,0.));
#7627=DIRECTION('center_axis',(0.,0.,1.));
#7628=DIRECTION('ref_axis',(0.,1.,0.));
#7629=CARTESIAN_POINT('',(0.,0.,0.));
#7630=CARTESIAN_POINT('Origin',(-24.85,1.5,-36.3));
#7631=CARTESIAN_POINT('',(-24.85,1.5,39.7));
#7632=CARTESIAN_POINT('',(-24.85,1.5,36.724138871418));
#7633=CARTESIAN_POINT('',(-24.85,1.5,18.35));
#7634=CARTESIAN_POINT('',(-24.85,16.2,39.7));
#7635=CARTESIAN_POINT('',(-24.85,10.2,39.7));
#7636=CARTESIAN_POINT('',(-24.85,16.2,36.724138871418));
#7637=CARTESIAN_POINT('',(-24.85,16.2,0.2));
#7638=CARTESIAN_POINT('',(-24.85,5.9,36.724138871418));
#7639=CARTESIAN_POINT('Origin',(-22.55,16.2,36.724138871418));
#7640=CARTESIAN_POINT('',(-22.55,-1.,36.724138871418));
#7641=CARTESIAN_POINT('',(-22.55,16.2,36.724138871418));
#7642=CARTESIAN_POINT('',(-22.55,5.9,36.724138871418));
#7643=CARTESIAN_POINT('',(-24.85,-1.,36.724138871418));
#7644=CARTESIAN_POINT('',(-22.55,-1.,36.724138871418));
#7645=CARTESIAN_POINT('',(-24.85,7.6,36.724138871418));
#7646=CARTESIAN_POINT('',(-31.8,16.2,36.724138871418));
#7647=CARTESIAN_POINT('Origin',(-24.85,-1.,36.7));
#7648=CARTESIAN_POINT('',(-24.85,-1.,36.7216152621334));
#7649=CARTESIAN_POINT('',(-24.85,-1.,36.7));
#7650=CARTESIAN_POINT('',(-24.85,1.5,36.7216152621334));
#7651=CARTESIAN_POINT('',(-24.85,4.65,36.7216152621334));
#7652=CARTESIAN_POINT('',(-24.85,1.5,18.35));
#7653=CARTESIAN_POINT('Origin',(-22.55,-1.,36.7));
#7654=CARTESIAN_POINT('',(-11.2945157164553,-0.999999999999998,36.7364886299575));
#7655=CARTESIAN_POINT('Origin',(-41.05,16.2,36.7));
#7656=CARTESIAN_POINT('',(-41.07,16.2,39.7));
#7657=CARTESIAN_POINT('',(-34.75,16.2,39.7));
#7658=CARTESIAN_POINT('',(-41.07,16.2,36.7038183305698));
#7659=CARTESIAN_POINT('',(-41.07,16.2,36.5));
#7660=CARTESIAN_POINT('',(-21.7695034297717,16.2,36.7249952489794));
#7661=CARTESIAN_POINT('Origin',(-2.85000000000001,1.5,-36.3));
#7662=CARTESIAN_POINT('',(-2.85000000000001,1.5,39.7));
#7663=CARTESIAN_POINT('',(-2.85,1.5,36.7482777428361));
#7664=CARTESIAN_POINT('',(-2.85000000000001,1.5,18.35));
#7665=CARTESIAN_POINT('',(-2.85000000000001,16.2,39.7));
#7666=CARTESIAN_POINT('',(-2.85000000000001,10.2,39.7));
#7667=CARTESIAN_POINT('',(-2.85000000000001,16.2,36.7482777428361));
#7668=CARTESIAN_POINT('',(-2.85000000000001,16.2,0.2));
#7669=CARTESIAN_POINT('',(-2.85,5.9,36.7482777428361));
#7670=CARTESIAN_POINT('Origin',(-0.550000000000003,16.2,36.7482777428361));
#7671=CARTESIAN_POINT('',(-0.550000000000015,-1.,36.7482777428361));
#7672=CARTESIAN_POINT('',(-0.550000000000006,16.2,36.7482777428361));
#7673=CARTESIAN_POINT('',(-0.550000000000003,5.9,36.7482777428361));
#7674=CARTESIAN_POINT('',(-2.85000000000001,-1.,36.7482777428361));
#7675=CARTESIAN_POINT('',(-0.550000000000009,-1.,36.7482777428361));
#7676=CARTESIAN_POINT('',(-2.85000000000001,7.6,36.7482777428361));
#7677=CARTESIAN_POINT('',(-9.80000000000001,16.2,36.7482777428361));
#7678=CARTESIAN_POINT('Origin',(-2.85000000000001,-1.,36.7));
#7679=CARTESIAN_POINT('',(-2.85000000000001,-1.,36.7457541335515));
#7680=CARTESIAN_POINT('',(-2.85000000000001,-1.,36.7));
#7681=CARTESIAN_POINT('',(-2.85000000000001,1.5,36.7457541335515));
#7682=CARTESIAN_POINT('',(-2.85000000000001,4.65,36.7457541335515));
#7683=CARTESIAN_POINT('',(-2.85000000000001,1.5,18.35));
#7684=CARTESIAN_POINT('Origin',(-0.550000000000015,-1.,36.7));
#7685=CARTESIAN_POINT('',(-0.294528959282861,-0.999999999999998,36.7485580511362));
#7686=CARTESIAN_POINT('Origin',(-19.05,16.2,36.7));
#7687=CARTESIAN_POINT('',(-19.07,16.2,39.7));
#7688=CARTESIAN_POINT('',(-23.75,16.2,39.7));
#7689=CARTESIAN_POINT('',(-19.07,16.2,36.7279572019878));
#7690=CARTESIAN_POINT('',(-19.07,16.2,36.5));
#7691=CARTESIAN_POINT('',(-10.7445163785967,16.2,36.7370921010164));
#7692=CARTESIAN_POINT('Origin',(19.15,1.5,-36.3));
#7693=CARTESIAN_POINT('',(19.15,1.5,39.7));
#7694=CARTESIAN_POINT('',(19.15,1.5,36.7724166142541));
#7695=CARTESIAN_POINT('',(19.15,1.5,18.35));
#7696=CARTESIAN_POINT('',(19.15,16.2,39.7));
#7697=CARTESIAN_POINT('',(19.15,10.2,39.7));
#7698=CARTESIAN_POINT('',(19.15,16.2,36.7724166142541));
#7699=CARTESIAN_POINT('',(19.15,16.2,0.2));
#7700=CARTESIAN_POINT('',(19.15,5.9,36.7724166142541));
#7701=CARTESIAN_POINT('Origin',(21.45,16.2,36.7724166142541));
#7702=CARTESIAN_POINT('',(21.45,-1.,36.7724166142541));
#7703=CARTESIAN_POINT('',(21.45,16.2,36.7724166142541));
#7704=CARTESIAN_POINT('',(21.45,5.9,36.7724166142541));
#7705=CARTESIAN_POINT('',(19.15,-1.,36.7724166142541));
#7706=CARTESIAN_POINT('',(21.45,-1.,36.7724166142541));
#7707=CARTESIAN_POINT('',(19.15,7.6,36.7724166142541));
#7708=CARTESIAN_POINT('',(12.2,16.2,36.7724166142541));
#7709=CARTESIAN_POINT('Origin',(19.15,-1.,36.7));
#7710=CARTESIAN_POINT('',(19.15,-1.,36.7698930049695));
#7711=CARTESIAN_POINT('',(19.15,-1.,36.7));
#7712=CARTESIAN_POINT('',(19.15,1.5,36.7698930049695));
#7713=CARTESIAN_POINT('',(19.15,4.65,36.7698930049695));
#7714=CARTESIAN_POINT('',(19.15,1.5,18.35));
#7715=CARTESIAN_POINT('Origin',(21.45,-1.,36.7));
#7716=CARTESIAN_POINT('',(10.7054577978896,-0.999999999999998,36.7606274723149));
#7717=CARTESIAN_POINT('Origin',(2.94999999999999,16.2,36.7));
#7718=CARTESIAN_POINT('',(2.93,16.2,39.7));
#7719=CARTESIAN_POINT('',(-12.75,16.2,39.7));
#7720=CARTESIAN_POINT('',(2.93,16.2,36.7520960734058));
#7721=CARTESIAN_POINT('',(2.93,16.2,36.5));
#7722=CARTESIAN_POINT('',(0.255470378575768,16.2,36.7491615221951));
#7723=CARTESIAN_POINT('Origin',(41.15,1.5,-36.3));
#7724=CARTESIAN_POINT('',(41.15,1.5,39.7));
#7725=CARTESIAN_POINT('',(41.15,1.5,36.7965554856721));
#7726=CARTESIAN_POINT('',(41.15,1.5,18.35));
#7727=CARTESIAN_POINT('',(41.15,16.2,39.7));
#7728=CARTESIAN_POINT('',(41.15,10.2,39.7));
#7729=CARTESIAN_POINT('',(41.15,16.2,36.7965554856721));
#7730=CARTESIAN_POINT('',(41.15,16.2,0.2));
#7731=CARTESIAN_POINT('',(41.15,5.9,36.7965554856721));
#7732=CARTESIAN_POINT('Origin',(43.45,16.2,36.7965554856721));
#7733=CARTESIAN_POINT('',(43.45,-1.,36.7965554856721));
#7734=CARTESIAN_POINT('',(43.45,16.2,36.7965554856721));
#7735=CARTESIAN_POINT('',(43.45,5.9,36.7965554856721));
#7736=CARTESIAN_POINT('',(41.15,-1.,36.7965554856721));
#7737=CARTESIAN_POINT('',(43.45,-1.,36.7965554856721));
#7738=CARTESIAN_POINT('',(41.15,7.6,36.7965554856721));
#7739=CARTESIAN_POINT('',(34.2,16.2,36.7965554856721));
#7740=CARTESIAN_POINT('Origin',(41.15,-1.,36.7));
#7741=CARTESIAN_POINT('',(41.15,-1.,36.7940318763875));
#7742=CARTESIAN_POINT('',(41.15,-1.,36.7));
#7743=CARTESIAN_POINT('',(41.15,1.5,36.7940318763875));
#7744=CARTESIAN_POINT('',(41.15,4.65,36.7940318763875));
#7745=CARTESIAN_POINT('',(41.15,1.5,18.35));
#7746=CARTESIAN_POINT('Origin',(43.45,-1.,36.7));
#7747=CARTESIAN_POINT('',(21.7054445550621,-0.999999999999998,36.7726968934936));
#7748=CARTESIAN_POINT('Origin',(24.95,16.2,36.7));
#7749=CARTESIAN_POINT('',(24.93,16.2,39.7));
#7750=CARTESIAN_POINT('',(-1.75,16.2,39.7));
#7751=CARTESIAN_POINT('',(24.93,16.2,36.7762349448239));
#7752=CARTESIAN_POINT('',(24.93,16.2,36.5));
#7753=CARTESIAN_POINT('',(11.2554571357482,16.2,36.7612309433738));
#7754=CARTESIAN_POINT('Origin',(22.55,-1.,36.773623557825));
#7755=CARTESIAN_POINT('',(22.55,16.2,36.773623557825));
#7756=CARTESIAN_POINT('',(22.55,-1.,36.773623557825));
#7757=CARTESIAN_POINT('',(22.55,5.9,36.773623557825));
#7758=CARTESIAN_POINT('',(24.93,16.2,36.773623557825));
#7759=CARTESIAN_POINT('',(22.55,16.2,36.773623557825));
#7760=CARTESIAN_POINT('',(24.93,-1.,36.773623557825));
#7761=CARTESIAN_POINT('',(24.93,5.9,36.773623557825));
#7762=CARTESIAN_POINT('',(22.55,-1.,36.773623557825));
#7763=CARTESIAN_POINT('Origin',(22.55,-1.,39.7));
#7764=CARTESIAN_POINT('',(24.93,-1.,36.7762349448239));
#7765=CARTESIAN_POINT('',(11.257102965909,-0.999999999999999,36.761232749214));
#7766=CARTESIAN_POINT('',(24.93,-1.,36.7));
#7767=CARTESIAN_POINT('Origin',(22.55,16.2,36.773623557825));
#7768=CARTESIAN_POINT('',(11.2554571357482,16.2,36.7612309433738));
#7769=CARTESIAN_POINT('',(24.93,16.2,36.5));
#7770=CARTESIAN_POINT('Origin',(24.93,1.5,36.3));
#7771=CARTESIAN_POINT('',(24.93,1.5,36.7762349448239));
#7772=CARTESIAN_POINT('',(24.93,5.9,36.7762349448239));
#7773=CARTESIAN_POINT('',(24.93,1.5,39.7));
#7774=CARTESIAN_POINT('',(24.93,-0.5,39.7));
#7775=CARTESIAN_POINT('',(24.93,1.5,18.15));
#7776=CARTESIAN_POINT('Origin',(-0.0390049472555397,10.3,36.7488384175576));
#7777=CARTESIAN_POINT('',(-44.55,22.1,36.7));
#7778=CARTESIAN_POINT('',(44.55,22.1,36.797762429243));
#7779=CARTESIAN_POINT('',(-22.0396367936647,22.1,36.7246988528641));
#7780=CARTESIAN_POINT('',(44.55,12.8,36.797762429243));
#7781=CARTESIAN_POINT('',(44.55,5.15,36.797762429243));
#7782=CARTESIAN_POINT('',(44.55,7.8,36.797762429243));
#7783=CARTESIAN_POINT('',(44.55,5.15,36.797762429243));
#7784=CARTESIAN_POINT('',(44.55,-2.7,36.797762429243));
#7785=CARTESIAN_POINT('',(44.55,-1.5,36.797762429243));
#7786=CARTESIAN_POINT('',(-44.55,-2.7,36.7));
#7787=CARTESIAN_POINT('',(-0.0396632793198302,-2.7,36.7488376952215));
#7788=CARTESIAN_POINT('',(-44.55,7.83904745723123,36.7));
#7789=CARTESIAN_POINT('',(-44.55,5.15,36.7));
#7790=CARTESIAN_POINT('',(-44.55,12.8390474572312,36.7));
#7791=CARTESIAN_POINT('',(-44.55,5.15,36.7));
#7792=CARTESIAN_POINT('',(-44.55,5.15,36.7));
#7793=CARTESIAN_POINT('',(-43.45,-1.,36.7012069435709));
#7794=CARTESIAN_POINT('',(-41.07,-1.,36.7038183305698));
#7795=CARTESIAN_POINT('',(-21.7428573056084,-0.999999999999999,36.7250244856778));
#7796=CARTESIAN_POINT('',(-41.07,1.5,36.7038183305698));
#7797=CARTESIAN_POINT('',(-41.07,5.9,36.7038183305698));
#7798=CARTESIAN_POINT('',(-0.0396632793198302,1.5,36.7488376952215));
#7799=CARTESIAN_POINT('',(-43.45,16.2,36.7012069435709));
#7800=CARTESIAN_POINT('',(-21.7695034297717,16.2,36.7249952489794));
#7801=CARTESIAN_POINT('',(-43.45,5.9,36.7012069435709));
#7802=CARTESIAN_POINT('',(-0.0396632793198302,1.5,36.7488376952215));
#7803=CARTESIAN_POINT('',(-21.45,-1.,36.7253458149889));
#7804=CARTESIAN_POINT('',(-19.07,-1.,36.7279572019878));
#7805=CARTESIAN_POINT('',(-10.742870548436,-0.999999999999999,36.7370939068566));
#7806=CARTESIAN_POINT('',(-19.07,1.5,36.7279572019878));
#7807=CARTESIAN_POINT('',(-19.07,5.9,36.7279572019878));
#7808=CARTESIAN_POINT('',(-0.0396632793198302,1.5,36.7488376952215));
#7809=CARTESIAN_POINT('',(-21.45,16.2,36.7253458149889));
#7810=CARTESIAN_POINT('',(-10.7445163785967,16.2,36.7370921010164));
#7811=CARTESIAN_POINT('',(-21.45,5.9,36.7253458149889));
#7812=CARTESIAN_POINT('',(0.549999999999988,-1.,36.749484686407));
#7813=CARTESIAN_POINT('',(2.92999999999999,-1.,36.7520960734058));
#7814=CARTESIAN_POINT('',(0.257116208736495,-0.999999999999999,36.7491633280353));
#7815=CARTESIAN_POINT('',(2.93,1.5,36.7520960734058));
#7816=CARTESIAN_POINT('',(2.93,5.9,36.7520960734058));
#7817=CARTESIAN_POINT('',(-0.0396632793198302,1.5,36.7488376952215));
#7818=CARTESIAN_POINT('',(0.549999999999997,16.2,36.749484686407));
#7819=CARTESIAN_POINT('',(0.255470378575768,16.2,36.7491615221951));
#7820=CARTESIAN_POINT('',(0.549999999999997,5.9,36.749484686407));
#7821=CARTESIAN_POINT('Origin',(0.,1.5,0.));
#7822=CARTESIAN_POINT('',(44.55,1.5,39.7));
#7823=CARTESIAN_POINT('Origin',(0.549999999999997,-1.,36.749484686407));
#7824=CARTESIAN_POINT('',(2.93,16.2,36.749484686407));
#7825=CARTESIAN_POINT('',(0.549999999999997,16.2,36.749484686407));
#7826=CARTESIAN_POINT('',(2.92999999999999,-1.,36.749484686407));
#7827=CARTESIAN_POINT('',(2.93,5.9,36.749484686407));
#7828=CARTESIAN_POINT('',(0.549999999999988,-1.,36.749484686407));
#7829=CARTESIAN_POINT('Origin',(0.549999999999988,-1.,39.7));
#7830=CARTESIAN_POINT('',(2.92999999999999,-1.,36.7));
#7831=CARTESIAN_POINT('Origin',(0.549999999999997,16.2,36.749484686407));
#7832=CARTESIAN_POINT('',(2.93,16.2,36.5));
#7833=CARTESIAN_POINT('Origin',(2.93,1.5,36.3));
#7834=CARTESIAN_POINT('',(2.92999999999999,1.5,39.7));
#7835=CARTESIAN_POINT('',(2.92999999999999,-0.5,39.7));
#7836=CARTESIAN_POINT('',(2.93,1.5,18.15));
#7837=CARTESIAN_POINT('Origin',(0.,1.5,0.));
#7838=CARTESIAN_POINT('',(44.55,1.5,39.7));
#7839=CARTESIAN_POINT('Origin',(-21.45,-1.,36.7253458149889));
#7840=CARTESIAN_POINT('',(-19.07,16.2,36.7253458149889));
#7841=CARTESIAN_POINT('',(-21.45,16.2,36.7253458149889));
#7842=CARTESIAN_POINT('',(-19.07,-1.,36.7253458149889));
#7843=CARTESIAN_POINT('',(-19.07,5.9,36.7253458149889));
#7844=CARTESIAN_POINT('',(-21.45,-1.,36.7253458149889));
#7845=CARTESIAN_POINT('Origin',(-21.45,-1.,39.7));
#7846=CARTESIAN_POINT('',(-19.07,-1.,36.7));
#7847=CARTESIAN_POINT('Origin',(-21.45,16.2,36.7253458149889));
#7848=CARTESIAN_POINT('',(-19.07,16.2,36.5));
#7849=CARTESIAN_POINT('Origin',(-19.07,1.5,36.3));
#7850=CARTESIAN_POINT('',(-19.07,1.5,39.7));
#7851=CARTESIAN_POINT('',(-19.07,-0.5,39.7));
#7852=CARTESIAN_POINT('',(-19.07,1.5,18.15));
#7853=CARTESIAN_POINT('Origin',(0.,1.5,0.));
#7854=CARTESIAN_POINT('',(44.55,1.5,39.7));
#7855=CARTESIAN_POINT('Origin',(-41.07,1.5,36.3));
#7856=CARTESIAN_POINT('',(-41.07,1.5,39.7));
#7857=CARTESIAN_POINT('',(-41.07,1.5,18.15));
#7858=CARTESIAN_POINT('',(-41.07,-1.,36.7012069435709));
#7859=CARTESIAN_POINT('',(-41.07,-1.,36.7));
#7860=CARTESIAN_POINT('',(-41.07,16.2,36.7012069435709));
#7861=CARTESIAN_POINT('',(-41.07,5.9,36.7012069435709));
#7862=CARTESIAN_POINT('',(-41.07,16.2,36.5));
#7863=CARTESIAN_POINT('',(-41.07,-0.5,39.7));
#7864=CARTESIAN_POINT('Origin',(-43.45,-1.,36.7012069435709));
#7865=CARTESIAN_POINT('',(-43.45,16.2,36.7012069435709));
#7866=CARTESIAN_POINT('',(-43.45,-1.,36.7012069435709));
#7867=CARTESIAN_POINT('Origin',(-43.45,-1.,39.7));
#7868=CARTESIAN_POINT('Origin',(-43.45,16.2,36.7012069435709));
#7869=CARTESIAN_POINT('Origin',(0.,1.5,0.));
#7870=CARTESIAN_POINT('',(44.55,1.5,39.7));
#7871=CARTESIAN_POINT('Origin',(-44.55,0.,39.7));
#7872=CARTESIAN_POINT('',(44.55,7.8,39.7));
#7873=CARTESIAN_POINT('',(44.55,-2.7,39.7));
#7874=CARTESIAN_POINT('',(44.55,-1.5,39.7));
#7875=CARTESIAN_POINT('',(49.55,7.8,39.7));
#7876=CARTESIAN_POINT('',(44.55,7.8,39.7));
#7877=CARTESIAN_POINT('',(49.55,12.8,39.7));
#7878=CARTESIAN_POINT('',(49.55,12.8,39.7));
#7879=CARTESIAN_POINT('',(44.55,12.8,39.7));
#7880=CARTESIAN_POINT('',(44.55,12.8,39.7));
#7881=CARTESIAN_POINT('',(44.55,22.1,39.7));
#7882=CARTESIAN_POINT('',(44.55,0.,39.7));
#7883=CARTESIAN_POINT('',(-44.55,22.1,39.7));
#7884=CARTESIAN_POINT('',(-44.55,22.1,39.7));
#7885=CARTESIAN_POINT('',(-44.55,12.8390474572312,39.7));
#7886=CARTESIAN_POINT('',(-44.55,20.6,39.7));
#7887=CARTESIAN_POINT('',(-49.55,12.8390474572312,39.7));
#7888=CARTESIAN_POINT('',(-44.55,12.8390474572312,39.7));
#7889=CARTESIAN_POINT('',(-49.55,7.83904745723123,39.7));
#7890=CARTESIAN_POINT('',(-49.55,12.8390474572312,39.7));
#7891=CARTESIAN_POINT('',(-44.55,7.83904745723123,39.7));
#7892=CARTESIAN_POINT('',(-44.55,7.83904745723123,39.7));
#7893=CARTESIAN_POINT('',(-44.55,-2.7,39.7));
#7894=CARTESIAN_POINT('',(-44.55,20.6,39.7));
#7895=CARTESIAN_POINT('',(44.55,-2.7,39.7));
#7896=CARTESIAN_POINT('Origin',(0.,-2.7,0.));
#7897=CARTESIAN_POINT('',(44.55,-2.7,36.3));
#7898=CARTESIAN_POINT('',(-44.55,-2.7,36.7));
#7899=CARTESIAN_POINT('Origin',(-44.55,12.8390474572312,36.7));
#7900=CARTESIAN_POINT('',(-49.55,7.83904745723123,36.7));
#7901=CARTESIAN_POINT('',(-44.55,7.83904745723123,36.7));
#7902=CARTESIAN_POINT('',(-49.55,12.8390474572312,36.7));
#7903=CARTESIAN_POINT('',(-49.55,7.83904745723123,36.7));
#7904=CARTESIAN_POINT('',(-44.55,12.8390474572312,36.7));
#7905=CARTESIAN_POINT('Origin',(-44.55,12.8390474572312,39.7));
#7906=CARTESIAN_POINT('',(-44.55,12.8390474572312,1.7));
#7907=CARTESIAN_POINT('',(-49.55,12.8390474572312,36.7));
#7908=CARTESIAN_POINT('Origin',(-44.55,7.83904745723123,36.7));
#7909=CARTESIAN_POINT('',(-44.55,7.83904745723123,0.200000000000005));
#7910=CARTESIAN_POINT('',(-49.55,7.83904745723123,39.7));
#7911=CARTESIAN_POINT('Origin',(-49.55,10.3390474572312,38.2));
#7912=CARTESIAN_POINT('Origin',(-44.55,0.,-36.3));
#7913=CARTESIAN_POINT('',(-44.55,22.1,-36.3));
#7914=CARTESIAN_POINT('Origin',(-44.55,0.,-36.3));
#7915=CARTESIAN_POINT('Origin',(44.55,12.8,36.797762429243));
#7916=CARTESIAN_POINT('',(44.55,12.8,36.5488812146215));
#7917=CARTESIAN_POINT('',(49.55,12.8,36.797762429243));
#7918=CARTESIAN_POINT('',(49.55,12.8,36.797762429243));
#7919=CARTESIAN_POINT('',(44.55,12.8,36.797762429243));
#7920=CARTESIAN_POINT('Origin',(44.55,7.8,36.797762429243));
#7921=CARTESIAN_POINT('',(49.55,7.8,36.797762429243));
#7922=CARTESIAN_POINT('',(49.55,12.8,36.797762429243));
#7923=CARTESIAN_POINT('',(44.55,7.8,36.797762429243));
#7924=CARTESIAN_POINT('Origin',(44.55,7.8,39.7));
#7925=CARTESIAN_POINT('',(44.55,7.8,38.));
#7926=CARTESIAN_POINT('',(49.55,7.8,39.7));
#7927=CARTESIAN_POINT('Origin',(49.55,10.3,38.2488812146215));
#7928=CARTESIAN_POINT('Origin',(44.55,0.,36.3));
#7929=CARTESIAN_POINT('',(44.55,22.1,36.7));
#7930=CARTESIAN_POINT('Origin',(44.55,0.,36.3));
#7931=CARTESIAN_POINT('Origin',(-44.,22.1,0.));
#7932=CARTESIAN_POINT('Origin',(49.55,12.8,36.797762429243));
#7933=CARTESIAN_POINT('',(49.55,12.8,36.797762429243));
#7934=CARTESIAN_POINT('',(49.55,7.8,36.797762429243));
#7935=CARTESIAN_POINT('',(49.55,12.8,36.797762429243));
#7936=CARTESIAN_POINT('',(49.55,7.8,26.797762429243));
#7937=CARTESIAN_POINT('',(49.55,7.8,36.797762429243));
#7938=CARTESIAN_POINT('',(49.55,12.8,26.797762429243));
#7939=CARTESIAN_POINT('',(49.55,12.8,26.797762429243));
#7940=CARTESIAN_POINT('',(49.55,12.8,36.797762429243));
#7941=CARTESIAN_POINT('Origin',(44.55,12.8,26.797762429243));
#7942=CARTESIAN_POINT('',(44.55,12.8,26.797762429243));
#7943=CARTESIAN_POINT('',(44.55,7.8,26.797762429243));
#7944=CARTESIAN_POINT('',(44.55,6.4,26.797762429243));
#7945=CARTESIAN_POINT('',(44.55,12.8,26.797762429243));
#7946=CARTESIAN_POINT('',(44.55,7.8,26.797762429243));
#7947=CARTESIAN_POINT('Origin',(44.55,0.,36.3));
#7948=CARTESIAN_POINT('',(44.55,12.8,36.797762429243));
#7949=CARTESIAN_POINT('',(44.55,12.8,34.1362510330686));
#7950=CARTESIAN_POINT('',(44.55,7.8,36.797762429243));
#7951=CARTESIAN_POINT('',(44.55,7.8,36.797762429243));
#7952=CARTESIAN_POINT('',(44.55,-2.7,36.797762429243));
#7953=CARTESIAN_POINT('',(44.55,5.15,36.797762429243));
#7954=CARTESIAN_POINT('',(44.55,-2.7,-37.3));
#7955=CARTESIAN_POINT('',(44.55,-2.7,36.3));
#7956=CARTESIAN_POINT('',(44.55,22.1,-37.3));
#7957=CARTESIAN_POINT('',(44.55,0.,-37.3));
#7958=CARTESIAN_POINT('',(44.55,22.1,36.797762429243));
#7959=CARTESIAN_POINT('',(44.55,22.1,36.7));
#7960=CARTESIAN_POINT('',(44.55,5.15,36.797762429243));
#7961=CARTESIAN_POINT('Origin',(-49.55,7.8,36.7));
#7962=CARTESIAN_POINT('',(-49.55,7.8,36.7));
#7963=CARTESIAN_POINT('',(-49.55,12.8,36.7));
#7964=CARTESIAN_POINT('',(-49.55,7.8,36.7));
#7965=CARTESIAN_POINT('',(-49.55,12.8,26.7));
#7966=CARTESIAN_POINT('',(-49.55,12.8,36.7));
#7967=CARTESIAN_POINT('',(-49.55,7.8,26.7));
#7968=CARTESIAN_POINT('',(-49.55,7.8,26.7));
#7969=CARTESIAN_POINT('',(-49.55,7.8,36.7));
#7970=CARTESIAN_POINT('Origin',(-44.55,7.8,26.7));
#7971=CARTESIAN_POINT('',(-44.55,12.8,26.7));
#7972=CARTESIAN_POINT('',(-44.55,7.8,26.7));
#7973=CARTESIAN_POINT('',(-44.55,12.8,26.7));
#7974=CARTESIAN_POINT('',(-44.55,7.8,26.7));
#7975=CARTESIAN_POINT('',(-44.55,12.8,26.7));
#7976=CARTESIAN_POINT('Origin',(-44.,21.7,0.));
#7977=CARTESIAN_POINT('',(-14.1124641386315,21.7,-2.38785420643116));
#7978=CARTESIAN_POINT('',(-14.1124641386315,21.7,-4.38785408722187));
#7979=CARTESIAN_POINT('Ctrl Pts',(-14.1124641386315,21.7,-2.38785420643116));
#7980=CARTESIAN_POINT('Ctrl Pts',(-14.1124641386315,21.7,-2.8878541269583));
#7981=CARTESIAN_POINT('Ctrl Pts',(-14.1124641386315,21.7,-3.55452075388854));
#7982=CARTESIAN_POINT('Ctrl Pts',(-14.1124641386315,21.7,-4.22118738081877));
#7983=CARTESIAN_POINT('Ctrl Pts',(-14.1124641386315,21.7,-4.38785408722187));
#7984=CARTESIAN_POINT('',(-13.1124650923058,21.7,-2.38785420643116));
#7985=CARTESIAN_POINT('',(-14.1124641386315,21.7,-2.38785420643116));
#7986=CARTESIAN_POINT('',(-13.1124650923058,21.7,-4.38785408722187));
#7987=CARTESIAN_POINT('Ctrl Pts',(-13.1124650923058,21.7,-4.38785408722187));
#7988=CARTESIAN_POINT('Ctrl Pts',(-13.1124650923058,21.7,-3.88785416669473));
#7989=CARTESIAN_POINT('Ctrl Pts',(-13.1124650923058,21.7,-3.22118753976449));
#7990=CARTESIAN_POINT('Ctrl Pts',(-13.1124650923058,21.7,-2.55452091283425));
#7991=CARTESIAN_POINT('Ctrl Pts',(-13.1124650923058,21.7,-2.38785420643116));
#7992=CARTESIAN_POINT('',(-13.1124650923058,21.7,-4.38785408722187));
#7993=CARTESIAN_POINT('Origin',(-44.,21.7,0.));
#7994=CARTESIAN_POINT('',(-11.1124646154687,21.7,5.61214591277813));
#7995=CARTESIAN_POINT('',(-11.1124646154687,21.7,6.61214615119671));
#7996=CARTESIAN_POINT('',(-11.1124646154687,21.7,6.61214615119671));
#7997=CARTESIAN_POINT('',(-13.1124650923058,21.7,5.61214591277813));
#7998=CARTESIAN_POINT('',(-11.1124646154687,21.7,5.61214591277813));
#7999=CARTESIAN_POINT('',(-13.1124650923058,21.7,-1.38785396801258));
#8000=CARTESIAN_POINT('',(-13.1124650923058,21.7,5.61214591277813));
#8001=CARTESIAN_POINT('',(-15.1124643770501,21.7,-1.38785396801258));
#8002=CARTESIAN_POINT('',(-13.1124650923058,21.7,-1.38785396801258));
#8003=CARTESIAN_POINT('',(-15.1124643770501,21.7,-0.387853729594001));
#8004=CARTESIAN_POINT('',(-15.1124643770501,21.7,-1.38785396801258));
#8005=CARTESIAN_POINT('',(-14.1124641386315,21.7,-0.387853729594001));
#8006=CARTESIAN_POINT('',(-15.1124643770501,21.7,-0.387853729594001));
#8007=CARTESIAN_POINT('',(-14.1124641386315,21.7,5.61214591277813));
#8008=CARTESIAN_POINT('Ctrl Pts',(-14.1124641386315,21.7,5.61214591277813));
#8009=CARTESIAN_POINT('Ctrl Pts',(-14.1124641386315,21.7,4.11214595251456));
#8010=CARTESIAN_POINT('Ctrl Pts',(-14.1124641386315,21.7,2.11214607172385));
#8011=CARTESIAN_POINT('Ctrl Pts',(-14.1124641386315,21.7,0.11214619093314));
#8012=CARTESIAN_POINT('Ctrl Pts',(-14.1124641386315,21.7,-0.387853729594001));
#8013=CARTESIAN_POINT('',(-16.1124646154687,21.7,5.61214591277813));
#8014=CARTESIAN_POINT('',(-14.1124641386315,21.7,5.61214591277813));
#8015=CARTESIAN_POINT('',(-16.1124646154687,21.7,6.61214615119671));
#8016=CARTESIAN_POINT('',(-16.1124646154687,21.7,5.61214591277813));
#8017=CARTESIAN_POINT('',(-16.1124646154687,21.7,6.61214615119671));
#8018=CARTESIAN_POINT('Origin',(-44.,21.7,0.));
#8019=CARTESIAN_POINT('',(13.8875353845313,21.7,-3.38785384880329));
#8020=CARTESIAN_POINT('',(13.8875353845313,21.7,-2.38785420643116));
#8021=CARTESIAN_POINT('',(13.8875353845313,21.7,-2.38785420643116));
#8022=CARTESIAN_POINT('',(6.88753490769418,21.7,-3.38785384880329));
#8023=CARTESIAN_POINT('',(13.8875353845313,21.7,-3.38785384880329));
#8024=CARTESIAN_POINT('',(6.88753490769418,21.7,-2.38785420643116));
#8025=CARTESIAN_POINT('',(6.88753490769418,21.7,-3.38785384880329));
#8026=CARTESIAN_POINT('',(9.88753443085702,21.7,-2.38785420643116));
#8027=CARTESIAN_POINT('',(6.88753490769418,21.7,-2.38785420643116));
#8028=CARTESIAN_POINT('',(9.88753443085702,21.7,6.61214615119671));
#8029=CARTESIAN_POINT('',(9.88753443085702,21.7,-2.38785420643116));
#8030=CARTESIAN_POINT('',(10.8875358613685,21.7,6.61214615119671));
#8031=CARTESIAN_POINT('',(9.88753443085702,21.7,6.61214615119671));
#8032=CARTESIAN_POINT('',(10.8875358613685,21.7,-2.38785420643116));
#8033=CARTESIAN_POINT('',(10.8875358613685,21.7,6.61214615119671));
#8034=CARTESIAN_POINT('',(10.8875358613685,21.7,-2.38785420643116));
#8035=CARTESIAN_POINT('Origin',(-44.,21.7,0.));
#8036=CARTESIAN_POINT('',(23.8875330003455,21.7,-3.38785384880329));
#8037=CARTESIAN_POINT('',(23.8875330003455,21.7,-1.38785396801258));
#8038=CARTESIAN_POINT('Ctrl Pts',(23.8875330003455,21.7,-3.38785384880329));
#8039=CARTESIAN_POINT('Ctrl Pts',(23.8875330003455,21.7,-2.88785392827615));
#8040=CARTESIAN_POINT('Ctrl Pts',(23.8875330003455,21.7,-2.22118730134591));
#8041=CARTESIAN_POINT('Ctrl Pts',(23.8875330003455,21.7,-1.55452067441568));
#8042=CARTESIAN_POINT('Ctrl Pts',(23.8875330003455,21.7,-1.38785396801258));
#8043=CARTESIAN_POINT('',(22.8875387223914,21.7,-3.38785384880329));
#8044=CARTESIAN_POINT('',(23.8875330003455,21.7,-3.38785384880329));
#8045=CARTESIAN_POINT('',(22.8875387223914,21.7,-1.38785396801258));
#8046=CARTESIAN_POINT('Ctrl Pts',(22.8875387223914,21.7,-1.38785396801258));
#8047=CARTESIAN_POINT('Ctrl Pts',(22.8875387223914,21.7,-1.88785388853972));
#8048=CARTESIAN_POINT('Ctrl Pts',(22.8875387223914,21.7,-2.55452051546996));
#8049=CARTESIAN_POINT('Ctrl Pts',(22.8875387223914,21.7,-3.22118714240019));
#8050=CARTESIAN_POINT('Ctrl Pts',(22.8875387223914,21.7,-3.38785384880329));
#8051=CARTESIAN_POINT('',(22.8875387223914,21.7,-1.38785396801258));
#8052=CARTESIAN_POINT('Origin',(-44.,21.7,0.));
#8053=CARTESIAN_POINT('',(24.8875368150428,21.7,-1.38785396801258));
#8054=CARTESIAN_POINT('',(24.8875368150428,21.7,0.61214591277813));
#8055=CARTESIAN_POINT('Ctrl Pts',(24.8875368150428,21.7,-1.38785396801258));
#8056=CARTESIAN_POINT('Ctrl Pts',(24.8875368150428,21.7,-0.887854047485441));
#8057=CARTESIAN_POINT('Ctrl Pts',(24.8875368150428,21.7,-0.221187420555202));
#8058=CARTESIAN_POINT('Ctrl Pts',(24.8875368150428,21.7,0.445479206375035));
#8059=CARTESIAN_POINT('Ctrl Pts',(24.8875368150428,21.7,0.61214591277813));
#8060=CARTESIAN_POINT('',(24.8875368150428,21.7,-1.38785396801258));
#8061=CARTESIAN_POINT('',(23.8875330003455,21.7,0.61214591277813));
#8062=CARTESIAN_POINT('Ctrl Pts',(23.8875330003455,21.7,0.61214591277813));
#8063=CARTESIAN_POINT('Ctrl Pts',(23.8875330003455,21.7,0.112145992250989));
#8064=CARTESIAN_POINT('Ctrl Pts',(23.8875330003455,21.7,-0.554520634679245));
#8065=CARTESIAN_POINT('Ctrl Pts',(23.8875330003455,21.7,-1.22118726160948));
#8066=CARTESIAN_POINT('Ctrl Pts',(23.8875330003455,21.7,-1.38785396801258));
#8067=CARTESIAN_POINT('',(23.8875330003455,21.7,0.61214591277813));
#8068=CARTESIAN_POINT('Origin',(-44.,21.7,0.));
#8069=CARTESIAN_POINT('',(25.8875406297401,21.7,0.61214591277813));
#8070=CARTESIAN_POINT('',(25.8875406297401,21.7,1.61214615119671));
#8071=CARTESIAN_POINT('',(25.8875406297401,21.7,1.61214615119671));
#8072=CARTESIAN_POINT('',(25.8875406297401,21.7,0.61214591277813));
#8073=CARTESIAN_POINT('',(24.8875368150428,21.7,1.61214615119671));
#8074=CARTESIAN_POINT('',(24.8875368150428,21.7,0.61214591277813));
#8075=CARTESIAN_POINT('',(24.8875368150428,21.7,1.61214615119671));
#8076=CARTESIAN_POINT('Origin',(-44.,21.7,0.));
#8077=CARTESIAN_POINT('',(26.8875349076942,21.7,1.61214615119671));
#8078=CARTESIAN_POINT('',(26.8875349076942,21.7,1.61214615119671));
#8079=CARTESIAN_POINT('',(25.8875406297401,21.7,6.61214615119671));
#8080=CARTESIAN_POINT('',(25.8875406297401,21.7,1.61214615119671));
#8081=CARTESIAN_POINT('',(26.8875349076942,21.7,6.61214615119671));
#8082=CARTESIAN_POINT('',(25.8875406297401,21.7,6.61214615119671));
#8083=CARTESIAN_POINT('',(26.8875349076942,21.7,6.61214615119671));
#8084=CARTESIAN_POINT('Origin',(-44.,21.7,0.));
#8085=CARTESIAN_POINT('',(26.8875349076942,21.7,0.61214591277813));
#8086=CARTESIAN_POINT('',(26.8875349076942,21.7,0.61214591277813));
#8087=CARTESIAN_POINT('',(27.8875387223914,21.7,1.61214615119671));
#8088=CARTESIAN_POINT('',(26.8875349076942,21.7,1.61214615119671));
#8089=CARTESIAN_POINT('',(27.8875387223914,21.7,0.61214591277813));
#8090=CARTESIAN_POINT('',(27.8875387223914,21.7,1.61214615119671));
#8091=CARTESIAN_POINT('',(27.8875387223914,21.7,0.61214591277813));
#8092=CARTESIAN_POINT('Origin',(-44.,21.7,0.));
#8093=CARTESIAN_POINT('',(28.8875330003455,21.7,0.61214591277813));
#8094=CARTESIAN_POINT('',(27.8875387223914,21.7,0.61214591277813));
#8095=CARTESIAN_POINT('',(28.8875330003455,21.7,-1.38785396801258));
#8096=CARTESIAN_POINT('Ctrl Pts',(28.8875330003455,21.7,-1.38785396801258));
#8097=CARTESIAN_POINT('Ctrl Pts',(28.8875330003455,21.7,-0.887854047485441));
#8098=CARTESIAN_POINT('Ctrl Pts',(28.8875330003455,21.7,-0.221187420555202));
#8099=CARTESIAN_POINT('Ctrl Pts',(28.8875330003455,21.7,0.445479206375035));
#8100=CARTESIAN_POINT('Ctrl Pts',(28.8875330003455,21.7,0.61214591277813));
#8101=CARTESIAN_POINT('',(27.8875387223914,21.7,-1.38785396801258));
#8102=CARTESIAN_POINT('',(28.8875330003455,21.7,-1.38785396801258));
#8103=CARTESIAN_POINT('Ctrl Pts',(27.8875387223914,21.7,0.61214591277813));
#8104=CARTESIAN_POINT('Ctrl Pts',(27.8875387223914,21.7,0.112145992250989));
#8105=CARTESIAN_POINT('Ctrl Pts',(27.8875387223914,21.7,-0.554520634679245));
#8106=CARTESIAN_POINT('Ctrl Pts',(27.8875387223914,21.7,-1.22118726160948));
#8107=CARTESIAN_POINT('Ctrl Pts',(27.8875387223914,21.7,-1.38785396801258));
#8108=CARTESIAN_POINT('Origin',(-44.,21.7,0.));
#8109=CARTESIAN_POINT('',(29.8875368150428,21.7,-1.38785396801258));
#8110=CARTESIAN_POINT('',(28.8875330003455,21.7,-1.38785396801258));
#8111=CARTESIAN_POINT('',(29.8875368150428,21.7,-3.38785384880329));
#8112=CARTESIAN_POINT('Ctrl Pts',(29.8875368150428,21.7,-3.38785384880329));
#8113=CARTESIAN_POINT('Ctrl Pts',(29.8875368150428,21.7,-2.88785392827615));
#8114=CARTESIAN_POINT('Ctrl Pts',(29.8875368150428,21.7,-2.22118730134591));
#8115=CARTESIAN_POINT('Ctrl Pts',(29.8875368150428,21.7,-1.55452067441568));
#8116=CARTESIAN_POINT('Ctrl Pts',(29.8875368150428,21.7,-1.38785396801258));
#8117=CARTESIAN_POINT('',(28.8875330003455,21.7,-3.38785384880329));
#8118=CARTESIAN_POINT('',(29.8875368150428,21.7,-3.38785384880329));
#8119=CARTESIAN_POINT('Ctrl Pts',(28.8875330003455,21.7,-1.38785396801258));
#8120=CARTESIAN_POINT('Ctrl Pts',(28.8875330003455,21.7,-1.88785388853972));
#8121=CARTESIAN_POINT('Ctrl Pts',(28.8875330003455,21.7,-2.55452051546996));
#8122=CARTESIAN_POINT('Ctrl Pts',(28.8875330003455,21.7,-3.22118714240019));
#8123=CARTESIAN_POINT('Ctrl Pts',(28.8875330003455,21.7,-3.38785384880329));
#8124=CARTESIAN_POINT('Origin',(-44.,21.7,0.));
#8125=CARTESIAN_POINT('',(21.8875349076942,21.7,-3.38785384880329));
#8126=CARTESIAN_POINT('',(21.8875349076942,21.7,-2.38785420643116));
#8127=CARTESIAN_POINT('',(21.8875349076942,21.7,-2.38785420643116));
#8128=CARTESIAN_POINT('',(14.8875368150428,21.7,-3.38785384880329));
#8129=CARTESIAN_POINT('',(21.8875349076942,21.7,-3.38785384880329));
#8130=CARTESIAN_POINT('',(14.8875368150428,21.7,-2.38785420643116));
#8131=CARTESIAN_POINT('',(14.8875368150428,21.7,-3.38785384880329));
#8132=CARTESIAN_POINT('',(17.8875387223914,21.7,-2.38785420643116));
#8133=CARTESIAN_POINT('',(14.8875368150428,21.7,-2.38785420643116));
#8134=CARTESIAN_POINT('',(17.8875387223914,21.7,6.61214615119671));
#8135=CARTESIAN_POINT('',(17.8875387223914,21.7,-2.38785420643116));
#8136=CARTESIAN_POINT('',(18.8875330003455,21.7,6.61214615119671));
#8137=CARTESIAN_POINT('',(17.8875387223914,21.7,6.61214615119671));
#8138=CARTESIAN_POINT('',(18.8875330003455,21.7,-2.38785420643116));
#8139=CARTESIAN_POINT('',(18.8875330003455,21.7,6.61214615119671));
#8140=CARTESIAN_POINT('',(18.8875330003455,21.7,-2.38785420643116));
#8141=CARTESIAN_POINT('Origin',(-44.,21.7,0.));
#8142=CARTESIAN_POINT('',(-0.11246556914298,21.7,6.61214615119671));
#8143=CARTESIAN_POINT('',(-0.11246556914298,21.7,5.61214591277813));
#8144=CARTESIAN_POINT('',(-0.11246556914298,21.7,5.61214591277813));
#8145=CARTESIAN_POINT('',(3.88753538453134,21.7,6.61214615119671));
#8146=CARTESIAN_POINT('',(-0.11246556914298,21.7,6.61214615119671));
#8147=CARTESIAN_POINT('',(3.88753538453134,21.7,5.61214591277813));
#8148=CARTESIAN_POINT('',(3.88753538453134,21.7,6.61214615119671));
#8149=CARTESIAN_POINT('',(3.88753538453134,21.7,5.61214591277813));
#8150=CARTESIAN_POINT('Origin',(-44.,21.7,0.));
#8151=CARTESIAN_POINT('',(-0.11246556914298,21.7,-0.387853729594001));
#8152=CARTESIAN_POINT('Ctrl Pts',(-0.11246556914298,21.7,-0.387853729594001));
#8153=CARTESIAN_POINT('Ctrl Pts',(-0.112465569142984,21.7,1.11214623066957));
#8154=CARTESIAN_POINT('Ctrl Pts',(-0.112465569142984,21.7,3.11214611146028));
#8155=CARTESIAN_POINT('Ctrl Pts',(-0.11246556914298,21.7,5.11214599225099));
#8156=CARTESIAN_POINT('Ctrl Pts',(-0.11246556914298,21.7,5.61214591277813));
#8157=CARTESIAN_POINT('',(-1.11246461546866,21.7,-0.387853729594001));
#8158=CARTESIAN_POINT('',(-0.11246556914298,21.7,-0.387853729594001));
#8159=CARTESIAN_POINT('',(-1.11246461546866,21.7,5.61214591277813));
#8160=CARTESIAN_POINT('Ctrl Pts',(-1.11246461546866,21.7,5.61214591277813));
#8161=CARTESIAN_POINT('Ctrl Pts',(-1.11246461546867,21.7,4.11214595251456));
#8162=CARTESIAN_POINT('Ctrl Pts',(-1.11246461546867,21.7,2.11214607172385));
#8163=CARTESIAN_POINT('Ctrl Pts',(-1.11246461546866,21.7,0.11214619093314));
#8164=CARTESIAN_POINT('Ctrl Pts',(-1.11246461546866,21.7,-0.387853729594001));
#8165=CARTESIAN_POINT('',(-1.11246461546866,21.7,5.61214591277813));
#8166=CARTESIAN_POINT('Origin',(-44.,21.7,0.));
#8167=CARTESIAN_POINT('',(3.88753538453134,21.7,-1.38785396801258));
#8168=CARTESIAN_POINT('',(3.88753538453134,21.7,-0.387853729594001));
#8169=CARTESIAN_POINT('',(3.88753538453134,21.7,-0.387853729594001));
#8170=CARTESIAN_POINT('',(-0.11246556914298,21.7,-1.38785396801258));
#8171=CARTESIAN_POINT('',(3.88753538453134,21.7,-1.38785396801258));
#8172=CARTESIAN_POINT('',(-0.11246556914298,21.7,-1.38785396801258));
#8173=CARTESIAN_POINT('',(-0.11246556914298,21.7,-0.387853729594001));
#8174=CARTESIAN_POINT('Origin',(-44.,21.7,0.));
#8175=CARTESIAN_POINT('',(4.88753443085702,21.7,5.61214591277813));
#8176=CARTESIAN_POINT('',(3.88753538453134,21.7,5.61214591277813));
#8177=CARTESIAN_POINT('',(4.88753443085702,21.7,-0.387853729594001));
#8178=CARTESIAN_POINT('Ctrl Pts',(4.88753443085702,21.7,-0.387853729594001));
#8179=CARTESIAN_POINT('Ctrl Pts',(4.88753443085702,21.7,1.11214623066957));
#8180=CARTESIAN_POINT('Ctrl Pts',(4.88753443085701,21.7,3.11214611146028));
#8181=CARTESIAN_POINT('Ctrl Pts',(4.88753443085702,21.7,5.11214599225099));
#8182=CARTESIAN_POINT('Ctrl Pts',(4.88753443085702,21.7,5.61214591277813));
#8183=CARTESIAN_POINT('',(4.88753443085702,21.7,-0.387853729594001));
#8184=CARTESIAN_POINT('Ctrl Pts',(3.88753538453134,21.7,5.61214591277813));
#8185=CARTESIAN_POINT('Ctrl Pts',(3.88753538453133,21.7,4.11214595251456));
#8186=CARTESIAN_POINT('Ctrl Pts',(3.88753538453133,21.7,2.11214607172385));
#8187=CARTESIAN_POINT('Ctrl Pts',(3.88753538453134,21.7,0.11214619093314));
#8188=CARTESIAN_POINT('Ctrl Pts',(3.88753538453134,21.7,-0.387853729594001));
#8189=CARTESIAN_POINT('Origin',(-44.,21.7,0.));
#8190=CARTESIAN_POINT('',(-9.11246413863151,21.7,-0.387853729594001));
#8191=CARTESIAN_POINT('',(-8.11246390021293,21.7,-0.387853729594001));
#8192=CARTESIAN_POINT('',(-8.11246390021293,21.7,-0.387853729594001));
#8193=CARTESIAN_POINT('',(-9.11246413863151,21.7,5.61214591277813));
#8194=CARTESIAN_POINT('Ctrl Pts',(-9.11246413863151,21.7,5.61214591277813));
#8195=CARTESIAN_POINT('Ctrl Pts',(-9.11246413863151,21.7,4.11214595251456));
#8196=CARTESIAN_POINT('Ctrl Pts',(-9.11246413863151,21.7,2.11214607172385));
#8197=CARTESIAN_POINT('Ctrl Pts',(-9.11246413863151,21.7,0.11214619093314));
#8198=CARTESIAN_POINT('Ctrl Pts',(-9.11246413863151,21.7,-0.387853729594001));
#8199=CARTESIAN_POINT('',(-8.11246390021293,21.7,5.61214591277813));
#8200=CARTESIAN_POINT('',(-9.11246413863151,21.7,5.61214591277813));
#8201=CARTESIAN_POINT('Ctrl Pts',(-8.11246390021293,21.7,-0.387853729594001));
#8202=CARTESIAN_POINT('Ctrl Pts',(-8.11246390021293,21.7,1.11214623066957));
#8203=CARTESIAN_POINT('Ctrl Pts',(-8.11246390021293,21.7,3.11214611146028));
#8204=CARTESIAN_POINT('Ctrl Pts',(-8.11246390021293,21.7,5.11214599225099));
#8205=CARTESIAN_POINT('Ctrl Pts',(-8.11246390021293,21.7,5.61214591277813));
#8206=CARTESIAN_POINT('Origin',(-44.,21.7,0.));
#8207=CARTESIAN_POINT('',(-8.11246390021293,21.7,-1.38785396801258));
#8208=CARTESIAN_POINT('',(-4.11246413863151,21.7,-1.38785396801258));
#8209=CARTESIAN_POINT('',(-4.11246413863151,21.7,-1.38785396801258));
#8210=CARTESIAN_POINT('',(-8.11246390021293,21.7,-1.38785396801258));
#8211=CARTESIAN_POINT('',(-4.11246413863151,21.7,-0.387853729594001));
#8212=CARTESIAN_POINT('',(-8.11246390021293,21.7,-0.387853729594001));
#8213=CARTESIAN_POINT('',(-4.11246413863151,21.7,-0.387853729594001));
#8214=CARTESIAN_POINT('Origin',(-44.,21.7,0.));
#8215=CARTESIAN_POINT('',(-4.11246413863151,21.7,0.61214591277813));
#8216=CARTESIAN_POINT('',(-4.11246413863151,21.7,-0.387853729594001));
#8217=CARTESIAN_POINT('',(-3.11246270812003,21.7,0.61214591277813));
#8218=CARTESIAN_POINT('',(-4.11246413863151,21.7,0.61214591277813));
#8219=CARTESIAN_POINT('',(-3.11246270812003,21.7,-0.387853729594001));
#8220=CARTESIAN_POINT('',(-3.11246270812003,21.7,0.61214591277813));
#8221=CARTESIAN_POINT('',(-3.11246270812003,21.7,-0.387853729594001));
#8222=CARTESIAN_POINT('Origin',(-44.,21.7,0.));
#8223=CARTESIAN_POINT('',(-3.11246270812003,21.7,5.61214591277813));
#8224=CARTESIAN_POINT('',(-4.11246413863151,21.7,5.61214591277813));
#8225=CARTESIAN_POINT('',(-4.11246413863151,21.7,5.61214591277813));
#8226=CARTESIAN_POINT('',(-3.11246270812003,21.7,4.61214567435955));
#8227=CARTESIAN_POINT('',(-3.11246270812003,21.7,5.61214591277813));
#8228=CARTESIAN_POINT('',(-4.11246413863151,21.7,4.61214567435955));
#8229=CARTESIAN_POINT('',(-3.11246270812003,21.7,4.61214567435955));
#8230=CARTESIAN_POINT('',(-4.11246413863151,21.7,4.61214567435955));
#8231=CARTESIAN_POINT('Origin',(-44.,21.7,0.));
#8232=CARTESIAN_POINT('',(-8.11246390021293,21.7,6.61214615119671));
#8233=CARTESIAN_POINT('',(-8.11246390021293,21.7,5.61214591277813));
#8234=CARTESIAN_POINT('',(-4.11246413863151,21.7,6.61214615119671));
#8235=CARTESIAN_POINT('',(-8.11246390021293,21.7,6.61214615119671));
#8236=CARTESIAN_POINT('',(-4.11246413863151,21.7,6.61214615119671));
#8237=CARTESIAN_POINT('',(-4.11246413863151,21.7,5.61214591277813));
#8238=CARTESIAN_POINT('Origin',(-44.,21.7,0.));
#8239=CARTESIAN_POINT('',(-24.1124645856663,21.7,0.61214591277813));
#8240=CARTESIAN_POINT('',(-20.1124643770501,21.7,0.61214591277813));
#8241=CARTESIAN_POINT('',(-20.1124643770501,21.7,0.61214591277813));
#8242=CARTESIAN_POINT('',(-24.1124645856663,21.7,-2.38785420643116));
#8243=CARTESIAN_POINT('',(-24.1124645856663,21.7,0.61214591277813));
#8244=CARTESIAN_POINT('',(-20.1124643770501,21.7,-2.38785420643116));
#8245=CARTESIAN_POINT('',(-24.1124645856663,21.7,-2.38785420643116));
#8246=CARTESIAN_POINT('',(-20.1124643770501,21.7,-3.38785384880329));
#8247=CARTESIAN_POINT('',(-20.1124643770501,21.7,-2.38785420643116));
#8248=CARTESIAN_POINT('',(-25.1124646005675,21.7,-3.38785384880329));
#8249=CARTESIAN_POINT('',(-20.1124643770501,21.7,-3.38785384880329));
#8250=CARTESIAN_POINT('',(-25.1124646005675,21.7,6.61214615119671));
#8251=CARTESIAN_POINT('Ctrl Pts',(-25.1124646005675,21.7,6.61214615119671));
#8252=CARTESIAN_POINT('Ctrl Pts',(-25.1124646005675,21.7,4.11214615119671));
#8253=CARTESIAN_POINT('Ctrl Pts',(-25.1124646005675,21.7,0.778812817863376));
#8254=CARTESIAN_POINT('Ctrl Pts',(-25.1124646005675,21.7,-2.55452051546996));
#8255=CARTESIAN_POINT('Ctrl Pts',(-25.1124646005675,21.7,-3.38785384880329));
#8256=CARTESIAN_POINT('',(-24.1124645856663,21.7,6.61214615119671));
#8257=CARTESIAN_POINT('',(-25.1124646005675,21.7,6.61214615119671));
#8258=CARTESIAN_POINT('',(-24.1124645856663,21.7,1.61214615119671));
#8259=CARTESIAN_POINT('',(-24.1124645856663,21.7,6.61214615119671));
#8260=CARTESIAN_POINT('',(-20.1124643770501,21.7,1.61214615119671));
#8261=CARTESIAN_POINT('',(-24.1124645856663,21.7,1.61214615119671));
#8262=CARTESIAN_POINT('',(-20.1124643770501,21.7,1.61214615119671));
#8263=CARTESIAN_POINT('Origin',(-44.,21.7,0.));
#8264=CARTESIAN_POINT('',(-19.1124641386315,21.7,0.61214591277813));
#8265=CARTESIAN_POINT('',(-20.1124643770501,21.7,0.61214591277813));
#8266=CARTESIAN_POINT('',(-19.1124641386315,21.7,-2.38785420643116));
#8267=CARTESIAN_POINT('',(-19.1124641386315,21.7,0.61214591277813));
#8268=CARTESIAN_POINT('',(-19.1124641386315,21.7,-2.38785420643116));
#8269=CARTESIAN_POINT('',(-20.1124643770501,21.7,-2.38785420643116));
#8270=CARTESIAN_POINT('Origin',(0.,-2.7,0.));
#8271=CARTESIAN_POINT('',(-44.55,-2.7,36.7));
#8272=CARTESIAN_POINT('',(-0.0396632793198302,-2.7,36.7488376952215));
#8273=CARTESIAN_POINT('',(-44.55,-2.7,-37.3));
#8274=CARTESIAN_POINT('',(-44.55,-2.7,36.7));
#8275=CARTESIAN_POINT('',(22.275,-2.7,-37.3));
#8276=CARTESIAN_POINT('Origin',(-36.950002528177,-0.5,36.7083388800795));
#8277=CARTESIAN_POINT('',(-36.950002528177,-0.5,36.7083388800795));
#8278=CARTESIAN_POINT('',(-36.950002528177,1.5,36.7083388800795));
#8279=CARTESIAN_POINT('',(-36.950002528177,4.9,36.7083388800795));
#8280=CARTESIAN_POINT('',(-36.9203775674511,-0.5,9.70835513264549));
#8281=CARTESIAN_POINT('',(-36.950002528177,-0.5,36.7083388800795));
#8282=CARTESIAN_POINT('',(-36.9203775674511,1.5,9.70835513264549));
#8283=CARTESIAN_POINT('',(-36.9203775674511,-0.5,9.7083551326455));
#8284=CARTESIAN_POINT('',(-36.9298417224849,1.5,18.3339203936368));
#8285=CARTESIAN_POINT('Origin',(-29.0499974718231,-0.5,36.7170069349094));
#8286=CARTESIAN_POINT('',(-29.0499974718231,-0.5,36.7170069349094));
#8287=CARTESIAN_POINT('',(-14.5445012095393,-0.5,36.7329226762335));
#8288=CARTESIAN_POINT('',(-29.0203725110973,-0.5,9.71702318747536));
#8289=CARTESIAN_POINT('',(-29.0499974718231,-0.5,36.7170069349094));
#8290=CARTESIAN_POINT('',(-29.0203725110972,-0.5,9.71702318747537));
#8291=CARTESIAN_POINT('Origin',(-29.0499974718231,1.5,36.7170069349094));
#8292=CARTESIAN_POINT('',(-29.0499974718231,1.5,36.7170069349094));
#8293=CARTESIAN_POINT('',(-29.0499974718231,5.9,36.7170069349094));
#8294=CARTESIAN_POINT('',(-29.0203725110973,1.5,9.71702318747536));
#8295=CARTESIAN_POINT('',(-29.029836666131,1.5,18.3425884484667));
#8296=CARTESIAN_POINT('',(-29.0203725110972,1.5,9.71702318747537));
#8297=CARTESIAN_POINT('Origin',(-32.9703750392742,0.5,9.71268916006043));
#8298=CARTESIAN_POINT('',(-16.4905358449662,1.5,9.73077119275594));
#8299=CARTESIAN_POINT('Origin',(36.9499627996824,-0.5,36.7894235055725));
#8300=CARTESIAN_POINT('',(36.9499627996824,-0.5,36.7894235055725));
#8301=CARTESIAN_POINT('',(29.0499577433285,-0.5,36.7807554507427));
#8302=CARTESIAN_POINT('',(18.4554789262134,-0.5,36.7691309615651));
#8303=CARTESIAN_POINT('',(36.9795877604082,-0.5,9.7894397581385));
#8304=CARTESIAN_POINT('',(36.9499627996824,-0.5,36.7894235055725));
#8305=CARTESIAN_POINT('',(29.0795827040543,-0.5,9.78077170330863));
#8306=CARTESIAN_POINT('',(36.9795877604082,-0.5,9.7894397581385));
#8307=CARTESIAN_POINT('',(29.0499577433285,-0.5,36.7807554507427));
#8308=CARTESIAN_POINT('Origin',(36.9499627996824,1.5,36.7894235055725));
#8309=CARTESIAN_POINT('',(36.9499627996824,1.5,36.7894235055725));
#8310=CARTESIAN_POINT('',(36.9499627996824,5.9,36.7894235055725));
#8311=CARTESIAN_POINT('',(36.9795877604082,1.5,9.7894397581385));
#8312=CARTESIAN_POINT('',(36.9701236053744,1.5,18.4150050191298));
#8313=CARTESIAN_POINT('',(36.9795877604082,1.5,9.7894397581385));
#8314=CARTESIAN_POINT('Origin',(29.0499577433285,-0.5,36.7807554507427));
#8315=CARTESIAN_POINT('',(29.0499577433285,1.5,36.7807554507427));
#8316=CARTESIAN_POINT('',(29.0499577433285,4.9,36.7807554507427));
#8317=CARTESIAN_POINT('',(29.0795827040543,1.5,9.78077170330863));
#8318=CARTESIAN_POINT('',(29.0795827040543,1.5,9.78077170330863));
#8319=CARTESIAN_POINT('',(29.0701185490205,1.5,18.4063369642999));
#8320=CARTESIAN_POINT('Origin',(33.0295852322312,0.5,9.78510573072357));
#8321=CARTESIAN_POINT('',(16.5094442907865,1.5,9.76697947808751));
#8322=CARTESIAN_POINT('Origin',(-7.05001071465461,1.5,36.7411457917971));
#8323=CARTESIAN_POINT('',(-7.05001071465461,1.5,36.7411457917971));
#8324=CARTESIAN_POINT('',(-7.05001071465461,-0.5,36.7411457917971));
#8325=CARTESIAN_POINT('',(-7.05001071465461,5.9,36.7411457917971));
#8326=CARTESIAN_POINT('',(-7.02038575392878,1.5,9.74116204436307));
#8327=CARTESIAN_POINT('',(-7.02984990896255,1.5,18.3667273053544));
#8328=CARTESIAN_POINT('',(-7.02038575392878,-0.5,9.74116204436307));
#8329=CARTESIAN_POINT('',(-7.02038575392878,1.5,9.74116204436308));
#8330=CARTESIAN_POINT('',(-7.05001071465461,-0.5,36.7411457917971));
#8331=CARTESIAN_POINT('Origin',(-14.9500157710085,-0.5,36.7324777369672));
#8332=CARTESIAN_POINT('',(-14.9500157710085,-0.5,36.7324777369672));
#8333=CARTESIAN_POINT('',(-14.9500157710085,1.5,36.7324777369672));
#8334=CARTESIAN_POINT('',(-14.9500157710085,4.90000000000002,36.7324777369672));
#8335=CARTESIAN_POINT('',(-14.9203908102826,-0.5,9.73249398953321));
#8336=CARTESIAN_POINT('',(-14.9500157710085,-0.5,36.7324777369672));
#8337=CARTESIAN_POINT('',(-14.9203908102826,1.5,9.73249398953321));
#8338=CARTESIAN_POINT('',(-14.9203908102826,-0.5,9.73249398953321));
#8339=CARTESIAN_POINT('',(-14.9298549653164,1.5,18.3580592505245));
#8340=CARTESIAN_POINT('Origin',(-7.05001071465461,-0.5,36.7411457917971));
#8341=CARTESIAN_POINT('',(-3.54450783095507,-0.5,36.7449921046774));
#8342=CARTESIAN_POINT('',(-7.02038575392878,-0.5,9.74116204436308));
#8343=CARTESIAN_POINT('Origin',(-10.9703882821057,0.5,9.73682801694814));
#8344=CARTESIAN_POINT('',(-5.490542466382,1.5,9.74284062119979));
#8345=CARTESIAN_POINT('Origin',(14.9499760425139,-0.5,36.7652846486848));
#8346=CARTESIAN_POINT('',(14.9499760425139,-0.5,36.7652846486848));
#8347=CARTESIAN_POINT('',(7.04997098616,-0.5,36.756616593855));
#8348=CARTESIAN_POINT('',(7.45548554762916,-0.5,36.7570615331212));
#8349=CARTESIAN_POINT('',(14.9796010032397,-0.5,9.76530090125079));
#8350=CARTESIAN_POINT('',(14.9499760425139,-0.5,36.7652846486848));
#8351=CARTESIAN_POINT('',(7.07959594688583,-0.5,9.75663284642092));
#8352=CARTESIAN_POINT('',(14.9796010032397,-0.5,9.76530090125079));
#8353=CARTESIAN_POINT('',(7.04997098616,-0.5,36.756616593855));
#8354=CARTESIAN_POINT('Origin',(14.9499760425139,1.5,36.7652846486848));
#8355=CARTESIAN_POINT('',(14.9499760425139,1.5,36.7652846486848));
#8356=CARTESIAN_POINT('',(14.9499760425139,5.9,36.7652846486848));
#8357=CARTESIAN_POINT('',(14.9796010032397,1.5,9.76530090125079));
#8358=CARTESIAN_POINT('',(14.9701368482059,1.5,18.3908661622421));
#8359=CARTESIAN_POINT('',(14.9796010032397,1.5,9.76530090125079));
#8360=CARTESIAN_POINT('Origin',(7.04997098616,-0.5,36.756616593855));
#8361=CARTESIAN_POINT('',(7.04997098616,1.5,36.756616593855));
#8362=CARTESIAN_POINT('',(7.04997098616001,4.9,36.756616593855));
#8363=CARTESIAN_POINT('',(7.07959594688583,1.5,9.75663284642092));
#8364=CARTESIAN_POINT('',(7.07959594688583,1.5,9.75663284642092));
#8365=CARTESIAN_POINT('',(7.07013179185207,1.5,18.3821981074122));
#8366=CARTESIAN_POINT('Origin',(11.0295984750628,0.5,9.76096687383585));
#8367=CARTESIAN_POINT('',(5.50945091220223,1.5,9.75491004964365));
#8368=CARTESIAN_POINT('Origin',(0.,1.5,0.));
#8369=CARTESIAN_POINT('',(41.15,1.5,36.7940318763875));
#8370=CARTESIAN_POINT('',(-0.0396632793198302,1.5,36.7488376952215));
#8371=CARTESIAN_POINT('',(41.15,1.5,-37.3));
#8372=CARTESIAN_POINT('',(41.15,1.5,18.35));
#8373=CARTESIAN_POINT('',(24.85,1.5,-37.3));
#8374=CARTESIAN_POINT('',(22.275,1.5,-37.3));
#8375=CARTESIAN_POINT('',(24.85,1.5,36.7761471671096));
#8376=CARTESIAN_POINT('',(24.85,1.5,18.35));
#8377=CARTESIAN_POINT('',(-0.0396632793198302,1.5,36.7488376952215));
#8378=CARTESIAN_POINT('Origin',(0.,1.5,0.));
#8379=CARTESIAN_POINT('',(-2.85000000000001,1.5,36.7457541335515));
#8380=CARTESIAN_POINT('',(-0.0396632793198302,1.5,36.7488376952215));
#8381=CARTESIAN_POINT('',(-2.85000000000001,1.5,-37.3));
#8382=CARTESIAN_POINT('',(-2.85000000000001,1.5,18.35));
#8383=CARTESIAN_POINT('',(-19.15,1.5,-37.3));
#8384=CARTESIAN_POINT('',(22.275,1.5,-37.3));
#8385=CARTESIAN_POINT('',(-19.15,1.5,36.7278694242735));
#8386=CARTESIAN_POINT('',(-19.15,1.5,18.35));
#8387=CARTESIAN_POINT('',(-0.0396632793198302,1.5,36.7488376952215));
#8388=CARTESIAN_POINT('Origin',(-0.0390049472555397,10.3,36.7488384175576));
#8389=CARTESIAN_POINT('',(-44.55,22.1,36.7));
#8390=CARTESIAN_POINT('',(-22.0396367936647,22.1,36.7246988528641));
#8391=CARTESIAN_POINT('',(-44.55,12.8,36.7));
#8392=CARTESIAN_POINT('',(-44.55,5.15,36.7));
#8393=CARTESIAN_POINT('',(-44.55,7.8,36.7));
#8394=CARTESIAN_POINT('',(-44.55,7.8,36.7));
#8395=CARTESIAN_POINT('',(-44.55,-1.5,36.7));
#8396=CARTESIAN_POINT('',(44.55,12.8,36.797762429243));
#8397=CARTESIAN_POINT('',(-41.15,1.5,36.7037305528555));
#8398=CARTESIAN_POINT('',(-0.0396632793198302,1.5,36.7488376952215));
#8399=CARTESIAN_POINT('',(-41.15,-1.,36.7037305528555));
#8400=CARTESIAN_POINT('',(-41.15,5.9,36.7037305528555));
#8401=CARTESIAN_POINT('',(-43.45,-1.,36.7012069435709));
#8402=CARTESIAN_POINT('',(-20.5945045202466,-0.999999999999998,36.726284482961));
#8403=CARTESIAN_POINT('',(-43.45,19.1,36.7012069435709));
#8404=CARTESIAN_POINT('',(-43.45,5.9,36.7012069435709));
#8405=CARTESIAN_POINT('',(-43.5000006482005,20.4,36.7011520817883));
#8406=CARTESIAN_POINT('',(-43.2489548546408,13.8728939849142,36.7014275346124));
#8407=CARTESIAN_POINT('',(-41.05,20.4,36.7038402749983));
#8408=CARTESIAN_POINT('',(-21.7695034297717,20.4,36.7249952489794));
#8409=CARTESIAN_POINT('',(-41.05,21.2,36.7038402749983));
#8410=CARTESIAN_POINT('',(-41.05,14.7,36.7038402749983));
#8411=CARTESIAN_POINT('',(-24.95,21.2,36.7215055399906));
#8412=CARTESIAN_POINT('',(-20.5445045804412,21.2,36.7263393439663));
#8413=CARTESIAN_POINT('',(-24.95,20.4,36.7215055399906));
#8414=CARTESIAN_POINT('',(-24.95,15.75,36.7215055399906));
#8415=CARTESIAN_POINT('',(-22.55,20.4,36.724138871418));
#8416=CARTESIAN_POINT('',(-12.4945142717832,20.4,36.7351719658289));
#8417=CARTESIAN_POINT('',(-22.55,-1.,36.724138871418));
#8418=CARTESIAN_POINT('',(-22.55,5.9,36.724138871418));
#8419=CARTESIAN_POINT('',(-24.85,-1.,36.7216152621334));
#8420=CARTESIAN_POINT('',(-11.2945157164553,-0.999999999999998,36.7364886299575));
#8421=CARTESIAN_POINT('',(-24.85,1.5,36.7216152621334));
#8422=CARTESIAN_POINT('',(-24.85,4.65,36.7216152621334));
#8423=CARTESIAN_POINT('',(-0.0396632793198302,1.5,36.7488376952215));
#8424=CARTESIAN_POINT('',(2.84999999999998,1.5,36.7520082956916));
#8425=CARTESIAN_POINT('',(-0.0396632793198302,1.5,36.7488376952215));
#8426=CARTESIAN_POINT('',(2.84999999999998,-1.,36.7520082956916));
#8427=CARTESIAN_POINT('',(2.84999999999998,5.9,36.7520082956916));
#8428=CARTESIAN_POINT('',(0.549999999999988,-1.,36.749484686407));
#8429=CARTESIAN_POINT('',(1.40546899409834,-0.999999999999998,36.7504233253184));
#8430=CARTESIAN_POINT('',(0.549999999999997,20.4,36.749484686407));
#8431=CARTESIAN_POINT('',(0.549999999999997,5.9,36.749484686407));
#8432=CARTESIAN_POINT('',(2.94999999999999,20.4,36.7521180178344));
#8433=CARTESIAN_POINT('',(0.255470378575768,20.4,36.7491615221951));
#8434=CARTESIAN_POINT('',(2.94999999999999,21.2,36.7521180178344));
#8435=CARTESIAN_POINT('',(2.94999999999999,14.7,36.7521180178344));
#8436=CARTESIAN_POINT('',(19.05,21.2,36.7697832828267));
#8437=CARTESIAN_POINT('',(1.45546893390367,21.2,36.7504781863237));
#8438=CARTESIAN_POINT('',(19.05,20.4,36.7697832828267));
#8439=CARTESIAN_POINT('',(19.05,15.75,36.7697832828267));
#8440=CARTESIAN_POINT('',(21.45,20.4,36.7724166142541));
#8441=CARTESIAN_POINT('',(9.5054592425617,20.4,36.7593108081863));
#8442=CARTESIAN_POINT('',(21.45,-1.,36.7724166142541));
#8443=CARTESIAN_POINT('',(21.45,5.9,36.7724166142541));
#8444=CARTESIAN_POINT('',(19.15,-1.,36.7698930049695));
#8445=CARTESIAN_POINT('',(10.7054577978896,-0.999999999999998,36.7606274723149));
#8446=CARTESIAN_POINT('',(19.15,1.5,36.7698930049695));
#8447=CARTESIAN_POINT('',(19.15,4.65,36.7698930049695));
#8448=CARTESIAN_POINT('',(-0.0396632793198302,1.5,36.7488376952215));
#8449=CARTESIAN_POINT('',(-19.15,-1.,36.7278694242735));
#8450=CARTESIAN_POINT('',(-19.15,5.9,36.7278694242735));
#8451=CARTESIAN_POINT('',(-21.45,-1.,36.7253458149889));
#8452=CARTESIAN_POINT('',(-9.59451776307412,-0.999999999999998,36.7383539041397));
#8453=CARTESIAN_POINT('',(-21.45,20.4,36.7253458149889));
#8454=CARTESIAN_POINT('',(-21.45,5.9,36.7253458149889));
#8455=CARTESIAN_POINT('',(-19.05,20.4,36.7279791464164));
#8456=CARTESIAN_POINT('',(-10.7445163785967,20.4,36.7370921010164));
#8457=CARTESIAN_POINT('',(-19.05,21.2,36.7279791464164));
#8458=CARTESIAN_POINT('',(-19.05,14.7,36.7279791464164));
#8459=CARTESIAN_POINT('',(-2.95,21.2,36.7456444114086));
#8460=CARTESIAN_POINT('',(-9.54451782326879,21.2,36.738408765145));
#8461=CARTESIAN_POINT('',(-2.95,20.4,36.7456444114086));
#8462=CARTESIAN_POINT('',(-2.95,15.75,36.7456444114086));
#8463=CARTESIAN_POINT('',(-0.550000000000006,20.4,36.7482777428361));
#8464=CARTESIAN_POINT('',(-1.49452751461076,20.4,36.7472413870076));
#8465=CARTESIAN_POINT('',(-0.550000000000015,-1.,36.7482777428361));
#8466=CARTESIAN_POINT('',(-0.550000000000003,5.9,36.7482777428361));
#8467=CARTESIAN_POINT('',(-2.85000000000001,-1.,36.7457541335515));
#8468=CARTESIAN_POINT('',(-0.294528959282861,-0.999999999999998,36.7485580511362));
#8469=CARTESIAN_POINT('',(-2.85000000000001,4.65,36.7457541335515));
#8470=CARTESIAN_POINT('',(24.85,-1.,36.7761471671096));
#8471=CARTESIAN_POINT('',(24.85,5.9,36.7761471671096));
#8472=CARTESIAN_POINT('',(22.55,-1.,36.773623557825));
#8473=CARTESIAN_POINT('',(12.4054557512708,-0.999999999999998,36.7624927464971));
#8474=CARTESIAN_POINT('',(22.55,20.4,36.773623557825));
#8475=CARTESIAN_POINT('',(22.55,5.9,36.773623557825));
#8476=CARTESIAN_POINT('',(24.95,20.4,36.7762568892524));
#8477=CARTESIAN_POINT('',(11.2554571357482,20.4,36.7612309433738));
#8478=CARTESIAN_POINT('',(24.95,21.2,36.7762568892524));
#8479=CARTESIAN_POINT('',(24.95,14.7,36.7762568892524));
#8480=CARTESIAN_POINT('',(41.05,21.2,36.7939221542447));
#8481=CARTESIAN_POINT('',(12.4554556910761,21.2,36.7625476075024));
#8482=CARTESIAN_POINT('',(41.05,20.4,36.7939221542447));
#8483=CARTESIAN_POINT('',(41.05,15.75,36.7939221542447));
#8484=CARTESIAN_POINT('',(43.45,20.4,36.7965554856721));
#8485=CARTESIAN_POINT('',(20.5054459997342,20.4,36.771380229365));
#8486=CARTESIAN_POINT('',(43.45,-1.,36.7965554856721));
#8487=CARTESIAN_POINT('',(43.45,5.9,36.7965554856721));
#8488=CARTESIAN_POINT('',(41.15,-1.,36.7940318763875));
#8489=CARTESIAN_POINT('',(21.7054445550621,-0.999999999999998,36.7726968934936));
#8490=CARTESIAN_POINT('',(41.15,4.65,36.7940318763875));
#8491=CARTESIAN_POINT('Origin',(0.,1.5,0.));
#8492=CARTESIAN_POINT('',(19.15,1.5,-37.3));
#8493=CARTESIAN_POINT('',(19.15,1.5,18.35));
#8494=CARTESIAN_POINT('',(2.84999999999998,1.5,-37.3));
#8495=CARTESIAN_POINT('',(22.275,1.5,-37.3));
#8496=CARTESIAN_POINT('',(2.84999999999998,1.5,18.35));
#8497=CARTESIAN_POINT('Origin',(7.04999999999999,19.1,36.7));
#8498=CARTESIAN_POINT('',(7.04999999999999,19.1,21.5));
#8499=CARTESIAN_POINT('',(7.04999999999999,21.2,21.5));
#8500=CARTESIAN_POINT('',(7.04999999999999,19.625,21.5));
#8501=CARTESIAN_POINT('',(7.04999999999999,19.1,-13.3));
#8502=CARTESIAN_POINT('',(7.04999999999999,19.1,36.5));
#8503=CARTESIAN_POINT('',(7.04999999999999,21.2,-13.3));
#8504=CARTESIAN_POINT('',(7.04999999999999,19.1,-13.3));
#8505=CARTESIAN_POINT('',(7.04999999999999,21.2,36.7));
#8506=CARTESIAN_POINT('Origin',(13.85,21.2,36.7));
#8507=CARTESIAN_POINT('',(13.85,21.2,21.5));
#8508=CARTESIAN_POINT('',(13.85,19.1,21.5));
#8509=CARTESIAN_POINT('',(13.85,20.675,21.5));
#8510=CARTESIAN_POINT('',(13.85,21.2,-13.3));
#8511=CARTESIAN_POINT('',(13.85,21.2,36.7));
#8512=CARTESIAN_POINT('',(13.85,19.1,-13.3));
#8513=CARTESIAN_POINT('',(13.85,21.2,-13.3));
#8514=CARTESIAN_POINT('',(13.85,19.1,36.5));
#8515=CARTESIAN_POINT('Origin',(10.45,20.15,-13.3));
#8516=CARTESIAN_POINT('',(7.04999999999999,21.2,-13.3));
#8517=CARTESIAN_POINT('',(-16.5,19.1,-13.3));
#8518=CARTESIAN_POINT('Origin',(-14.95,19.1,36.7));
#8519=CARTESIAN_POINT('',(-14.95,19.1,21.5));
#8520=CARTESIAN_POINT('',(-14.95,21.2,21.5));
#8521=CARTESIAN_POINT('',(-14.95,19.625,21.5));
#8522=CARTESIAN_POINT('',(-14.95,19.1,-13.3));
#8523=CARTESIAN_POINT('',(-14.95,19.1,36.5));
#8524=CARTESIAN_POINT('',(-14.95,21.2,-13.3));
#8525=CARTESIAN_POINT('',(-14.95,19.1,-13.3));
#8526=CARTESIAN_POINT('',(-14.95,21.2,36.7));
#8527=CARTESIAN_POINT('Origin',(-8.15000000000001,21.2,36.7));
#8528=CARTESIAN_POINT('',(-8.15000000000001,21.2,21.5));
#8529=CARTESIAN_POINT('',(-8.15000000000001,19.1,21.5));
#8530=CARTESIAN_POINT('',(-8.15000000000001,20.675,21.5));
#8531=CARTESIAN_POINT('',(-8.15000000000001,21.2,-13.3));
#8532=CARTESIAN_POINT('',(-8.15000000000001,21.2,36.7));
#8533=CARTESIAN_POINT('',(-8.15000000000001,19.1,-13.3));
#8534=CARTESIAN_POINT('',(-8.15000000000001,21.2,-13.3));
#8535=CARTESIAN_POINT('',(-8.15,19.1,36.5));
#8536=CARTESIAN_POINT('Origin',(-11.55,20.15,-13.3));
#8537=CARTESIAN_POINT('',(-14.95,21.2,-13.3));
#8538=CARTESIAN_POINT('',(-27.5,19.1,-13.3));
#8539=CARTESIAN_POINT('Origin',(29.05,19.1,36.7));
#8540=CARTESIAN_POINT('',(29.05,19.1,21.5));
#8541=CARTESIAN_POINT('',(29.05,21.2,21.5));
#8542=CARTESIAN_POINT('',(29.05,19.625,21.5));
#8543=CARTESIAN_POINT('',(29.05,19.1,-13.3));
#8544=CARTESIAN_POINT('',(29.05,19.1,36.5));
#8545=CARTESIAN_POINT('',(29.05,21.2,-13.3));
#8546=CARTESIAN_POINT('',(29.05,19.1,-13.3));
#8547=CARTESIAN_POINT('',(29.05,21.2,36.7));
#8548=CARTESIAN_POINT('Origin',(35.85,21.2,36.7));
#8549=CARTESIAN_POINT('',(35.85,21.2,21.5));
#8550=CARTESIAN_POINT('',(35.85,19.1,21.5));
#8551=CARTESIAN_POINT('',(35.85,20.675,21.5));
#8552=CARTESIAN_POINT('',(35.85,21.2,-13.3));
#8553=CARTESIAN_POINT('',(35.85,21.2,36.7));
#8554=CARTESIAN_POINT('',(35.85,19.1,-13.3));
#8555=CARTESIAN_POINT('',(35.85,21.2,-13.3));
#8556=CARTESIAN_POINT('',(35.85,19.1,36.5));
#8557=CARTESIAN_POINT('Origin',(32.45,20.15,-13.3));
#8558=CARTESIAN_POINT('',(29.05,21.2,-13.3));
#8559=CARTESIAN_POINT('',(-5.5,19.1,-13.3));
#8560=CARTESIAN_POINT('Origin',(-36.95,19.1,36.7));
#8561=CARTESIAN_POINT('',(-36.95,19.1,21.5));
#8562=CARTESIAN_POINT('',(-36.95,21.2,21.5));
#8563=CARTESIAN_POINT('',(-36.95,19.625,21.5));
#8564=CARTESIAN_POINT('',(-36.95,19.1,-13.3));
#8565=CARTESIAN_POINT('',(-36.95,19.1,36.5));
#8566=CARTESIAN_POINT('',(-36.95,21.2,-13.3));
#8567=CARTESIAN_POINT('',(-36.95,19.1,-13.3));
#8568=CARTESIAN_POINT('',(-36.95,21.2,36.7));
#8569=CARTESIAN_POINT('Origin',(-30.15,21.2,36.7));
#8570=CARTESIAN_POINT('',(-30.15,21.2,21.5));
#8571=CARTESIAN_POINT('',(-30.15,19.1,21.5));
#8572=CARTESIAN_POINT('',(-30.15,20.675,21.5));
#8573=CARTESIAN_POINT('',(-30.15,21.2,-13.3));
#8574=CARTESIAN_POINT('',(-30.15,21.2,36.7));
#8575=CARTESIAN_POINT('',(-30.15,19.1,-13.3));
#8576=CARTESIAN_POINT('',(-30.15,21.2,-13.3));
#8577=CARTESIAN_POINT('',(-30.15,19.1,36.5));
#8578=CARTESIAN_POINT('Origin',(-33.55,20.15,-13.3));
#8579=CARTESIAN_POINT('',(-36.95,21.2,-13.3));
#8580=CARTESIAN_POINT('',(-38.5,19.1,-13.3));
#8581=CARTESIAN_POINT('Origin',(11.,20.15,21.5));
#8582=CARTESIAN_POINT('',(19.05,19.1,21.5));
#8583=CARTESIAN_POINT('',(-16.225,19.1,21.5));
#8584=CARTESIAN_POINT('',(19.05,20.4,21.5));
#8585=CARTESIAN_POINT('',(19.05,19.625,21.5));
#8586=CARTESIAN_POINT('',(19.05,21.2,21.5));
#8587=CARTESIAN_POINT('',(19.05,19.1,21.5));
#8588=CARTESIAN_POINT('',(2.94999999999999,21.2,21.5));
#8589=CARTESIAN_POINT('Origin',(11.,20.15,21.5));
#8590=CARTESIAN_POINT('',(2.94999999999999,21.2,21.5));
#8591=CARTESIAN_POINT('',(2.94999999999999,21.2,21.5));
#8592=CARTESIAN_POINT('',(2.94999999999999,20.4,21.5));
#8593=CARTESIAN_POINT('',(2.94999999999999,19.1,21.5));
#8594=CARTESIAN_POINT('',(2.94999999999999,19.1,21.5));
#8595=CARTESIAN_POINT('',(2.94999999999999,20.275,21.5));
#8596=CARTESIAN_POINT('',(-16.225,19.1,21.5));
#8597=CARTESIAN_POINT('Origin',(2.94999999999999,21.2,36.7));
#8598=CARTESIAN_POINT('',(19.05,21.2,36.7));
#8599=CARTESIAN_POINT('',(2.94999999999999,21.2,36.7));
#8600=CARTESIAN_POINT('Origin',(-11.,20.15,21.5));
#8601=CARTESIAN_POINT('',(-2.95,19.1,21.5));
#8602=CARTESIAN_POINT('',(-27.225,19.1,21.5));
#8603=CARTESIAN_POINT('',(-2.95,20.4,21.5));
#8604=CARTESIAN_POINT('',(-2.95,19.625,21.5));
#8605=CARTESIAN_POINT('',(-2.95,21.2,21.5));
#8606=CARTESIAN_POINT('',(-2.95,19.1,21.5));
#8607=CARTESIAN_POINT('',(-19.05,21.2,21.5));
#8608=CARTESIAN_POINT('Origin',(-11.,20.15,21.5));
#8609=CARTESIAN_POINT('',(-19.05,21.2,21.5));
#8610=CARTESIAN_POINT('',(-19.05,21.2,21.5));
#8611=CARTESIAN_POINT('',(-19.05,20.4,21.5));
#8612=CARTESIAN_POINT('',(-19.05,19.1,21.5));
#8613=CARTESIAN_POINT('',(-19.05,19.1,21.5));
#8614=CARTESIAN_POINT('',(-19.05,20.275,21.5));
#8615=CARTESIAN_POINT('',(-27.225,19.1,21.5));
#8616=CARTESIAN_POINT('Origin',(-19.05,21.2,36.7));
#8617=CARTESIAN_POINT('',(-2.95,21.2,36.7));
#8618=CARTESIAN_POINT('',(-19.05,21.2,36.7));
#8619=CARTESIAN_POINT('Origin',(33.,20.15,21.5));
#8620=CARTESIAN_POINT('',(41.05,19.1,21.5));
#8621=CARTESIAN_POINT('',(-5.225,19.1,21.5));
#8622=CARTESIAN_POINT('',(41.05,20.4,21.5));
#8623=CARTESIAN_POINT('',(41.05,19.625,21.5));
#8624=CARTESIAN_POINT('',(41.05,21.2,21.5));
#8625=CARTESIAN_POINT('',(41.05,19.1,21.5));
#8626=CARTESIAN_POINT('',(24.95,21.2,21.5));
#8627=CARTESIAN_POINT('Origin',(33.,20.15,21.5));
#8628=CARTESIAN_POINT('',(24.95,21.2,21.5));
#8629=CARTESIAN_POINT('',(24.95,21.2,21.5));
#8630=CARTESIAN_POINT('',(24.95,20.4,21.5));
#8631=CARTESIAN_POINT('',(24.95,19.1,21.5));
#8632=CARTESIAN_POINT('',(24.95,19.1,21.5));
#8633=CARTESIAN_POINT('',(24.95,20.275,21.5));
#8634=CARTESIAN_POINT('',(-5.225,19.1,21.5));
#8635=CARTESIAN_POINT('Origin',(24.95,21.2,36.7));
#8636=CARTESIAN_POINT('',(41.05,21.2,36.7));
#8637=CARTESIAN_POINT('',(24.95,21.2,36.7));
#8638=CARTESIAN_POINT('Origin',(-33.,20.15,21.5));
#8639=CARTESIAN_POINT('',(-24.95,19.1,21.5));
#8640=CARTESIAN_POINT('',(-38.225,19.1,21.5));
#8641=CARTESIAN_POINT('',(-24.95,20.4,21.5));
#8642=CARTESIAN_POINT('',(-24.95,19.625,21.5));
#8643=CARTESIAN_POINT('',(-24.95,21.2,21.5));
#8644=CARTESIAN_POINT('',(-24.95,19.1,21.5));
#8645=CARTESIAN_POINT('',(-41.05,21.2,21.5));
#8646=CARTESIAN_POINT('Origin',(-33.,20.15,21.5));
#8647=CARTESIAN_POINT('',(-41.05,21.2,21.5));
#8648=CARTESIAN_POINT('',(-41.05,21.2,21.5));
#8649=CARTESIAN_POINT('',(-41.05,20.4,21.5));
#8650=CARTESIAN_POINT('',(-41.05,19.1,21.5));
#8651=CARTESIAN_POINT('',(-41.05,19.1,21.5));
#8652=CARTESIAN_POINT('',(-41.05,20.275,21.5));
#8653=CARTESIAN_POINT('',(-38.225,19.1,21.5));
#8654=CARTESIAN_POINT('Origin',(-41.05,21.2,36.7));
#8655=CARTESIAN_POINT('',(-24.95,21.2,36.7));
#8656=CARTESIAN_POINT('',(-41.05,21.2,36.7));
#8657=CARTESIAN_POINT('Origin',(44.55,7.8,36.797762429243));
#8658=CARTESIAN_POINT('',(44.55,7.8,36.797762429243));
#8659=CARTESIAN_POINT('Origin',(24.85,1.5,36.7));
#8660=CARTESIAN_POINT('',(24.85,-1.,-37.3));
#8661=CARTESIAN_POINT('',(24.85,0.75,-37.3));
#8662=CARTESIAN_POINT('',(24.85,-1.,36.7));
#8663=CARTESIAN_POINT('Origin',(41.15,-1.,36.7));
#8664=CARTESIAN_POINT('',(41.15,-1.,-37.3));
#8665=CARTESIAN_POINT('',(41.15,-1.,36.7));
#8666=CARTESIAN_POINT('',(41.15,-0.5,-37.3));
#8667=CARTESIAN_POINT('Origin',(43.45,-1.,36.7));
#8668=CARTESIAN_POINT('',(43.45,-1.,-37.3));
#8669=CARTESIAN_POINT('',(43.45,-1.,36.7));
#8670=CARTESIAN_POINT('',(44.,-1.,-37.3));
#8671=CARTESIAN_POINT('Origin',(43.45,1.5,-36.3));
#8672=CARTESIAN_POINT('',(43.45,20.4,-36.3));
#8673=CARTESIAN_POINT('',(43.45,20.4,36.7));
#8674=CARTESIAN_POINT('',(43.45,5.7,-36.3));
#8675=CARTESIAN_POINT('',(43.45,11.05,-36.3));
#8676=CARTESIAN_POINT('',(43.45,5.7,-37.3));
#8677=CARTESIAN_POINT('',(43.45,5.7,-36.55));
#8678=CARTESIAN_POINT('',(43.45,0.75,-37.3));
#8679=CARTESIAN_POINT('Origin',(41.05,20.4,36.7));
#8680=CARTESIAN_POINT('',(41.05,20.4,36.7));
#8681=CARTESIAN_POINT('',(41.05,20.4,-36.3));
#8682=CARTESIAN_POINT('',(41.05,20.4,36.7));
#8683=CARTESIAN_POINT('',(43.45,20.4,-36.3));
#8684=CARTESIAN_POINT('Origin',(-19.15,1.5,36.7));
#8685=CARTESIAN_POINT('',(-19.15,-1.,-37.3));
#8686=CARTESIAN_POINT('',(-19.15,0.75,-37.3));
#8687=CARTESIAN_POINT('',(-19.15,-1.,36.7));
#8688=CARTESIAN_POINT('Origin',(-2.85000000000001,-1.,36.7));
#8689=CARTESIAN_POINT('',(-2.85000000000001,-1.,-37.3));
#8690=CARTESIAN_POINT('',(-2.85000000000001,-1.,36.7));
#8691=CARTESIAN_POINT('',(-2.85000000000001,-0.5,-37.3));
#8692=CARTESIAN_POINT('Origin',(-0.550000000000015,-1.,36.7));
#8693=CARTESIAN_POINT('',(-0.550000000000015,-1.,-37.3));
#8694=CARTESIAN_POINT('',(-0.550000000000015,-1.,36.7));
#8695=CARTESIAN_POINT('',(22.,-1.,-37.3));
#8696=CARTESIAN_POINT('Origin',(-0.550000000000003,1.5,-36.3));
#8697=CARTESIAN_POINT('',(-0.550000000000006,20.4,-36.3));
#8698=CARTESIAN_POINT('',(-0.550000000000006,20.4,36.7));
#8699=CARTESIAN_POINT('',(-0.550000000000006,5.7,-36.3));
#8700=CARTESIAN_POINT('',(-0.550000000000002,11.05,-36.3));
#8701=CARTESIAN_POINT('',(-0.550000000000006,5.7,-37.3));
#8702=CARTESIAN_POINT('',(-0.550000000000003,5.7,-36.55));
#8703=CARTESIAN_POINT('',(-0.550000000000015,0.75,-37.3));
#8704=CARTESIAN_POINT('Origin',(-2.95,20.4,36.7));
#8705=CARTESIAN_POINT('',(-2.95,20.4,36.7));
#8706=CARTESIAN_POINT('',(-2.95,20.4,-36.3));
#8707=CARTESIAN_POINT('',(-2.95,20.4,36.7));
#8708=CARTESIAN_POINT('',(-0.550000000000006,20.4,-36.3));
#8709=CARTESIAN_POINT('Origin',(2.84999999999998,1.5,36.7));
#8710=CARTESIAN_POINT('',(2.84999999999998,-1.,-37.3));
#8711=CARTESIAN_POINT('',(2.84999999999998,0.75,-37.3));
#8712=CARTESIAN_POINT('',(2.84999999999998,-1.,36.7));
#8713=CARTESIAN_POINT('Origin',(19.15,-1.,36.7));
#8714=CARTESIAN_POINT('',(19.15,-1.,-37.3));
#8715=CARTESIAN_POINT('',(19.15,-1.,36.7));
#8716=CARTESIAN_POINT('',(19.15,-0.5,-37.3));
#8717=CARTESIAN_POINT('Origin',(21.45,-1.,36.7));
#8718=CARTESIAN_POINT('',(21.45,-1.,-37.3));
#8719=CARTESIAN_POINT('',(21.45,-1.,36.7));
#8720=CARTESIAN_POINT('',(33.,-1.,-37.3));
#8721=CARTESIAN_POINT('Origin',(21.45,1.5,-36.3));
#8722=CARTESIAN_POINT('',(21.45,20.4,-36.3));
#8723=CARTESIAN_POINT('',(21.45,20.4,36.7));
#8724=CARTESIAN_POINT('',(21.45,5.7,-36.3));
#8725=CARTESIAN_POINT('',(21.45,11.05,-36.3));
#8726=CARTESIAN_POINT('',(21.45,5.7,-37.3));
#8727=CARTESIAN_POINT('',(21.45,5.7,-36.55));
#8728=CARTESIAN_POINT('',(21.45,0.75,-37.3));
#8729=CARTESIAN_POINT('Origin',(19.05,20.4,36.7));
#8730=CARTESIAN_POINT('',(19.05,20.4,36.7));
#8731=CARTESIAN_POINT('',(19.05,20.4,-36.3));
#8732=CARTESIAN_POINT('',(19.05,20.4,36.7));
#8733=CARTESIAN_POINT('',(21.45,20.4,-36.3));
#8734=CARTESIAN_POINT('Origin',(-41.15,1.5,36.7));
#8735=CARTESIAN_POINT('',(-41.15,1.5,-37.3));
#8736=CARTESIAN_POINT('',(-41.15,1.5,18.35));
#8737=CARTESIAN_POINT('',(-41.15,-1.,-37.3));
#8738=CARTESIAN_POINT('',(-41.15,0.75,-37.3));
#8739=CARTESIAN_POINT('',(-41.15,-1.,36.7));
#8740=CARTESIAN_POINT('Origin',(0.,1.5,0.));
#8741=CARTESIAN_POINT('',(-24.85,1.5,-37.3));
#8742=CARTESIAN_POINT('',(-24.85,1.5,18.35));
#8743=CARTESIAN_POINT('',(22.275,1.5,-37.3));
#8744=CARTESIAN_POINT('Origin',(-24.85,-1.,36.7));
#8745=CARTESIAN_POINT('',(-24.85,-1.,-37.3));
#8746=CARTESIAN_POINT('',(-24.85,-1.,36.7));
#8747=CARTESIAN_POINT('',(-24.85,-0.5,-37.3));
#8748=CARTESIAN_POINT('Origin',(-22.55,-1.,36.7));
#8749=CARTESIAN_POINT('',(-22.55,-1.,-37.3));
#8750=CARTESIAN_POINT('',(-22.55,-1.,36.7));
#8751=CARTESIAN_POINT('',(11.,-1.,-37.3));
#8752=CARTESIAN_POINT('Origin',(-22.55,1.5,-36.3));
#8753=CARTESIAN_POINT('',(-22.55,20.4,-36.3));
#8754=CARTESIAN_POINT('',(-22.55,20.4,36.7));
#8755=CARTESIAN_POINT('',(-22.55,5.7,-36.3));
#8756=CARTESIAN_POINT('',(-22.55,19.1,-36.3));
#8757=CARTESIAN_POINT('',(-22.55,5.7,-37.3));
#8758=CARTESIAN_POINT('',(-22.55,5.7,-36.55));
#8759=CARTESIAN_POINT('',(-22.55,0.75,-37.3));
#8760=CARTESIAN_POINT('Origin',(-24.95,20.4,36.7));
#8761=CARTESIAN_POINT('',(-24.95,20.4,36.7));
#8762=CARTESIAN_POINT('',(-24.95,20.4,-36.3));
#8763=CARTESIAN_POINT('',(-24.95,20.4,36.7));
#8764=CARTESIAN_POINT('',(-22.55,20.4,-36.3));
#8765=CARTESIAN_POINT('Origin',(-44.55,0.,-36.3));
#8766=CARTESIAN_POINT('',(-44.55,12.8,36.7));
#8767=CARTESIAN_POINT('',(-44.55,22.1,-37.3));
#8768=CARTESIAN_POINT('',(-44.55,22.1,-36.3));
#8769=CARTESIAN_POINT('',(-44.55,0.,-37.3));
#8770=CARTESIAN_POINT('',(-44.55,7.8,26.7));
#8771=CARTESIAN_POINT('Origin',(-3.61246342337577,22.1,5.61214591277813));
#8772=CARTESIAN_POINT('',(-4.11246413863151,22.1,5.61214591277813));
#8773=CARTESIAN_POINT('',(-4.11246413863151,21.9,5.61214591277813));
#8774=CARTESIAN_POINT('',(-3.11246270812003,22.1,5.61214591277813));
#8775=CARTESIAN_POINT('',(-23.8062317116879,22.1,5.61214591277813));
#8776=CARTESIAN_POINT('',(-3.11246270812003,21.9,5.61214591277813));
#8777=CARTESIAN_POINT('Origin',(-3.11246270812003,22.1,5.11214579356884));
#8778=CARTESIAN_POINT('',(-3.11246270812003,22.1,4.61214567435955));
#8779=CARTESIAN_POINT('',(-3.11246270812003,22.1,2.55607289678442));
#8780=CARTESIAN_POINT('',(-3.11246270812003,21.9,4.61214567435955));
#8781=CARTESIAN_POINT('Origin',(-3.61246342337577,22.1,4.61214567435955));
#8782=CARTESIAN_POINT('',(-4.11246413863151,22.1,4.61214567435955));
#8783=CARTESIAN_POINT('',(-23.8062317116879,22.1,4.61214567435955));
#8784=CARTESIAN_POINT('',(-4.11246413863151,21.9,4.61214567435955));
#8785=CARTESIAN_POINT('Origin',(-4.11246413863151,22.1,5.11214579356884));
#8786=CARTESIAN_POINT('',(-4.1124641386315,22.1,2.55607289678442));
#8787=CARTESIAN_POINT('',(-4.11246413863151,21.9,5.61214591277813));
#8788=CARTESIAN_POINT('Origin',(-8.11246390021293,22.1,6.11214603198742));
#8789=CARTESIAN_POINT('',(-8.11246390021293,22.1,5.61214591277813));
#8790=CARTESIAN_POINT('',(-8.11246390021293,21.9,5.61214591277813));
#8791=CARTESIAN_POINT('',(-8.11246390021293,22.1,6.61214615119671));
#8792=CARTESIAN_POINT('',(-8.11246390021292,22.1,3.05607301599371));
#8793=CARTESIAN_POINT('',(-8.11246390021293,21.9,6.61214615119671));
#8794=CARTESIAN_POINT('Origin',(-6.11246401942222,22.1,6.61214615119671));
#8795=CARTESIAN_POINT('',(-4.11246413863151,22.1,6.61214615119671));
#8796=CARTESIAN_POINT('',(-25.0562320097111,22.1,6.61214615119671));
#8797=CARTESIAN_POINT('',(-4.11246413863151,21.9,6.61214615119671));
#8798=CARTESIAN_POINT('Origin',(-4.11246413863151,22.1,6.11214603198742));
#8799=CARTESIAN_POINT('',(-4.1124641386315,22.1,3.05607301599371));
#8800=CARTESIAN_POINT('Origin',(-6.11246401942222,22.1,5.61214591277813));
#8801=CARTESIAN_POINT('',(-25.0562320097111,22.1,5.61214591277813));
#8802=CARTESIAN_POINT('',(-8.11246390021293,21.9,5.61214591277813));
#8803=CARTESIAN_POINT('Origin',(-8.61246401942222,22.1,-0.387853729594001));
#8804=CARTESIAN_POINT('',(-8.11246390021293,22.1,-0.387853729594001));
#8805=CARTESIAN_POINT('',(-8.11246390021293,21.9,-0.387853729594001));
#8806=CARTESIAN_POINT('',(-9.11246413863151,22.1,-0.387853729594001));
#8807=CARTESIAN_POINT('',(-26.3062320097111,22.1,-0.387853729594001));
#8808=CARTESIAN_POINT('',(-9.11246413863151,21.9,-0.387853729594001));
#8809=CARTESIAN_POINT('Origin',(-9.11246413863151,22.1,2.61214609159206));
#8810=CARTESIAN_POINT('',(-9.11246413863151,22.1,5.61214591277813));
#8811=CARTESIAN_POINT('',(-9.11246413863151,22.1,1.30607304579603));
#8812=CARTESIAN_POINT('',(-9.11246413863151,21.9,5.61214591277813));
#8813=CARTESIAN_POINT('Origin',(-8.61246401942222,22.1,5.61214591277813));
#8814=CARTESIAN_POINT('',(-26.3062320097111,22.1,5.61214591277813));
#8815=CARTESIAN_POINT('Origin',(-8.11246390021293,22.1,2.61214609159206));
#8816=CARTESIAN_POINT('',(-8.11246390021293,22.1,1.30607304579603));
#8817=CARTESIAN_POINT('',(-8.11246390021293,21.9,-0.387853729594001));
#8818=CARTESIAN_POINT('Origin',(-4.11246413863151,22.1,0.112146091592065));
#8819=CARTESIAN_POINT('',(-4.11246413863151,22.1,-0.387853729594001));
#8820=CARTESIAN_POINT('',(-4.11246413863151,21.9,-0.387853729594001));
#8821=CARTESIAN_POINT('',(-4.11246413863151,22.1,0.61214591277813));
#8822=CARTESIAN_POINT('',(-4.1124641386315,22.1,0.0560730457960323));
#8823=CARTESIAN_POINT('',(-4.11246413863151,21.9,0.61214591277813));
#8824=CARTESIAN_POINT('Origin',(-3.61246342337577,22.1,0.61214591277813));
#8825=CARTESIAN_POINT('',(-3.11246270812003,22.1,0.61214591277813));
#8826=CARTESIAN_POINT('',(-23.8062317116879,22.1,0.61214591277813));
#8827=CARTESIAN_POINT('',(-3.11246270812003,21.9,0.61214591277813));
#8828=CARTESIAN_POINT('Origin',(-3.11246270812003,22.1,0.112146091592065));
#8829=CARTESIAN_POINT('',(-3.11246270812003,22.1,-0.387853729594001));
#8830=CARTESIAN_POINT('',(-3.11246270812003,22.1,0.0560730457960323));
#8831=CARTESIAN_POINT('',(-3.11246270812003,21.9,-0.387853729594001));
#8832=CARTESIAN_POINT('Origin',(-3.61246342337577,22.1,-0.387853729594001));
#8833=CARTESIAN_POINT('',(-23.8062317116879,22.1,-0.387853729594001));
#8834=CARTESIAN_POINT('',(-4.11246413863151,21.9,-0.387853729594001));
#8835=CARTESIAN_POINT('Origin',(-6.11246401942222,22.1,-1.38785396801258));
#8836=CARTESIAN_POINT('',(-4.11246413863151,22.1,-1.38785396801258));
#8837=CARTESIAN_POINT('',(-4.11246413863151,21.9,-1.38785396801258));
#8838=CARTESIAN_POINT('',(-8.11246390021293,22.1,-1.38785396801258));
#8839=CARTESIAN_POINT('',(-25.0562320097111,22.1,-1.38785396801258));
#8840=CARTESIAN_POINT('',(-8.11246390021293,21.9,-1.38785396801258));
#8841=CARTESIAN_POINT('Origin',(-8.11246390021293,22.1,-0.887853848803291));
#8842=CARTESIAN_POINT('',(-8.11246390021292,22.1,-0.443926924401645));
#8843=CARTESIAN_POINT('Origin',(-6.11246401942222,22.1,-0.387853729594001));
#8844=CARTESIAN_POINT('',(-25.0562320097111,22.1,-0.387853729594001));
#8845=CARTESIAN_POINT('Origin',(-4.11246413863151,22.1,-0.887853848803291));
#8846=CARTESIAN_POINT('',(-4.1124641386315,22.1,-0.443926924401645));
#8847=CARTESIAN_POINT('Origin',(-14.1124641386315,22.1,-3.38785414682652));
#8848=CARTESIAN_POINT('',(-14.1124641386315,22.1,-4.38785408722187));
#8849=CARTESIAN_POINT('',(-14.1124641386315,21.9,-4.38785408722187));
#8850=CARTESIAN_POINT('',(-14.1124641386315,22.1,-2.38785420643116));
#8851=CARTESIAN_POINT('',(-14.1124641386315,22.1,-1.69392707341326));
#8852=CARTESIAN_POINT('',(-14.1124641386315,21.9,-2.38785420643116));
#8853=CARTESIAN_POINT('Origin',(-13.6124646154687,22.1,-2.38785420643116));
#8854=CARTESIAN_POINT('',(-13.1124650923058,22.1,-2.38785420643116));
#8855=CARTESIAN_POINT('',(-28.8062323077343,22.1,-2.38785420643116));
#8856=CARTESIAN_POINT('',(-13.1124650923058,21.9,-2.38785420643116));
#8857=CARTESIAN_POINT('Origin',(-13.1124650923058,22.1,-3.38785414682651));
#8858=CARTESIAN_POINT('',(-13.1124650923058,22.1,-4.38785408722187));
#8859=CARTESIAN_POINT('',(-13.1124650923058,22.1,-1.69392707341326));
#8860=CARTESIAN_POINT('',(-13.1124650923058,21.9,-4.38785408722187));
#8861=CARTESIAN_POINT('Origin',(-13.6124646154687,22.1,-4.38785408722187));
#8862=CARTESIAN_POINT('',(-28.8062323077343,22.1,-4.38785408722187));
#8863=CARTESIAN_POINT('Origin',(-19.6124642578408,22.1,0.61214591277813));
#8864=CARTESIAN_POINT('',(-20.1124643770501,22.1,0.61214591277813));
#8865=CARTESIAN_POINT('',(-20.1124643770501,21.9,0.61214591277813));
#8866=CARTESIAN_POINT('',(-19.1124641386315,22.1,0.61214591277813));
#8867=CARTESIAN_POINT('',(-31.8062321289204,22.1,0.61214591277813));
#8868=CARTESIAN_POINT('',(-19.1124641386315,21.9,0.61214591277813));
#8869=CARTESIAN_POINT('Origin',(-19.1124641386315,22.1,-0.887854146826514));
#8870=CARTESIAN_POINT('',(-19.1124641386315,22.1,-2.38785420643116));
#8871=CARTESIAN_POINT('',(-19.1124641386315,22.1,-0.443927073413257));
#8872=CARTESIAN_POINT('',(-19.1124641386315,21.9,-2.38785420643116));
#8873=CARTESIAN_POINT('Origin',(-19.6124642578408,22.1,-2.38785420643116));
#8874=CARTESIAN_POINT('',(-20.1124643770501,22.1,-2.38785420643116));
#8875=CARTESIAN_POINT('',(-31.8062321289204,22.1,-2.38785420643116));
#8876=CARTESIAN_POINT('',(-20.1124643770501,21.9,-2.38785420643116));
#8877=CARTESIAN_POINT('Origin',(-20.1124643770501,22.1,-0.887854146826514));
#8878=CARTESIAN_POINT('',(-20.1124643770501,21.9,-2.38785420643116));
#8879=CARTESIAN_POINT('',(-20.1124643770501,22.1,-0.443927073413257));
#8880=CARTESIAN_POINT('',(-20.1124643770501,21.9,0.61214591277813));
#8881=CARTESIAN_POINT('Origin',(-22.1124644813582,22.1,0.61214591277813));
#8882=CARTESIAN_POINT('',(-24.1124645856663,22.1,0.61214591277813));
#8883=CARTESIAN_POINT('',(-33.0562322406791,22.1,0.61214591277813));
#8884=CARTESIAN_POINT('',(-24.1124645856663,21.9,0.61214591277813));
#8885=CARTESIAN_POINT('Origin',(-24.1124645856663,22.1,-0.887854146826514));
#8886=CARTESIAN_POINT('',(-24.1124645856663,22.1,-2.38785420643116));
#8887=CARTESIAN_POINT('',(-24.1124645856663,22.1,-0.443927073413257));
#8888=CARTESIAN_POINT('',(-24.1124645856663,21.9,-2.38785420643116));
#8889=CARTESIAN_POINT('Origin',(-22.1124644813582,22.1,-2.38785420643116));
#8890=CARTESIAN_POINT('',(-33.0562322406791,22.1,-2.38785420643116));
#8891=CARTESIAN_POINT('Origin',(-20.1124643770501,22.1,-2.88785402761722));
#8892=CARTESIAN_POINT('',(-20.1124643770501,22.1,-3.38785384880329));
#8893=CARTESIAN_POINT('',(-20.1124643770501,22.1,-1.44392701380861));
#8894=CARTESIAN_POINT('',(-20.1124643770501,21.9,-3.38785384880329));
#8895=CARTESIAN_POINT('Origin',(-22.6124644888088,22.1,-3.38785384880329));
#8896=CARTESIAN_POINT('',(-25.1124646005675,22.1,-3.38785384880329));
#8897=CARTESIAN_POINT('',(-33.3062322444044,22.1,-3.38785384880329));
#8898=CARTESIAN_POINT('',(-25.1124646005675,21.9,-3.38785384880329));
#8899=CARTESIAN_POINT('Origin',(-25.1124646005675,22.1,1.61214615119671));
#8900=CARTESIAN_POINT('',(-25.1124646005675,22.1,6.61214615119671));
#8901=CARTESIAN_POINT('',(-25.1124646005675,22.1,0.806073075598355));
#8902=CARTESIAN_POINT('',(-25.1124646005675,21.9,6.61214615119671));
#8903=CARTESIAN_POINT('Origin',(-24.6124645931169,22.1,6.61214615119671));
#8904=CARTESIAN_POINT('',(-24.1124645856663,22.1,6.61214615119671));
#8905=CARTESIAN_POINT('',(-34.3062322965585,22.1,6.61214615119671));
#8906=CARTESIAN_POINT('',(-24.1124645856663,21.9,6.61214615119671));
#8907=CARTESIAN_POINT('Origin',(-24.1124645856663,22.1,4.11214615119671));
#8908=CARTESIAN_POINT('',(-24.1124645856663,22.1,1.61214615119671));
#8909=CARTESIAN_POINT('',(-24.1124645856663,22.1,2.05607307559835));
#8910=CARTESIAN_POINT('',(-24.1124645856663,21.9,1.61214615119671));
#8911=CARTESIAN_POINT('Origin',(-22.1124644813582,22.1,1.61214615119671));
#8912=CARTESIAN_POINT('',(-20.1124643770501,22.1,1.61214615119671));
#8913=CARTESIAN_POINT('',(-33.0562322406791,22.1,1.61214615119671));
#8914=CARTESIAN_POINT('',(-20.1124643770501,21.9,1.61214615119671));
#8915=CARTESIAN_POINT('Origin',(-20.1124643770501,22.1,1.11214603198742));
#8916=CARTESIAN_POINT('',(-20.1124643770501,22.1,0.55607301599371));
#8917=CARTESIAN_POINT('Origin',(21.8875349076942,22.1,-2.88785402761722));
#8918=CARTESIAN_POINT('',(21.8875349076942,22.1,-2.38785420643116));
#8919=CARTESIAN_POINT('',(21.8875349076942,21.9,-2.38785420643116));
#8920=CARTESIAN_POINT('',(21.8875349076942,22.1,-3.38785384880329));
#8921=CARTESIAN_POINT('',(21.8875349076942,22.1,-1.44392701380861));
#8922=CARTESIAN_POINT('',(21.8875349076942,21.9,-3.38785384880329));
#8923=CARTESIAN_POINT('Origin',(18.3875358613685,22.1,-3.38785384880329));
#8924=CARTESIAN_POINT('',(14.8875368150428,22.1,-3.38785384880329));
#8925=CARTESIAN_POINT('',(-12.8062320693158,22.1,-3.38785384880329));
#8926=CARTESIAN_POINT('',(14.8875368150428,21.9,-3.38785384880329));
#8927=CARTESIAN_POINT('Origin',(14.8875368150428,22.1,-2.88785402761722));
#8928=CARTESIAN_POINT('',(14.8875368150428,22.1,-2.38785420643116));
#8929=CARTESIAN_POINT('',(14.8875368150428,22.1,-1.44392701380861));
#8930=CARTESIAN_POINT('',(14.8875368150428,21.9,-2.38785420643116));
#8931=CARTESIAN_POINT('Origin',(16.3875377687171,22.1,-2.38785420643116));
#8932=CARTESIAN_POINT('',(17.8875387223914,22.1,-2.38785420643116));
#8933=CARTESIAN_POINT('',(-13.8062311156414,22.1,-2.38785420643116));
#8934=CARTESIAN_POINT('',(17.8875387223914,21.9,-2.38785420643116));
#8935=CARTESIAN_POINT('Origin',(17.8875387223914,22.1,2.11214597238278));
#8936=CARTESIAN_POINT('',(17.8875387223914,22.1,6.61214615119671));
#8937=CARTESIAN_POINT('',(17.8875387223914,22.1,1.05607298619139));
#8938=CARTESIAN_POINT('',(17.8875387223914,21.9,6.61214615119671));
#8939=CARTESIAN_POINT('Origin',(18.3875358613685,22.1,6.61214615119671));
#8940=CARTESIAN_POINT('',(18.8875330003455,22.1,6.61214615119671));
#8941=CARTESIAN_POINT('',(-12.8062320693158,22.1,6.61214615119671));
#8942=CARTESIAN_POINT('',(18.8875330003455,21.9,6.61214615119671));
#8943=CARTESIAN_POINT('Origin',(18.8875330003455,22.1,2.11214597238278));
#8944=CARTESIAN_POINT('',(18.8875330003455,22.1,-2.38785420643116));
#8945=CARTESIAN_POINT('',(18.8875330003455,22.1,1.05607298619139));
#8946=CARTESIAN_POINT('',(18.8875330003455,21.9,-2.38785420643116));
#8947=CARTESIAN_POINT('Origin',(20.3875339540199,22.1,-2.38785420643116));
#8948=CARTESIAN_POINT('',(-11.8062330229901,22.1,-2.38785420643116));
#8949=CARTESIAN_POINT('Origin',(-11.1124646154687,22.1,6.11214603198742));
#8950=CARTESIAN_POINT('',(-11.1124646154687,22.1,6.61214615119671));
#8951=CARTESIAN_POINT('',(-11.1124646154687,21.9,6.61214615119671));
#8952=CARTESIAN_POINT('',(-11.1124646154687,22.1,5.61214591277813));
#8953=CARTESIAN_POINT('',(-11.1124646154687,22.1,3.05607301599371));
#8954=CARTESIAN_POINT('',(-11.1124646154687,21.9,5.61214591277813));
#8955=CARTESIAN_POINT('Origin',(-12.1124648538872,22.1,5.61214591277813));
#8956=CARTESIAN_POINT('',(-13.1124650923058,22.1,5.61214591277813));
#8957=CARTESIAN_POINT('',(-28.0562324269436,22.1,5.61214591277813));
#8958=CARTESIAN_POINT('',(-13.1124650923058,21.9,5.61214591277813));
#8959=CARTESIAN_POINT('Origin',(-13.1124650923058,22.1,2.11214597238278));
#8960=CARTESIAN_POINT('',(-13.1124650923058,22.1,-1.38785396801258));
#8961=CARTESIAN_POINT('',(-13.1124650923058,22.1,1.05607298619139));
#8962=CARTESIAN_POINT('',(-13.1124650923058,21.9,-1.38785396801258));
#8963=CARTESIAN_POINT('Origin',(-14.112464734678,22.1,-1.38785396801258));
#8964=CARTESIAN_POINT('',(-15.1124643770501,22.1,-1.38785396801258));
#8965=CARTESIAN_POINT('',(-29.056232367339,22.1,-1.38785396801258));
#8966=CARTESIAN_POINT('',(-15.1124643770501,21.9,-1.38785396801258));
#8967=CARTESIAN_POINT('Origin',(-15.1124643770501,22.1,-0.887853848803291));
#8968=CARTESIAN_POINT('',(-15.1124643770501,22.1,-0.387853729594001));
#8969=CARTESIAN_POINT('',(-15.1124643770501,22.1,-0.443926924401645));
#8970=CARTESIAN_POINT('',(-15.1124643770501,21.9,-0.387853729594001));
#8971=CARTESIAN_POINT('Origin',(-14.6124642578408,22.1,-0.387853729594001));
#8972=CARTESIAN_POINT('',(-14.1124641386315,22.1,-0.387853729594001));
#8973=CARTESIAN_POINT('',(-29.3062321289204,22.1,-0.387853729594001));
#8974=CARTESIAN_POINT('',(-14.1124641386315,21.9,-0.387853729594001));
#8975=CARTESIAN_POINT('Origin',(-14.1124641386315,22.1,2.61214609159206));
#8976=CARTESIAN_POINT('',(-14.1124641386315,22.1,5.61214591277813));
#8977=CARTESIAN_POINT('',(-14.1124641386315,22.1,1.30607304579603));
#8978=CARTESIAN_POINT('',(-14.1124641386315,21.9,5.61214591277813));
#8979=CARTESIAN_POINT('Origin',(-15.1124643770501,22.1,5.61214591277813));
#8980=CARTESIAN_POINT('',(-16.1124646154687,22.1,5.61214591277813));
#8981=CARTESIAN_POINT('',(-29.556232188525,22.1,5.61214591277813));
#8982=CARTESIAN_POINT('',(-16.1124646154687,21.9,5.61214591277813));
#8983=CARTESIAN_POINT('Origin',(-16.1124646154687,22.1,6.11214603198742));
#8984=CARTESIAN_POINT('',(-16.1124646154687,22.1,6.61214615119671));
#8985=CARTESIAN_POINT('',(-16.1124646154687,22.1,3.05607301599371));
#8986=CARTESIAN_POINT('',(-16.1124646154687,21.9,6.61214615119671));
#8987=CARTESIAN_POINT('Origin',(-13.6124646154687,22.1,6.61214615119671));
#8988=CARTESIAN_POINT('',(-28.8062323077343,22.1,6.61214615119671));
#8989=CARTESIAN_POINT('Origin',(-0.11246556914298,22.1,6.11214603198742));
#8990=CARTESIAN_POINT('',(-0.11246556914298,22.1,5.61214591277813));
#8991=CARTESIAN_POINT('',(-0.11246556914298,21.9,5.61214591277813));
#8992=CARTESIAN_POINT('',(-0.11246556914298,22.1,6.61214615119671));
#8993=CARTESIAN_POINT('',(-0.112465569142977,22.1,3.05607301599371));
#8994=CARTESIAN_POINT('',(-0.11246556914298,21.9,6.61214615119671));
#8995=CARTESIAN_POINT('Origin',(1.88753490769418,22.1,6.61214615119671));
#8996=CARTESIAN_POINT('',(3.88753538453134,22.1,6.61214615119671));
#8997=CARTESIAN_POINT('',(-21.0562325461529,22.1,6.61214615119671));
#8998=CARTESIAN_POINT('',(3.88753538453134,21.9,6.61214615119671));
#8999=CARTESIAN_POINT('Origin',(3.88753538453134,22.1,6.11214603198742));
#9000=CARTESIAN_POINT('',(3.88753538453134,22.1,5.61214591277813));
#9001=CARTESIAN_POINT('',(3.88753538453134,22.1,3.05607301599371));
#9002=CARTESIAN_POINT('',(3.88753538453134,21.9,5.61214591277813));
#9003=CARTESIAN_POINT('Origin',(1.88753490769418,22.1,5.61214591277813));
#9004=CARTESIAN_POINT('',(3.88753538453134,21.9,5.61214591277813));
#9005=CARTESIAN_POINT('',(-21.0562325461529,22.1,5.61214591277813));
#9006=CARTESIAN_POINT('',(-0.11246556914298,21.9,5.61214591277813));
#9007=CARTESIAN_POINT('Origin',(4.38753490769418,22.1,5.61214591277813));
#9008=CARTESIAN_POINT('',(4.88753443085702,22.1,5.61214591277813));
#9009=CARTESIAN_POINT('',(-19.8062325461529,22.1,5.61214591277813));
#9010=CARTESIAN_POINT('',(4.88753443085702,21.9,5.61214591277813));
#9011=CARTESIAN_POINT('Origin',(4.88753443085701,22.1,2.61214609159206));
#9012=CARTESIAN_POINT('',(4.88753443085702,22.1,-0.387853729594001));
#9013=CARTESIAN_POINT('',(4.88753443085701,22.1,1.30607304579603));
#9014=CARTESIAN_POINT('',(4.88753443085702,21.9,-0.387853729594001));
#9015=CARTESIAN_POINT('Origin',(4.38753490769418,22.1,-0.387853729594001));
#9016=CARTESIAN_POINT('',(3.88753538453134,22.1,-0.387853729594001));
#9017=CARTESIAN_POINT('',(-19.8062325461529,22.1,-0.387853729594001));
#9018=CARTESIAN_POINT('',(3.88753538453134,21.9,-0.387853729594001));
#9019=CARTESIAN_POINT('Origin',(3.88753538453133,22.1,2.61214609159206));
#9020=CARTESIAN_POINT('',(3.88753538453134,21.9,-0.387853729594001));
#9021=CARTESIAN_POINT('',(3.88753538453133,22.1,1.30607304579605));
#9022=CARTESIAN_POINT('Origin',(3.88753538453134,22.1,-0.887853848803291));
#9023=CARTESIAN_POINT('',(3.88753538453134,22.1,-1.38785396801258));
#9024=CARTESIAN_POINT('',(3.88753538453134,22.1,-0.443926924401645));
#9025=CARTESIAN_POINT('',(3.88753538453134,21.9,-1.38785396801258));
#9026=CARTESIAN_POINT('Origin',(1.88753490769418,22.1,-1.38785396801258));
#9027=CARTESIAN_POINT('',(-0.11246556914298,22.1,-1.38785396801258));
#9028=CARTESIAN_POINT('',(-21.0562325461529,22.1,-1.38785396801258));
#9029=CARTESIAN_POINT('',(-0.11246556914298,21.9,-1.38785396801258));
#9030=CARTESIAN_POINT('Origin',(-0.11246556914298,22.1,-0.887853848803291));
#9031=CARTESIAN_POINT('',(-0.11246556914298,22.1,-0.387853729594001));
#9032=CARTESIAN_POINT('',(-0.112465569142977,22.1,-0.443926924401645));
#9033=CARTESIAN_POINT('',(-0.11246556914298,21.9,-0.387853729594001));
#9034=CARTESIAN_POINT('Origin',(1.88753490769418,22.1,-0.387853729594001));
#9035=CARTESIAN_POINT('',(-0.11246556914298,21.9,-0.387853729594001));
#9036=CARTESIAN_POINT('',(-21.0562325461529,22.1,-0.387853729594001));
#9037=CARTESIAN_POINT('Origin',(-0.112465569142983,22.1,2.61214609159206));
#9038=CARTESIAN_POINT('',(-0.112465569142985,22.1,1.30607304579602));
#9039=CARTESIAN_POINT('Origin',(-0.612465092305822,22.1,-0.387853729594001));
#9040=CARTESIAN_POINT('',(-1.11246461546866,22.1,-0.387853729594001));
#9041=CARTESIAN_POINT('',(-22.3062325461529,22.1,-0.387853729594001));
#9042=CARTESIAN_POINT('',(-1.11246461546866,21.9,-0.387853729594001));
#9043=CARTESIAN_POINT('Origin',(-1.11246461546867,22.1,2.61214609159206));
#9044=CARTESIAN_POINT('',(-1.11246461546866,22.1,5.61214591277813));
#9045=CARTESIAN_POINT('',(-1.11246461546867,22.1,1.30607304579604));
#9046=CARTESIAN_POINT('',(-1.11246461546866,21.9,5.61214591277813));
#9047=CARTESIAN_POINT('Origin',(-0.612465092305822,22.1,5.61214591277813));
#9048=CARTESIAN_POINT('',(-22.3062325461529,22.1,5.61214591277813));
#9049=CARTESIAN_POINT('Origin',(26.8875349076942,22.1,1.11214603198742));
#9050=CARTESIAN_POINT('',(26.8875349076942,22.1,0.61214591277813));
#9051=CARTESIAN_POINT('',(26.8875349076942,21.9,0.61214591277813));
#9052=CARTESIAN_POINT('',(26.8875349076942,22.1,1.61214615119671));
#9053=CARTESIAN_POINT('',(26.8875349076942,22.1,0.55607301599371));
#9054=CARTESIAN_POINT('',(26.8875349076942,21.9,1.61214615119671));
#9055=CARTESIAN_POINT('Origin',(27.3875368150428,22.1,1.61214615119671));
#9056=CARTESIAN_POINT('',(26.8875349076942,21.9,1.61214615119671));
#9057=CARTESIAN_POINT('',(27.8875387223914,22.1,1.61214615119671));
#9058=CARTESIAN_POINT('',(-8.3062315924786,22.1,1.61214615119671));
#9059=CARTESIAN_POINT('',(27.8875387223914,21.9,1.61214615119671));
#9060=CARTESIAN_POINT('Origin',(27.8875387223914,22.1,1.11214603198742));
#9061=CARTESIAN_POINT('',(27.8875387223914,22.1,0.61214591277813));
#9062=CARTESIAN_POINT('',(27.8875387223914,22.1,0.55607301599371));
#9063=CARTESIAN_POINT('',(27.8875387223914,21.9,0.61214591277813));
#9064=CARTESIAN_POINT('Origin',(27.3875368150428,22.1,0.61214591277813));
#9065=CARTESIAN_POINT('',(27.8875387223914,21.9,0.61214591277813));
#9066=CARTESIAN_POINT('',(-8.3062315924786,22.1,0.61214591277813));
#9067=CARTESIAN_POINT('Origin',(28.3875358613685,22.1,0.61214591277813));
#9068=CARTESIAN_POINT('',(28.8875330003455,22.1,0.61214591277813));
#9069=CARTESIAN_POINT('',(-7.80623206931575,22.1,0.61214591277813));
#9070=CARTESIAN_POINT('',(28.8875330003455,21.9,0.61214591277813));
#9071=CARTESIAN_POINT('Origin',(28.8875330003455,22.1,-0.387854027617225));
#9072=CARTESIAN_POINT('',(28.8875330003455,22.1,-1.38785396801258));
#9073=CARTESIAN_POINT('',(28.8875330003455,22.1,-0.193927013808612));
#9074=CARTESIAN_POINT('',(28.8875330003455,21.9,-1.38785396801258));
#9075=CARTESIAN_POINT('Origin',(28.3875358613685,22.1,-1.38785396801258));
#9076=CARTESIAN_POINT('',(28.8875330003455,21.9,-1.38785396801258));
#9077=CARTESIAN_POINT('',(27.8875387223914,22.1,-1.38785396801258));
#9078=CARTESIAN_POINT('',(-7.80623206931575,22.1,-1.38785396801258));
#9079=CARTESIAN_POINT('',(27.8875387223914,21.9,-1.38785396801258));
#9080=CARTESIAN_POINT('Origin',(27.8875387223914,22.1,-0.387854027617224));
#9081=CARTESIAN_POINT('',(27.8875387223914,22.1,-0.193927013808612));
#9082=CARTESIAN_POINT('Origin',(29.3875349076942,22.1,-1.38785396801258));
#9083=CARTESIAN_POINT('',(29.8875368150428,22.1,-1.38785396801258));
#9084=CARTESIAN_POINT('',(-7.30623254615291,22.1,-1.38785396801258));
#9085=CARTESIAN_POINT('',(29.8875368150428,21.9,-1.38785396801258));
#9086=CARTESIAN_POINT('Origin',(29.8875368150428,22.1,-2.38785390840794));
#9087=CARTESIAN_POINT('',(29.8875368150428,22.1,-3.38785384880329));
#9088=CARTESIAN_POINT('',(29.8875368150428,22.1,-1.19392695420397));
#9089=CARTESIAN_POINT('',(29.8875368150428,21.9,-3.38785384880329));
#9090=CARTESIAN_POINT('Origin',(29.3875349076942,22.1,-3.38785384880329));
#9091=CARTESIAN_POINT('',(28.8875330003455,22.1,-3.38785384880329));
#9092=CARTESIAN_POINT('',(-7.30623254615291,22.1,-3.38785384880329));
#9093=CARTESIAN_POINT('',(28.8875330003455,21.9,-3.38785384880329));
#9094=CARTESIAN_POINT('Origin',(28.8875330003455,22.1,-2.38785390840793));
#9095=CARTESIAN_POINT('',(28.8875330003455,22.1,-1.19392695420397));
#9096=CARTESIAN_POINT('Origin',(26.3875377687171,22.1,1.61214615119671));
#9097=CARTESIAN_POINT('',(25.8875406297401,22.1,1.61214615119671));
#9098=CARTESIAN_POINT('',(-8.80623111564144,22.1,1.61214615119671));
#9099=CARTESIAN_POINT('',(25.8875406297401,21.9,1.61214615119671));
#9100=CARTESIAN_POINT('Origin',(25.8875406297401,22.1,4.11214615119671));
#9101=CARTESIAN_POINT('',(25.8875406297401,21.9,1.61214615119671));
#9102=CARTESIAN_POINT('',(25.8875406297401,22.1,6.61214615119671));
#9103=CARTESIAN_POINT('',(25.8875406297401,22.1,2.05607307559835));
#9104=CARTESIAN_POINT('',(25.8875406297401,21.9,6.61214615119671));
#9105=CARTESIAN_POINT('Origin',(26.3875377687171,22.1,6.61214615119671));
#9106=CARTESIAN_POINT('',(26.8875349076942,22.1,6.61214615119671));
#9107=CARTESIAN_POINT('',(-8.80623111564144,22.1,6.61214615119671));
#9108=CARTESIAN_POINT('',(26.8875349076942,21.9,6.61214615119671));
#9109=CARTESIAN_POINT('Origin',(26.8875349076942,22.1,4.11214615119671));
#9110=CARTESIAN_POINT('',(26.8875349076942,22.1,2.05607307559835));
#9111=CARTESIAN_POINT('Origin',(25.8875406297401,22.1,1.11214603198742));
#9112=CARTESIAN_POINT('',(25.8875406297401,22.1,0.61214591277813));
#9113=CARTESIAN_POINT('',(25.8875406297401,22.1,0.55607301599371));
#9114=CARTESIAN_POINT('',(25.8875406297401,21.9,0.61214591277813));
#9115=CARTESIAN_POINT('Origin',(25.3875387223914,22.1,0.61214591277813));
#9116=CARTESIAN_POINT('',(24.8875368150428,22.1,0.61214591277813));
#9117=CARTESIAN_POINT('',(-9.30623063880428,22.1,0.61214591277813));
#9118=CARTESIAN_POINT('',(24.8875368150428,21.9,0.61214591277813));
#9119=CARTESIAN_POINT('Origin',(24.8875368150428,22.1,1.11214603198742));
#9120=CARTESIAN_POINT('',(24.8875368150428,21.9,0.61214591277813));
#9121=CARTESIAN_POINT('',(24.8875368150428,22.1,1.61214615119671));
#9122=CARTESIAN_POINT('',(24.8875368150428,22.1,0.55607301599371));
#9123=CARTESIAN_POINT('',(24.8875368150428,21.9,1.61214615119671));
#9124=CARTESIAN_POINT('Origin',(25.3875387223914,22.1,1.61214615119671));
#9125=CARTESIAN_POINT('',(-9.30623063880428,22.1,1.61214615119671));
#9126=CARTESIAN_POINT('Origin',(24.8875368150428,22.1,-0.387854027617225));
#9127=CARTESIAN_POINT('',(24.8875368150428,22.1,-1.38785396801258));
#9128=CARTESIAN_POINT('',(24.8875368150428,22.1,-0.193927013809071));
#9129=CARTESIAN_POINT('',(24.8875368150428,21.9,-1.38785396801258));
#9130=CARTESIAN_POINT('Origin',(24.3875349076942,22.1,-1.38785396801258));
#9131=CARTESIAN_POINT('',(23.8875330003455,22.1,-1.38785396801258));
#9132=CARTESIAN_POINT('',(-9.80623254615291,22.1,-1.38785396801258));
#9133=CARTESIAN_POINT('',(23.8875330003455,22.1,-1.38785396801258));
#9134=CARTESIAN_POINT('Origin',(23.8875330003455,22.1,-0.387854027617224));
#9135=CARTESIAN_POINT('',(23.8875330003455,22.1,-1.38785396801258));
#9136=CARTESIAN_POINT('',(23.8875330003455,22.1,0.61214591277813));
#9137=CARTESIAN_POINT('',(23.8875330003455,22.1,-0.193927013808612));
#9138=CARTESIAN_POINT('',(23.8875330003455,21.9,0.61214591277813));
#9139=CARTESIAN_POINT('Origin',(24.3875349076942,22.1,0.61214591277813));
#9140=CARTESIAN_POINT('',(-9.80623254615291,22.1,0.61214591277813));
#9141=CARTESIAN_POINT('Origin',(23.8875330003455,22.1,-2.38785390840794));
#9142=CARTESIAN_POINT('',(23.8875330003455,22.1,-3.38785384880329));
#9143=CARTESIAN_POINT('',(23.8875330003455,22.1,-1.19392695420397));
#9144=CARTESIAN_POINT('',(23.8875330003455,21.9,-3.38785384880329));
#9145=CARTESIAN_POINT('Origin',(23.3875358613685,22.1,-3.38785384880329));
#9146=CARTESIAN_POINT('',(22.8875387223914,22.1,-3.38785384880329));
#9147=CARTESIAN_POINT('',(-10.3062320693158,22.1,-3.38785384880329));
#9148=CARTESIAN_POINT('',(22.8875387223914,21.9,-3.38785384880329));
#9149=CARTESIAN_POINT('Origin',(22.8875387223914,22.1,-2.38785390840793));
#9150=CARTESIAN_POINT('',(22.8875387223914,22.1,-1.38785396801258));
#9151=CARTESIAN_POINT('',(22.8875387223914,22.1,-1.19392695420397));
#9152=CARTESIAN_POINT('',(22.8875387223914,21.9,-1.38785396801258));
#9153=CARTESIAN_POINT('Origin',(23.3875358613685,22.1,-1.38785396801258));
#9154=CARTESIAN_POINT('',(-10.3062320693158,22.1,-1.38785396801258));
#9155=CARTESIAN_POINT('Origin',(13.8875353845313,22.1,-2.88785402761722));
#9156=CARTESIAN_POINT('',(13.8875353845313,22.1,-2.38785420643116));
#9157=CARTESIAN_POINT('',(13.8875353845313,21.9,-2.38785420643116));
#9158=CARTESIAN_POINT('',(13.8875353845313,22.1,-3.38785384880329));
#9159=CARTESIAN_POINT('',(13.8875353845313,22.1,-1.44392701380861));
#9160=CARTESIAN_POINT('',(13.8875353845313,21.9,-3.38785384880329));
#9161=CARTESIAN_POINT('Origin',(10.3875351461128,22.1,-3.38785384880329));
#9162=CARTESIAN_POINT('',(6.88753490769418,22.1,-3.38785384880329));
#9163=CARTESIAN_POINT('',(-16.8062324269436,22.1,-3.38785384880329));
#9164=CARTESIAN_POINT('',(6.88753490769418,21.9,-3.38785384880329));
#9165=CARTESIAN_POINT('Origin',(6.88753490769418,22.1,-2.88785402761722));
#9166=CARTESIAN_POINT('',(6.88753490769418,22.1,-2.38785420643116));
#9167=CARTESIAN_POINT('',(6.88753490769418,22.1,-1.44392701380861));
#9168=CARTESIAN_POINT('',(6.88753490769418,21.9,-2.38785420643116));
#9169=CARTESIAN_POINT('Origin',(8.3875346692756,22.1,-2.38785420643116));
#9170=CARTESIAN_POINT('',(9.88753443085702,22.1,-2.38785420643116));
#9171=CARTESIAN_POINT('',(-17.8062326653622,22.1,-2.38785420643116));
#9172=CARTESIAN_POINT('',(9.88753443085702,21.9,-2.38785420643116));
#9173=CARTESIAN_POINT('Origin',(9.88753443085702,22.1,2.11214597238278));
#9174=CARTESIAN_POINT('',(9.88753443085702,22.1,6.61214615119671));
#9175=CARTESIAN_POINT('',(9.88753443085702,22.1,1.05607298619139));
#9176=CARTESIAN_POINT('',(9.88753443085702,21.9,6.61214615119671));
#9177=CARTESIAN_POINT('Origin',(10.3875351461128,22.1,6.61214615119671));
#9178=CARTESIAN_POINT('',(10.8875358613685,22.1,6.61214615119671));
#9179=CARTESIAN_POINT('',(-16.8062324269436,22.1,6.61214615119671));
#9180=CARTESIAN_POINT('',(10.8875358613685,21.9,6.61214615119671));
#9181=CARTESIAN_POINT('Origin',(10.8875358613685,22.1,2.11214597238278));
#9182=CARTESIAN_POINT('',(10.8875358613685,22.1,-2.38785420643116));
#9183=CARTESIAN_POINT('',(10.8875358613685,22.1,1.05607298619139));
#9184=CARTESIAN_POINT('',(10.8875358613685,21.9,-2.38785420643116));
#9185=CARTESIAN_POINT('Origin',(12.3875356229499,22.1,-2.38785420643116));
#9186=CARTESIAN_POINT('',(-15.806232188525,22.1,-2.38785420643116));
#9187=CARTESIAN_POINT('Origin',(-44.,22.1,0.));
#9188=CARTESIAN_POINT('Origin',(-44.,22.1,0.));
#9189=CARTESIAN_POINT('Origin',(-19.15,-1.,36.7));
#9190=CARTESIAN_POINT('',(-21.45,-1.,-37.3));
#9191=CARTESIAN_POINT('',(12.7,-1.,-37.3));
#9192=CARTESIAN_POINT('',(-21.45,-1.,36.7));
#9193=CARTESIAN_POINT('Origin',(24.85,-1.,36.7));
#9194=CARTESIAN_POINT('',(22.55,-1.,-37.3));
#9195=CARTESIAN_POINT('',(34.7,-1.,-37.3));
#9196=CARTESIAN_POINT('',(22.55,-1.,36.7));
#9197=CARTESIAN_POINT('Origin',(2.84999999999998,-1.,36.7));
#9198=CARTESIAN_POINT('',(0.549999999999988,-1.,-37.3));
#9199=CARTESIAN_POINT('',(23.7,-1.,-37.3));
#9200=CARTESIAN_POINT('',(0.549999999999988,-1.,36.7));
#9201=CARTESIAN_POINT('Origin',(-41.15,-1.,36.7));
#9202=CARTESIAN_POINT('',(-43.45,-1.,-37.3));
#9203=CARTESIAN_POINT('',(1.69999999999999,-1.,-37.3));
#9204=CARTESIAN_POINT('',(-43.45,-1.,36.7));
#9205=CARTESIAN_POINT('Origin',(41.05,21.2,36.7));
#9206=CARTESIAN_POINT('Origin',(24.95,19.1,36.7));
#9207=CARTESIAN_POINT('',(24.95,20.4,36.7));
#9208=CARTESIAN_POINT('Origin',(-2.95,21.2,36.7));
#9209=CARTESIAN_POINT('Origin',(-19.05,19.1,36.7));
#9210=CARTESIAN_POINT('',(-19.05,20.4,36.7));
#9211=CARTESIAN_POINT('Origin',(19.05,21.2,36.7));
#9212=CARTESIAN_POINT('Origin',(2.94999999999999,19.1,36.7));
#9213=CARTESIAN_POINT('',(2.94999999999999,20.4,36.7));
#9214=CARTESIAN_POINT('Origin',(-24.95,21.2,36.7));
#9215=CARTESIAN_POINT('Origin',(-41.05,19.1,36.7));
#9216=CARTESIAN_POINT('',(-41.05,20.4,36.7));
#9217=CARTESIAN_POINT('Origin',(41.05,19.1,36.7));
#9218=CARTESIAN_POINT('',(41.05,19.1,-36.3));
#9219=CARTESIAN_POINT('',(41.05,19.1,36.5));
#9220=CARTESIAN_POINT('',(41.05,19.1,-36.3));
#9221=CARTESIAN_POINT('Origin',(-43.45,19.1,36.3));
#9222=CARTESIAN_POINT('',(24.95,19.1,-36.3));
#9223=CARTESIAN_POINT('',(24.95,19.1,36.5));
#9224=CARTESIAN_POINT('',(0.550000000000001,19.1,-36.3));
#9225=CARTESIAN_POINT('Origin',(24.95,20.4,36.7));
#9226=CARTESIAN_POINT('',(24.95,20.4,-36.3));
#9227=CARTESIAN_POINT('',(24.95,20.4,36.7));
#9228=CARTESIAN_POINT('',(24.95,19.1,-36.3));
#9229=CARTESIAN_POINT('Origin',(-2.95,19.1,36.7));
#9230=CARTESIAN_POINT('',(-2.95,19.1,-36.3));
#9231=CARTESIAN_POINT('',(-2.95,19.1,36.5));
#9232=CARTESIAN_POINT('',(-2.95,19.1,-36.3));
#9233=CARTESIAN_POINT('Origin',(-43.45,19.1,36.3));
#9234=CARTESIAN_POINT('',(-19.05,19.1,-36.3));
#9235=CARTESIAN_POINT('',(-19.05,19.1,36.5));
#9236=CARTESIAN_POINT('',(0.550000000000001,19.1,-36.3));
#9237=CARTESIAN_POINT('Origin',(-19.05,20.4,36.7));
#9238=CARTESIAN_POINT('',(-19.05,20.4,-36.3));
#9239=CARTESIAN_POINT('',(-19.05,20.4,36.7));
#9240=CARTESIAN_POINT('',(-19.05,19.1,-36.3));
#9241=CARTESIAN_POINT('Origin',(19.05,19.1,36.7));
#9242=CARTESIAN_POINT('',(19.05,19.1,-36.3));
#9243=CARTESIAN_POINT('',(19.05,19.1,36.5));
#9244=CARTESIAN_POINT('',(19.05,19.1,-36.3));
#9245=CARTESIAN_POINT('Origin',(-43.45,19.1,36.3));
#9246=CARTESIAN_POINT('',(2.95,19.1,-36.3));
#9247=CARTESIAN_POINT('',(2.94999999999999,19.1,36.5));
#9248=CARTESIAN_POINT('',(0.550000000000001,19.1,-36.3));
#9249=CARTESIAN_POINT('Origin',(2.94999999999999,20.4,36.7));
#9250=CARTESIAN_POINT('',(2.94999999999999,20.4,-36.3));
#9251=CARTESIAN_POINT('',(2.94999999999999,20.4,36.7));
#9252=CARTESIAN_POINT('',(2.94999999999999,19.1,-36.3));
#9253=CARTESIAN_POINT('Origin',(-24.95,19.1,36.7));
#9254=CARTESIAN_POINT('',(-24.95,19.1,-36.3));
#9255=CARTESIAN_POINT('',(-24.95,19.1,36.5));
#9256=CARTESIAN_POINT('',(-24.95,20.4,-36.3));
#9257=CARTESIAN_POINT('Origin',(-43.45,19.1,36.3));
#9258=CARTESIAN_POINT('',(-41.05,19.1,-36.3));
#9259=CARTESIAN_POINT('',(-41.05,19.1,36.5));
#9260=CARTESIAN_POINT('',(0.550000000000001,19.1,-36.3));
#9261=CARTESIAN_POINT('Origin',(-41.05,20.4,36.7));
#9262=CARTESIAN_POINT('',(-41.05,20.4,-36.3));
#9263=CARTESIAN_POINT('',(-41.05,20.4,36.7));
#9264=CARTESIAN_POINT('',(-41.05,19.1,-36.3));
#9265=CARTESIAN_POINT('Origin',(0.549999999999997,20.4,36.7));
#9266=CARTESIAN_POINT('',(0.549999999999997,20.4,-36.3));
#9267=CARTESIAN_POINT('',(0.549999999999997,20.4,36.7));
#9268=CARTESIAN_POINT('',(0.549999999999997,20.4,-36.3));
#9269=CARTESIAN_POINT('Origin',(22.55,20.4,36.7));
#9270=CARTESIAN_POINT('',(22.55,20.4,-36.3));
#9271=CARTESIAN_POINT('',(22.55,20.4,36.7));
#9272=CARTESIAN_POINT('',(22.55,20.4,-36.3));
#9273=CARTESIAN_POINT('Origin',(-21.45,20.4,36.7));
#9274=CARTESIAN_POINT('',(-21.45,20.4,-36.3));
#9275=CARTESIAN_POINT('',(-21.45,20.4,36.7));
#9276=CARTESIAN_POINT('',(-21.45,20.4,-36.3));
#9277=CARTESIAN_POINT('Origin',(-43.5000006482005,20.4,36.7));
#9278=CARTESIAN_POINT('',(-43.5000006482005,20.4,-36.3));
#9279=CARTESIAN_POINT('',(-43.5000006482005,20.4,36.7));
#9280=CARTESIAN_POINT('',(-41.05,20.4,-36.3));
#9281=CARTESIAN_POINT('Origin',(-43.45,19.1,36.7));
#9282=CARTESIAN_POINT('',(-43.45,19.1,-36.3));
#9283=CARTESIAN_POINT('',(-43.45,19.1,36.3));
#9284=CARTESIAN_POINT('',(-43.5000006482005,20.4,-36.3));
#9285=CARTESIAN_POINT('Origin',(-44.,22.1,0.));
#9286=CARTESIAN_POINT('',(0.274999999999999,22.1,-37.3));
#9287=CARTESIAN_POINT('Origin',(44.55,20.6,-36.3));
#9288=CARTESIAN_POINT('',(-43.45,5.7,-36.3));
#9289=CARTESIAN_POINT('',(-43.45,11.05,-36.3));
#9290=CARTESIAN_POINT('',(-44.55,5.7,-36.3));
#9291=CARTESIAN_POINT('Origin',(44.55,20.6,-36.3));
#9292=CARTESIAN_POINT('',(22.55,5.7,-36.3));
#9293=CARTESIAN_POINT('',(22.55,19.1,-36.3));
#9294=CARTESIAN_POINT('',(-44.55,5.7,-36.3));
#9295=CARTESIAN_POINT('Origin',(44.55,20.6,-36.3));
#9296=CARTESIAN_POINT('',(0.549999999999997,5.7,-36.3));
#9297=CARTESIAN_POINT('',(0.549999999999997,19.1,-36.3));
#9298=CARTESIAN_POINT('',(-44.55,5.7,-36.3));
#9299=CARTESIAN_POINT('Origin',(0.,5.7,-36.8));
#9300=CARTESIAN_POINT('',(22.55,5.7,-37.3));
#9301=CARTESIAN_POINT('',(22.55,5.7,-0.249999999999999));
#9302=CARTESIAN_POINT('',(44.55,5.7,-37.3));
#9303=CARTESIAN_POINT('Origin',(0.,5.7,-36.8));
#9304=CARTESIAN_POINT('',(0.549999999999997,5.7,-37.3));
#9305=CARTESIAN_POINT('',(0.549999999999997,5.7,-0.249999999999999));
#9306=CARTESIAN_POINT('',(44.55,5.7,-37.3));
#9307=CARTESIAN_POINT('Origin',(0.,5.7,-36.8));
#9308=CARTESIAN_POINT('',(-43.45,5.7,-37.3));
#9309=CARTESIAN_POINT('',(-43.45,5.7,-0.249999999999999));
#9310=CARTESIAN_POINT('',(44.55,5.7,-37.3));
#9311=CARTESIAN_POINT('Origin',(0.,5.7,-36.8));
#9312=CARTESIAN_POINT('',(-21.45,5.7,-37.3));
#9313=CARTESIAN_POINT('',(-21.45,5.7,-36.3));
#9314=CARTESIAN_POINT('',(-21.45,5.7,-0.249999999999999));
#9315=CARTESIAN_POINT('',(44.55,5.7,-37.3));
#9316=CARTESIAN_POINT('',(-44.55,5.7,-36.3));
#9317=CARTESIAN_POINT('Origin',(44.55,20.6,-36.3));
#9318=CARTESIAN_POINT('',(-21.45,19.1,-36.3));
#9319=CARTESIAN_POINT('Origin',(0.549999999999997,1.5,36.3));
#9320=CARTESIAN_POINT('',(0.549999999999997,0.75,-37.3));
#9321=CARTESIAN_POINT('Origin',(44.55,0.,-37.3));
#9322=CARTESIAN_POINT('',(22.55,0.75,-37.3));
#9323=CARTESIAN_POINT('',(-21.45,0.75,-37.3));
#9324=CARTESIAN_POINT('',(-43.45,0.75,-37.3));
#9325=CARTESIAN_POINT('Origin',(22.55,1.5,36.3));
#9326=CARTESIAN_POINT('Origin',(-21.45,1.5,36.3));
#9327=CARTESIAN_POINT('Origin',(-43.45,1.5,36.3));
#9328=CARTESIAN_POINT('Origin',(44.55,12.8,36.797762429243));
#9329=CARTESIAN_POINT('',(44.55,12.8,36.797762429243));
#9330=CARTESIAN_POINT('Origin',(44.55,12.8,31.9725020661371));
#9331=CARTESIAN_POINT('Origin',(-44.55,12.8,36.7));
#9332=CARTESIAN_POINT('',(-44.55,12.8,36.7));
#9333=CARTESIAN_POINT('Origin',(-44.55,7.8,26.7));
#9334=CARTESIAN_POINT('',(-44.55,7.8,36.7));
#9335=CARTESIAN_POINT('Origin',(-44.55,7.8,36.7));
#9336=UNCERTAINTY_MEASURE_WITH_UNIT(LENGTH_MEASURE(0.01),#9340,
'DISTANCE_ACCURACY_VALUE',
'Maximum model space distance between geometric entities at asserted c
onnectivities');
#9337=UNCERTAINTY_MEASURE_WITH_UNIT(LENGTH_MEASURE(0.01),#9340,
'DISTANCE_ACCURACY_VALUE',
'Maximum model space distance between geometric entities at asserted c
onnectivities');
#9338=(
GEOMETRIC_REPRESENTATION_CONTEXT(3)
GLOBAL_UNCERTAINTY_ASSIGNED_CONTEXT((#9336))
GLOBAL_UNIT_ASSIGNED_CONTEXT((#9340,#9342,#9343))
REPRESENTATION_CONTEXT('','3D')
);
#9339=(
GEOMETRIC_REPRESENTATION_CONTEXT(3)
GLOBAL_UNCERTAINTY_ASSIGNED_CONTEXT((#9337))
GLOBAL_UNIT_ASSIGNED_CONTEXT((#9340,#9342,#9343))
REPRESENTATION_CONTEXT('','3D')
);
#9340=(
LENGTH_UNIT()
NAMED_UNIT(*)
SI_UNIT(.MILLI.,.METRE.)
);
#9341=(
LENGTH_UNIT()
NAMED_UNIT(*)
SI_UNIT($,.METRE.)
);
#9342=(
NAMED_UNIT(*)
PLANE_ANGLE_UNIT()
SI_UNIT($,.RADIAN.)
);
#9343=(
NAMED_UNIT(*)
SI_UNIT($,.STERADIAN.)
SOLID_ANGLE_UNIT()
);
#9344=SHAPE_DEFINITION_REPRESENTATION(#9345,#9346);
#9345=PRODUCT_DEFINITION_SHAPE('',$,#9348);
#9346=SHAPE_REPRESENTATION('',(#5898),#9338);
#9347=PRODUCT_DEFINITION_CONTEXT('part definition',#9352,'design');
#9348=PRODUCT_DEFINITION('PICOTTY-ENCLOSURE','PICOTTY-ENCLOSURE v9',#9349,
#9347);
#9349=PRODUCT_DEFINITION_FORMATION('',$,#9354);
#9350=PRODUCT_RELATED_PRODUCT_CATEGORY('PICOTTY-ENCLOSURE v9',
'PICOTTY-ENCLOSURE v9',(#9354));
#9351=APPLICATION_PROTOCOL_DEFINITION('international standard',
'automotive_design',2009,#9352);
#9352=APPLICATION_CONTEXT(
'Core Data for Automotive Mechanical Design Process');
#9353=PRODUCT_CONTEXT('part definition',#9352,'mechanical');
#9354=PRODUCT('PICOTTY-ENCLOSURE','PICOTTY-ENCLOSURE v9',$,(#9353));
#9355=PRESENTATION_STYLE_ASSIGNMENT((#9357));
#9356=PRESENTATION_STYLE_ASSIGNMENT((#9358));
#9357=SURFACE_STYLE_USAGE(.BOTH.,#9359);
#9358=SURFACE_STYLE_USAGE(.BOTH.,#9360);
#9359=SURFACE_SIDE_STYLE('',(#9361));
#9360=SURFACE_SIDE_STYLE('',(#9362));
#9361=SURFACE_STYLE_FILL_AREA(#9363);
#9362=SURFACE_STYLE_FILL_AREA(#9364);
#9363=FILL_AREA_STYLE('Steel - Satin',(#9365));
#9364=FILL_AREA_STYLE('ABS (White)',(#9366));
#9365=FILL_AREA_STYLE_COLOUR('Steel - Satin',#9367);
#9366=FILL_AREA_STYLE_COLOUR('ABS (White)',#9368);
#9367=COLOUR_RGB('Steel - Satin',0.627450980392157,0.627450980392157,0.627450980392157);
#9368=COLOUR_RGB('ABS (White)',0.964705882352941,0.964705882352941,0.952941176470588);
ENDSEC;
END-ISO-10303-21;
